Row ID,Order ID,Order Date,Ship Date,Ship Mode,Customer ID,Customer Name,Segment,Region,Category,Sub-Category,Quantity,Discount,Sales,Profit
1,ORD-1001,2024-10-16,2024-10-20,Second Class,CUST-1000,Navya Verma,Corporate,West,Furniture,Tables,10,0.1,4131.97,330.56
2,ORD-1002,2024-10-27,2024-10-31,Standard Class,CUST-1001,Sai Chopra,Corporate,South,Office Supplies,Storage,7,0.0,160.16,35.24
3,ORD-1003,2024-09-10,2024-09-14,Standard Class,CUST-1002,Navya Patel,Home Office,North,Office Supplies,Binders,11,0.15,1093.53,174.96
4,ORD-1004,2023-10-24,2023-10-28,Second Class,CUST-1003,Diya Gupta,Consumer,West,Technology,Copiers,6,0.15,6117.57,550.58
5,ORD-1005,2023-06-17,2023-06-19,First Class,CUST-1004,Vivaan Singh,Corporate,North,Technology,Accessories,1,0.2,137.22,9.61
6,ORD-1006,2024-10-20,2024-10-24,Standard Class,CUST-1005,Riya Nair,Corporate,North,Furniture,Bookcases,6,0.0,1559.06,187.09
7,ORD-1007,2024-10-04,2024-10-04,Same Day,CUST-1006,Anika Patel,Consumer,East,Office Supplies,Art,9,0.15,54.32,8.69
8,ORD-1008,2023-04-25,2023-04-28,Second Class,CUST-1007,Anika Desai,Home Office,North,Furniture,Bookcases,2,0.1,1540.02,123.2
9,ORD-1009,2024-09-05,2024-09-10,Standard Class,CUST-1008,Riya Verma,Consumer,North,Technology,Machines,2,0.1,2848.07,313.29
10,ORD-1010,2024-07-16,2024-07-18,Second Class,CUST-1009,Reyansh Chopra,Home Office,East,Office Supplies,Paper,5,0.2,386.55,54.12
11,ORD-1011,2023-08-19,2023-08-26,Standard Class,CUST-1010,Vivaan Singh,Consumer,North,Office Supplies,Labels,2,0.0,207.72,45.7
12,ORD-1012,2024-08-07,2024-08-11,Standard Class,CUST-1011,Aadhya Reddy,Consumer,North,Office Supplies,Art,7,0.15,697.52,111.6
13,ORD-1013,2023-12-14,2023-12-18,Standard Class,CUST-1012,Kiara Singh,Consumer,North,Furniture,Furnishings,2,0.0,886.73,106.41
14,ORD-1014,2023-06-20,2023-06-27,Standard Class,CUST-1013,Saanvi Patel,Consumer,South,Technology,Phones,8,0.15,8474.54,762.71
15,ORD-1015,2023-10-31,2023-11-05,Standard Class,CUST-1014,Riya Iyer,Corporate,North,Technology,Phones,9,0.1,1156.51,127.22
16,ORD-1016,2024-11-22,2024-11-28,Standard Class,CUST-1015,Aditya Nair,Corporate,South,Technology,Accessories,11,0.0,15458.56,2318.78
17,ORD-1017,2024-02-10,2024-02-12,Second Class,CUST-1016,Riya Verma,Consumer,East,Office Supplies,Binders,2,0.0,126.35,27.8
18,ORD-1018,2023-10-19,2023-10-25,Standard Class,CUST-1017,Vihaan Desai,Corporate,West,Technology,Phones,3,0.0,3379.51,506.93
19,ORD-1019,2023-12-18,2023-12-20,First Class,CUST-1018,Vivaan Verma,Consumer,East,Office Supplies,Art,11,0.15,386.78,61.88
20,ORD-1020,2024-07-28,2024-07-29,First Class,CUST-1019,Riya Kumar,Corporate,North,Technology,Accessories,3,0.3,1579.97,47.4
21,ORD-1021,2024-11-29,2024-12-02,Second Class,CUST-1020,Krishna Rao,Home Office,North,Technology,Copiers,3,0.0,3984.16,597.62
22,ORD-1022,2023-10-01,2023-10-08,Standard Class,CUST-1021,Kiara Reddy,Home Office,East,Office Supplies,Binders,5,0.15,502.34,80.37
23,ORD-1023,2023-10-13,2023-10-19,Standard Class,CUST-1022,Ishaan Gupta,Consumer,South,Office Supplies,Labels,10,0.0,355.29,78.16
24,ORD-1024,2023-07-14,2023-07-21,Standard Class,CUST-1023,Ananya Mehta,Consumer,East,Furniture,Tables,6,0.1,3631.55,290.52
25,ORD-1025,2024-12-14,2024-12-16,First Class,CUST-1024,Ira Mehta,Corporate,North,Office Supplies,Art,5,0.0,504.39,110.97
26,ORD-1026,2024-03-28,2024-04-02,Standard Class,CUST-1025,Ira Reddy,Corporate,South,Technology,Accessories,2,0.0,2051.11,307.67
27,ORD-1027,2023-02-17,2023-02-19,First Class,CUST-1026,Riya Singh,Consumer,South,Technology,Phones,12,0.15,4627.29,416.46
28,ORD-1028,2023-08-13,2023-08-15,First Class,CUST-1027,Vihaan Iyer,Corporate,West,Office Supplies,Binders,3,0.1,237.95,42.83
29,ORD-1029,2024-07-15,2024-07-20,Standard Class,CUST-1028,Ishaan Malhotra,Consumer,North,Technology,Copiers,9,0.15,5911.77,532.06
30,ORD-1030,2023-11-24,2023-11-28,Second Class,CUST-1029,Aditya Nair,Corporate,North,Furniture,Furnishings,7,0.2,2311.7,92.47
31,ORD-1031,2024-08-12,2024-08-12,Same Day,CUST-1030,Aadhya Kumar,Home Office,North,Office Supplies,Art,12,0.1,1128.9,203.2
32,ORD-1032,2023-01-30,2023-02-01,First Class,CUST-1031,Ira Kumar,Home Office,East,Technology,Accessories,1,0.0,1011.35,151.7
33,ORD-1033,2023-07-06,2023-07-07,First Class,CUST-1032,Ishaan Malhotra,Consumer,South,Furniture,Bookcases,7,0.1,1947.8,155.82
34,ORD-1034,2024-10-29,2024-11-03,Standard Class,CUST-1033,Myra Joshi,Corporate,North,Furniture,Chairs,2,0.15,1036.09,62.17
35,ORD-1035,2023-04-21,2023-04-25,Second Class,CUST-1034,Aditya Mehta,Consumer,West,Office Supplies,Art,12,0.0,395.13,86.93
36,ORD-1036,2023-12-22,2023-12-29,Standard Class,CUST-1035,Myra Verma,Consumer,East,Furniture,Bookcases,7,0.15,5801.55,348.09
37,ORD-1037,2024-04-21,2024-04-27,Standard Class,CUST-1036,Kiara Singh,Home Office,East,Office Supplies,Paper,8,0.1,635.09,114.32
38,ORD-1038,2023-08-06,2023-08-13,Standard Class,CUST-1037,Aarav Kumar,Corporate,North,Office Supplies,Labels,4,0.15,335.43,53.67
39,ORD-1039,2023-04-06,2023-04-10,Standard Class,CUST-1038,Aadhya Chopra,Consumer,South,Furniture,Bookcases,9,0.0,3161.24,379.35
40,ORD-1040,2023-11-20,2023-11-23,Second Class,CUST-1039,Ishaan Chopra,Consumer,East,Technology,Accessories,10,0.0,4603.48,690.52
41,ORD-1041,2024-01-05,2024-01-11,Standard Class,CUST-1040,Rohan Chopra,Consumer,North,Office Supplies,Storage,3,0.0,274.71,60.44
42,ORD-1042,2024-03-27,2024-04-02,Standard Class,CUST-1041,Myra Verma,Consumer,West,Office Supplies,Art,10,0.1,108.3,19.49
43,ORD-1043,2023-05-02,2023-05-06,Standard Class,CUST-1042,Kiara Desai,Consumer,South,Office Supplies,Labels,8,0.1,564.0,101.52
44,ORD-1044,2023-06-10,2023-06-15,Standard Class,CUST-1043,Rohan Sharma,Consumer,East,Furniture,Furnishings,4,0.0,1264.98,151.8
45,ORD-1045,2024-03-11,2024-03-18,Standard Class,CUST-1044,Sai Malhotra,Home Office,North,Furniture,Bookcases,5,0.0,2839.68,340.76
46,ORD-1046,2024-12-17,2024-12-21,Standard Class,CUST-1045,Aadhya Chopra,Consumer,North,Office Supplies,Art,6,0.15,45.69,7.31
47,ORD-1047,2024-08-13,2024-08-19,Standard Class,CUST-1046,Riya Nair,Home Office,West,Office Supplies,Art,11,0.0,1280.85,281.79
48,ORD-1048,2023-06-14,2023-06-18,Standard Class,CUST-1047,Kiara Verma,Corporate,East,Office Supplies,Art,6,0.2,103.39,14.47
49,ORD-1049,2024-02-28,2024-03-03,Second Class,CUST-1048,Reyansh Patel,Corporate,South,Office Supplies,Art,9,0.1,332.82,59.91
50,ORD-1050,2024-12-27,2024-12-29,First Class,CUST-1049,Vihaan Iyer,Consumer,East,Office Supplies,Binders,2,0.0,45.41,9.99
51,ORD-1051,2024-04-28,2024-04-30,First Class,CUST-1050,Aditya Patel,Consumer,East,Office Supplies,Labels,7,0.0,669.11,147.2
52,ORD-1052,2023-06-02,2023-06-04,First Class,CUST-1051,Reyansh Chopra,Consumer,South,Office Supplies,Labels,4,0.0,127.44,28.04
53,ORD-1053,2024-10-29,2024-10-31,First Class,CUST-1052,Kiara Verma,Home Office,South,Furniture,Bookcases,9,0.2,6992.72,279.71
54,ORD-1054,2023-09-29,2023-10-01,First Class,CUST-1053,Saanvi Reddy,Home Office,East,Office Supplies,Storage,11,0.0,1015.64,223.44
55,ORD-1055,2024-10-10,2024-10-15,Standard Class,CUST-1054,Vivaan Patel,Home Office,North,Furniture,Bookcases,6,0.1,2254.49,180.36
56,ORD-1056,2023-03-22,2023-03-28,Standard Class,CUST-1055,Kiara Joshi,Home Office,South,Office Supplies,Art,5,0.1,396.18,71.31
57,ORD-1057,2023-03-17,2023-03-23,Standard Class,CUST-1056,Rohan Singh,Corporate,South,Office Supplies,Art,7,0.0,120.86,26.59
58,ORD-1058,2024-11-05,2024-11-09,Second Class,CUST-1057,Rohan Malhotra,Home Office,North,Technology,Phones,4,0.1,3775.61,415.32
59,ORD-1059,2024-10-04,2024-10-10,Standard Class,CUST-1058,Rohan Reddy,Consumer,South,Office Supplies,Labels,12,0.2,316.87,44.36
60,ORD-1060,2023-06-18,2023-06-25,Standard Class,CUST-1059,Vihaan Iyer,Corporate,West,Office Supplies,Storage,2,0.15,221.84,35.49
61,ORD-1061,2023-01-15,2023-01-16,First Class,CUST-1060,Diya Verma,Corporate,North,Office Supplies,Storage,11,0.1,84.06,15.13
62,ORD-1062,2024-10-12,2024-10-18,Standard Class,CUST-1061,Vivaan Patel,Consumer,West,Office Supplies,Art,8,0.0,256.02,56.32
63,ORD-1063,2024-11-01,2024-11-07,Standard Class,CUST-1062,Kiara Iyer,Consumer,South,Office Supplies,Storage,4,0.1,63.73,11.47
64,ORD-1064,2023-10-10,2023-10-14,Standard Class,CUST-1063,Ira Sharma,Consumer,North,Technology,Copiers,1,0.1,225.61,24.82
65,ORD-1065,2024-08-23,2024-08-27,Standard Class,CUST-1064,Ishaan Rao,Corporate,West,Office Supplies,Paper,3,0.0,201.37,44.3
66,ORD-1066,2023-09-01,2023-09-05,Standard Class,CUST-1065,Aditya Iyer,Corporate,North,Office Supplies,Paper,8,0.1,496.81,89.43
67,ORD-1067,2024-04-14,2024-04-20,Standard Class,CUST-1066,Kiara Verma,Consumer,North,Technology,Copiers,2,0.1,451.98,49.72
68,ORD-1068,2024-04-09,2024-04-12,Second Class,CUST-1067,Navya Chopra,Home Office,South,Technology,Phones,4,0.2,2444.11,171.09
69,ORD-1069,2023-11-17,2023-11-21,Standard Class,CUST-1068,Aditya Rao,Corporate,East,Office Supplies,Paper,2,0.2,30.28,4.24
70,ORD-1070,2024-11-17,2024-11-19,Second Class,CUST-1069,Rohan Mehta,Home Office,South,Office Supplies,Art,5,0.15,341.22,54.6
71,ORD-1071,2024-07-23,2024-07-23,Same Day,CUST-1070,Ira Mehta,Home Office,West,Office Supplies,Art,11,0.2,82.92,11.61
72,ORD-1072,2023-10-07,2023-10-14,Standard Class,CUST-1071,Saanvi Verma,Consumer,South,Office Supplies,Binders,3,0.1,339.77,61.16
73,ORD-1073,2023-12-16,2023-12-18,First Class,CUST-1072,Arjun Gupta,Corporate,South,Office Supplies,Labels,10,0.0,143.82,31.64
74,ORD-1074,2023-04-27,2023-04-30,Second Class,CUST-1073,Vivaan Singh,Consumer,North,Office Supplies,Labels,7,0.3,71.98,7.2
75,ORD-1075,2023-12-02,2023-12-05,Second Class,CUST-1074,Anika Kumar,Consumer,South,Office Supplies,Paper,11,0.0,146.18,32.16
76,ORD-1076,2023-11-17,2023-11-21,Standard Class,CUST-1075,Ananya Gupta,Consumer,East,Technology,Copiers,10,0.0,5746.86,862.03
77,ORD-1077,2024-08-26,2024-08-28,Second Class,CUST-1076,Aditya Kumar,Consumer,North,Technology,Machines,11,0.0,14999.47,2249.92
78,ORD-1078,2023-05-30,2023-06-03,Second Class,CUST-1077,Myra Iyer,Consumer,North,Furniture,Chairs,10,0.1,6820.06,545.6
79,ORD-1079,2023-06-04,2023-06-08,Standard Class,CUST-1078,Aditya Patel,Corporate,South,Office Supplies,Storage,8,0.0,92.34,20.31
80,ORD-1080,2024-04-18,2024-04-19,First Class,CUST-1079,Reyansh Reddy,Consumer,West,Technology,Phones,10,0.0,1397.17,209.58
81,ORD-1081,2023-02-10,2023-02-16,Standard Class,CUST-1080,Rohan Nair,Corporate,South,Office Supplies,Labels,7,0.1,564.07,101.53
82,ORD-1082,2023-04-07,2023-04-12,Standard Class,CUST-1081,Riya Joshi,Home Office,South,Office Supplies,Labels,3,0.15,116.54,18.65
83,ORD-1083,2023-11-14,2023-11-16,First Class,CUST-1082,Anika Verma,Corporate,East,Office Supplies,Paper,11,0.0,698.24,153.61
84,ORD-1084,2023-07-16,2023-07-21,Standard Class,CUST-1083,Anika Sharma,Consumer,North,Furniture,Chairs,11,0.0,3917.61,470.11
85,ORD-1085,2024-03-24,2024-03-27,Second Class,CUST-1084,Kiara Singh,Corporate,South,Technology,Copiers,9,0.2,10044.87,703.14
86,ORD-1086,2024-01-27,2024-01-31,Standard Class,CUST-1085,Ishaan Sharma,Corporate,South,Furniture,Tables,11,0.15,4980.26,298.82
87,ORD-1087,2023-06-14,2023-06-16,First Class,CUST-1086,Kiara Desai,Consumer,West,Furniture,Furnishings,6,0.0,5057.92,606.95
88,ORD-1088,2023-08-18,2023-08-22,Standard Class,CUST-1087,Rohan Desai,Corporate,West,Technology,Machines,8,0.0,8584.22,1287.63
89,ORD-1089,2023-09-20,2023-09-27,Standard Class,CUST-1088,Rohan Verma,Consumer,North,Technology,Copiers,1,0.0,953.08,142.96
90,ORD-1090,2024-10-09,2024-10-13,Standard Class,CUST-1089,Riya Nair,Consumer,North,Furniture,Furnishings,3,0.0,1874.35,224.92
91,ORD-1091,2024-01-18,2024-01-22,Second Class,CUST-1090,Vihaan Malhotra,Consumer,North,Technology,Machines,10,0.1,1108.58,121.94
92,ORD-1092,2024-12-13,2024-12-20,Standard Class,CUST-1091,Reyansh Desai,Consumer,North,Furniture,Furnishings,1,0.2,318.46,12.74
93,ORD-1093,2024-10-24,2024-10-28,Second Class,CUST-1092,Aadhya Desai,Consumer,South,Technology,Machines,7,0.3,3889.74,116.69
94,ORD-1094,2024-06-15,2024-06-17,First Class,CUST-1093,Navya Patel,Corporate,North,Office Supplies,Art,6,0.0,256.26,56.38
95,ORD-1095,2023-12-26,2023-12-26,Same Day,CUST-1094,Vivaan Verma,Consumer,East,Technology,Copiers,11,0.15,12727.74,1145.5
96,ORD-1096,2023-02-05,2023-02-10,Standard Class,CUST-1095,Ira Gupta,Consumer,North,Office Supplies,Storage,11,0.0,524.27,115.34
97,ORD-1097,2024-02-12,2024-02-18,Standard Class,CUST-1096,Saanvi Desai,Corporate,North,Technology,Phones,9,0.0,9637.69,1445.65
98,ORD-1098,2023-07-24,2023-07-25,First Class,CUST-1097,Ananya Joshi,Home Office,West,Office Supplies,Art,6,0.0,409.5,90.09
99,ORD-1099,2024-01-06,2024-01-10,Standard Class,CUST-1098,Diya Kumar,Consumer,North,Furniture,Tables,10,0.1,3710.32,296.83
100,ORD-1100,2024-05-05,2024-05-10,Standard Class,CUST-1099,Aditya Iyer,Consumer,West,Technology,Phones,8,0.15,10108.04,909.72
101,ORD-1101,2024-06-14,2024-06-15,First Class,CUST-1100,Rohan Rao,Consumer,North,Office Supplies,Paper,2,0.0,156.06,34.33
102,ORD-1102,2023-06-07,2023-06-14,Standard Class,CUST-1101,Aarav Verma,Home Office,East,Technology,Machines,1,0.0,433.75,65.06
103,ORD-1103,2024-07-12,2024-07-18,Standard Class,CUST-1102,Vivaan Gupta,Consumer,West,Office Supplies,Art,8,0.0,467.29,102.8
104,ORD-1104,2024-02-13,2024-02-18,Standard Class,CUST-1103,Kiara Singh,Consumer,South,Office Supplies,Storage,3,0.1,111.67,20.1
105,ORD-1105,2024-04-23,2024-04-23,Same Day,CUST-1104,Reyansh Mehta,Consumer,South,Furniture,Furnishings,6,0.2,676.23,27.05
106,ORD-1106,2023-04-21,2023-04-27,Standard Class,CUST-1105,Riya Kumar,Consumer,West,Technology,Copiers,4,0.1,2367.6,260.44
107,ORD-1107,2024-02-08,2024-02-15,Standard Class,CUST-1106,Anika Nair,Corporate,West,Office Supplies,Storage,9,0.2,80.16,11.22
108,ORD-1108,2023-12-02,2023-12-08,Standard Class,CUST-1107,Ananya Kumar,Corporate,South,Office Supplies,Labels,9,0.2,731.83,102.46
109,ORD-1109,2024-03-02,2024-03-09,Standard Class,CUST-1108,Riya Mehta,Corporate,West,Technology,Phones,4,0.1,1153.3,126.86
110,ORD-1110,2023-02-02,2023-02-06,Standard Class,CUST-1109,Reyansh Nair,Consumer,East,Furniture,Furnishings,9,0.15,6149.53,368.97
111,ORD-1111,2024-06-15,2024-06-15,Same Day,CUST-1110,Kiara Desai,Consumer,South,Office Supplies,Labels,9,0.15,393.16,62.91
112,ORD-1112,2023-10-13,2023-10-17,Second Class,CUST-1111,Myra Reddy,Corporate,North,Technology,Machines,8,0.0,9626.7,1444.01
113,ORD-1113,2023-05-30,2023-06-03,Second Class,CUST-1112,Myra Singh,Home Office,South,Technology,Machines,4,0.0,3459.7,518.95
114,ORD-1114,2023-09-06,2023-09-13,Standard Class,CUST-1113,Myra Verma,Consumer,West,Furniture,Tables,11,0.3,7127.4,-0.0
115,ORD-1115,2023-10-22,2023-10-29,Standard Class,CUST-1114,Vivaan Desai,Corporate,East,Technology,Phones,3,0.0,4212.56,631.88
116,ORD-1116,2023-10-24,2023-10-30,Standard Class,CUST-1115,Kiara Joshi,Home Office,North,Office Supplies,Binders,9,0.1,936.42,168.56
117,ORD-1117,2023-12-05,2023-12-12,Standard Class,CUST-1116,Rohan Mehta,Consumer,South,Office Supplies,Paper,11,0.2,260.38,36.45
118,ORD-1118,2023-03-30,2023-04-03,Standard Class,CUST-1117,Ishaan Nair,Consumer,North,Technology,Copiers,4,0.1,2048.47,225.33
119,ORD-1119,2024-12-10,2024-12-15,Standard Class,CUST-1118,Rohan Chopra,Consumer,East,Office Supplies,Paper,2,0.0,226.35,49.8
120,ORD-1120,2024-04-10,2024-04-12,Second Class,CUST-1119,Reyansh Malhotra,Home Office,East,Office Supplies,Labels,4,0.1,285.25,51.34
121,ORD-1121,2024-06-01,2024-06-08,Standard Class,CUST-1120,Riya Iyer,Consumer,East,Furniture,Furnishings,2,0.0,1634.18,196.1
122,ORD-1122,2024-07-26,2024-07-30,Standard Class,CUST-1121,Reyansh Mehta,Consumer,West,Technology,Copiers,2,0.3,259.26,7.78
123,ORD-1123,2023-10-21,2023-10-22,First Class,CUST-1122,Kiara Rao,Consumer,West,Technology,Copiers,7,0.1,6855.18,754.07
124,ORD-1124,2024-07-04,2024-07-04,Same Day,CUST-1123,Kiara Joshi,Corporate,North,Technology,Phones,12,0.0,14926.47,2238.97
125,ORD-1125,2023-04-26,2023-05-03,Standard Class,CUST-1124,Ira Sharma,Consumer,East,Office Supplies,Binders,8,0.15,656.11,104.98
126,ORD-1126,2024-07-06,2024-07-07,First Class,CUST-1125,Riya Reddy,Consumer,West,Furniture,Bookcases,10,0.0,5702.92,684.35
127,ORD-1127,2024-02-28,2024-03-06,Standard Class,CUST-1126,Myra Sharma,Corporate,North,Technology,Accessories,6,0.0,7136.5,1070.47
128,ORD-1128,2023-11-04,2023-11-07,Second Class,CUST-1127,Kiara Desai,Consumer,West,Office Supplies,Paper,1,0.0,116.3,25.59
129,ORD-1129,2023-12-05,2023-12-06,First Class,CUST-1128,Vivaan Patel,Corporate,West,Technology,Phones,7,0.0,9217.25,1382.59
130,ORD-1130,2023-12-07,2023-12-13,Standard Class,CUST-1129,Myra Desai,Home Office,West,Furniture,Tables,4,0.0,2601.65,312.2
131,ORD-1131,2024-04-22,2024-04-27,Standard Class,CUST-1130,Myra Malhotra,Home Office,South,Office Supplies,Labels,6,0.1,277.21,49.9
132,ORD-1132,2023-01-17,2023-01-23,Standard Class,CUST-1131,Krishna Nair,Consumer,West,Office Supplies,Art,10,0.15,596.11,95.38
133,ORD-1133,2024-04-16,2024-04-17,First Class,CUST-1132,Vivaan Kumar,Consumer,West,Furniture,Furnishings,1,0.0,768.04,92.16
134,ORD-1134,2024-10-07,2024-10-11,Second Class,CUST-1133,Ira Desai,Consumer,East,Furniture,Furnishings,8,0.0,4964.91,595.79
135,ORD-1135,2023-01-18,2023-01-22,Standard Class,CUST-1134,Arjun Singh,Consumer,East,Office Supplies,Paper,4,0.15,129.99,20.8
136,ORD-1136,2024-04-15,2024-04-17,First Class,CUST-1135,Vivaan Verma,Corporate,West,Furniture,Chairs,7,0.0,2736.98,328.44
137,ORD-1137,2024-03-20,2024-03-21,First Class,CUST-1136,Krishna Singh,Home Office,South,Technology,Phones,12,0.0,1410.18,211.53
138,ORD-1138,2023-11-19,2023-11-24,Standard Class,CUST-1137,Riya Singh,Home Office,North,Furniture,Furnishings,10,0.0,7644.13,917.3
139,ORD-1139,2023-12-21,2023-12-25,Second Class,CUST-1138,Ira Nair,Corporate,South,Technology,Machines,6,0.1,8667.43,953.42
140,ORD-1140,2024-03-18,2024-03-24,Standard Class,CUST-1139,Aditya Verma,Consumer,East,Office Supplies,Labels,5,0.15,414.67,66.35
141,ORD-1141,2023-04-04,2023-04-08,Standard Class,CUST-1140,Aadhya Iyer,Consumer,South,Office Supplies,Storage,9,0.0,467.33,102.81
142,ORD-1142,2024-01-30,2024-02-05,Standard Class,CUST-1141,Saanvi Gupta,Corporate,South,Technology,Accessories,3,0.0,784.82,117.72
143,ORD-1143,2024-01-05,2024-01-11,Standard Class,CUST-1142,Arjun Patel,Corporate,North,Office Supplies,Labels,1,0.2,40.61,5.69
144,ORD-1144,2024-10-28,2024-11-03,Standard Class,CUST-1143,Saanvi Reddy,Consumer,North,Office Supplies,Paper,5,0.15,371.42,59.43
145,ORD-1145,2024-02-07,2024-02-14,Standard Class,CUST-1144,Kiara Chopra,Corporate,West,Furniture,Tables,4,0.2,1652.64,66.11
146,ORD-1146,2023-09-05,2023-09-05,Same Day,CUST-1145,Myra Mehta,Consumer,North,Office Supplies,Art,7,0.0,778.41,171.25
147,ORD-1147,2024-11-04,2024-11-07,Second Class,CUST-1146,Saanvi Malhotra,Home Office,North,Office Supplies,Labels,6,0.0,327.01,71.94
148,ORD-1148,2024-02-05,2024-02-11,Standard Class,CUST-1147,Vihaan Patel,Consumer,East,Office Supplies,Paper,7,0.15,99.43,15.91
149,ORD-1149,2024-06-17,2024-06-22,Standard Class,CUST-1148,Vihaan Sharma,Consumer,South,Office Supplies,Art,6,0.3,452.48,45.25
150,ORD-1150,2024-07-19,2024-07-22,Second Class,CUST-1149,Sai Joshi,Corporate,East,Technology,Accessories,11,0.0,10345.01,1551.75
151,ORD-1151,2024-12-22,2024-12-26,Second Class,CUST-1150,Navya Gupta,Corporate,North,Technology,Phones,6,0.2,2427.53,169.93
152,ORD-1152,2024-09-17,2024-09-19,First Class,CUST-1151,Rohan Desai,Corporate,North,Office Supplies,Art,10,0.0,822.93,181.04
153,ORD-1153,2024-12-11,2024-12-16,Standard Class,CUST-1152,Navya Chopra,Consumer,South,Office Supplies,Labels,11,0.0,274.14,60.31
154,ORD-1154,2024-09-26,2024-10-03,Standard Class,CUST-1153,Navya Kumar,Consumer,South,Furniture,Tables,11,0.2,5023.95,200.96
155,ORD-1155,2024-08-01,2024-08-07,Standard Class,CUST-1154,Kiara Mehta,Consumer,West,Office Supplies,Storage,12,0.1,721.23,129.82
156,ORD-1156,2024-03-27,2024-03-27,Same Day,CUST-1155,Kiara Patel,Consumer,West,Furniture,Tables,6,0.0,4722.02,566.64
157,ORD-1157,2024-12-28,2024-12-30,First Class,CUST-1156,Riya Reddy,Corporate,South,Office Supplies,Paper,9,0.15,575.51,92.08
158,ORD-1158,2024-11-26,2024-11-26,Same Day,CUST-1157,Arjun Chopra,Home Office,North,Technology,Copiers,3,0.15,3584.97,322.65
159,ORD-1159,2024-10-04,2024-10-08,Second Class,CUST-1158,Diya Iyer,Consumer,South,Office Supplies,Binders,8,0.15,40.37,6.46
160,ORD-1160,2024-02-12,2024-02-16,Standard Class,CUST-1159,Navya Mehta,Consumer,South,Furniture,Bookcases,3,0.15,1559.24,93.55
161,ORD-1161,2024-10-03,2024-10-09,Standard Class,CUST-1160,Aadhya Singh,Consumer,South,Furniture,Tables,12,0.2,9314.05,372.56
162,ORD-1162,2023-09-14,2023-09-19,Standard Class,CUST-1161,Krishna Nair,Consumer,East,Office Supplies,Binders,11,0.0,175.41,38.59
163,ORD-1163,2023-01-10,2023-01-15,Standard Class,CUST-1162,Krishna Nair,Corporate,South,Furniture,Furnishings,2,0.2,1276.94,51.08
164,ORD-1164,2024-10-18,2024-10-23,Standard Class,CUST-1163,Diya Chopra,Corporate,North,Office Supplies,Binders,4,0.15,85.6,13.7
165,ORD-1165,2023-12-26,2024-01-01,Standard Class,CUST-1164,Ira Mehta,Corporate,South,Furniture,Bookcases,12,0.2,6522.39,260.9
166,ORD-1166,2024-02-06,2024-02-12,Standard Class,CUST-1165,Myra Joshi,Consumer,North,Technology,Accessories,10,0.0,674.97,101.25
167,ORD-1167,2024-08-05,2024-08-09,Second Class,CUST-1166,Aarav Mehta,Home Office,East,Furniture,Furnishings,2,0.3,166.19,-0.0
168,ORD-1168,2024-10-05,2024-10-10,Standard Class,CUST-1167,Ira Gupta,Consumer,West,Office Supplies,Art,5,0.3,64.1,6.41
169,ORD-1169,2024-02-05,2024-02-11,Standard Class,CUST-1168,Krishna Sharma,Consumer,West,Office Supplies,Binders,4,0.1,213.27,38.39
170,ORD-1170,2023-05-03,2023-05-07,Standard Class,CUST-1169,Ishaan Gupta,Home Office,North,Furniture,Furnishings,6,0.2,1038.23,41.53
171,ORD-1171,2023-10-06,2023-10-10,Standard Class,CUST-1170,Vivaan Iyer,Consumer,North,Technology,Phones,10,0.2,11010.47,770.73
172,ORD-1172,2023-01-13,2023-01-13,Same Day,CUST-1171,Vivaan Kumar,Consumer,South,Office Supplies,Paper,12,0.0,638.73,140.52
173,ORD-1173,2024-08-08,2024-08-12,Standard Class,CUST-1172,Vivaan Nair,Consumer,South,Technology,Accessories,2,0.0,2343.23,351.48
174,ORD-1174,2023-01-09,2023-01-16,Standard Class,CUST-1173,Myra Malhotra,Consumer,South,Technology,Accessories,4,0.0,4816.65,722.5
175,ORD-1175,2024-07-08,2024-07-12,Second Class,CUST-1174,Rohan Verma,Consumer,West,Technology,Machines,4,0.0,3053.77,458.07
176,ORD-1176,2023-04-06,2023-04-10,Standard Class,CUST-1175,Aditya Mehta,Corporate,North,Technology,Copiers,2,0.1,1206.31,132.69
177,ORD-1177,2023-08-31,2023-09-02,Second Class,CUST-1176,Ananya Iyer,Corporate,West,Technology,Copiers,5,0.15,1181.15,106.3
178,ORD-1178,2023-06-18,2023-06-22,Standard Class,CUST-1177,Rohan Iyer,Home Office,South,Furniture,Bookcases,5,0.0,3895.18,467.42
179,ORD-1179,2023-06-01,2023-06-05,Standard Class,CUST-1178,Sai Sharma,Consumer,North,Office Supplies,Labels,7,0.0,482.54,106.16
180,ORD-1180,2023-01-13,2023-01-20,Standard Class,CUST-1179,Aditya Mehta,Home Office,West,Furniture,Tables,10,0.0,2922.33,350.68
181,ORD-1181,2023-12-06,2023-12-13,Standard Class,CUST-1180,Aarav Nair,Home Office,West,Furniture,Furnishings,11,0.0,4728.51,567.42
182,ORD-1182,2024-09-20,2024-09-24,Standard Class,CUST-1181,Aditya Patel,Home Office,North,Office Supplies,Art,7,0.1,189.7,34.15
183,ORD-1183,2024-05-06,2024-05-13,Standard Class,CUST-1182,Ananya Mehta,Consumer,South,Technology,Machines,4,0.2,1719.64,120.37
184,ORD-1184,2023-06-13,2023-06-15,First Class,CUST-1183,Riya Rao,Corporate,East,Office Supplies,Binders,7,0.0,710.57,156.33
185,ORD-1185,2024-08-28,2024-09-01,Standard Class,CUST-1184,Myra Kumar,Corporate,East,Technology,Accessories,5,0.1,637.5,70.12
186,ORD-1186,2023-01-01,2023-01-03,First Class,CUST-1185,Ananya Sharma,Corporate,East,Technology,Machines,1,0.0,255.4,38.31
187,ORD-1187,2024-12-22,2024-12-22,Same Day,CUST-1186,Aadhya Malhotra,Consumer,South,Furniture,Bookcases,11,0.3,8686.11,0.0
188,ORD-1188,2024-01-23,2024-01-24,First Class,CUST-1187,Saanvi Rao,Home Office,East,Furniture,Chairs,10,0.3,969.64,-0.0
189,ORD-1189,2024-05-23,2024-05-24,First Class,CUST-1188,Aditya Rao,Consumer,West,Furniture,Bookcases,12,0.0,7553.04,906.36
190,ORD-1190,2023-12-25,2024-01-01,Standard Class,CUST-1189,Sai Desai,Consumer,North,Furniture,Furnishings,7,0.0,3390.29,406.83
191,ORD-1191,2023-06-16,2023-06-16,Same Day,CUST-1190,Aditya Reddy,Consumer,West,Furniture,Chairs,3,0.3,2206.12,0.0
192,ORD-1192,2024-12-22,2024-12-28,Standard Class,CUST-1191,Reyansh Singh,Consumer,West,Furniture,Furnishings,7,0.0,4561.91,547.43
193,ORD-1193,2023-04-09,2023-04-15,Standard Class,CUST-1192,Aditya Patel,Consumer,East,Technology,Accessories,11,0.0,2096.94,314.54
194,ORD-1194,2023-04-29,2023-05-04,Standard Class,CUST-1193,Sai Reddy,Consumer,South,Office Supplies,Storage,7,0.1,382.03,68.77
195,ORD-1195,2024-11-14,2024-11-21,Standard Class,CUST-1194,Navya Sharma,Home Office,East,Technology,Copiers,7,0.2,5438.34,380.68
196,ORD-1196,2024-05-02,2024-05-03,First Class,CUST-1195,Riya Joshi,Consumer,South,Technology,Phones,10,0.3,6380.08,191.4
197,ORD-1197,2023-05-10,2023-05-14,Second Class,CUST-1196,Ira Patel,Home Office,North,Office Supplies,Paper,6,0.0,660.78,145.37
198,ORD-1198,2023-10-10,2023-10-14,Standard Class,CUST-1197,Riya Mehta,Consumer,West,Furniture,Furnishings,10,0.1,6808.13,544.65
199,ORD-1199,2024-02-25,2024-03-01,Standard Class,CUST-1198,Arjun Mehta,Consumer,East,Office Supplies,Art,10,0.2,481.26,67.38
200,ORD-1200,2023-10-03,2023-10-05,First Class,CUST-1199,Vihaan Rao,Consumer,North,Technology,Machines,4,0.2,2603.84,182.27
201,ORD-1201,2023-07-12,2023-07-13,First Class,CUST-1200,Vivaan Kumar,Corporate,West,Office Supplies,Art,3,0.15,248.11,39.7
202,ORD-1202,2023-09-13,2023-09-15,First Class,CUST-1201,Anika Nair,Consumer,North,Office Supplies,Paper,11,0.1,889.18,160.05
203,ORD-1203,2024-08-23,2024-08-27,Second Class,CUST-1202,Rohan Sharma,Corporate,South,Technology,Machines,7,0.0,8265.28,1239.79
204,ORD-1204,2024-11-24,2024-11-30,Standard Class,CUST-1203,Sai Mehta,Consumer,East,Office Supplies,Binders,1,0.15,71.59,11.45
205,ORD-1205,2023-12-24,2023-12-30,Standard Class,CUST-1204,Vihaan Sharma,Home Office,North,Office Supplies,Labels,9,0.1,1013.95,182.51
206,ORD-1206,2024-05-08,2024-05-12,Second Class,CUST-1205,Rohan Singh,Consumer,West,Office Supplies,Storage,3,0.2,92.03,12.88
207,ORD-1207,2024-11-28,2024-12-03,Standard Class,CUST-1206,Saanvi Chopra,Consumer,North,Office Supplies,Storage,1,0.0,119.4,26.27
208,ORD-1208,2024-11-18,2024-11-22,Standard Class,CUST-1207,Ishaan Chopra,Consumer,South,Furniture,Tables,9,0.0,6350.34,762.04
209,ORD-1209,2023-11-11,2023-11-13,First Class,CUST-1208,Myra Sharma,Consumer,West,Office Supplies,Labels,11,0.2,1174.57,164.44
210,ORD-1210,2024-06-26,2024-07-02,Standard Class,CUST-1209,Riya Desai,Home Office,North,Technology,Accessories,8,0.0,2492.14,373.82
211,ORD-1211,2023-11-17,2023-11-21,Standard Class,CUST-1210,Aditya Gupta,Corporate,North,Office Supplies,Paper,10,0.1,527.51,94.95
212,ORD-1212,2023-11-26,2023-11-30,Standard Class,CUST-1211,Diya Patel,Corporate,East,Furniture,Chairs,3,0.0,492.66,59.12
213,ORD-1213,2024-04-11,2024-04-12,First Class,CUST-1212,Diya Malhotra,Consumer,East,Office Supplies,Paper,4,0.0,437.17,96.18
214,ORD-1214,2024-08-26,2024-08-30,Second Class,CUST-1213,Navya Mehta,Consumer,North,Technology,Phones,1,0.2,194.36,13.61
215,ORD-1215,2024-03-02,2024-03-05,Second Class,CUST-1214,Aarav Patel,Consumer,North,Office Supplies,Paper,7,0.1,551.25,99.23
216,ORD-1216,2023-05-01,2023-05-06,Standard Class,CUST-1215,Anika Singh,Consumer,West,Office Supplies,Labels,6,0.1,226.78,40.82
217,ORD-1217,2023-12-05,2023-12-08,Second Class,CUST-1216,Arjun Verma,Home Office,North,Furniture,Chairs,9,0.1,1235.64,98.85
218,ORD-1218,2024-04-20,2024-04-23,Second Class,CUST-1217,Aadhya Chopra,Consumer,West,Technology,Machines,2,0.2,219.09,15.34
219,ORD-1219,2023-10-02,2023-10-07,Standard Class,CUST-1218,Kiara Patel,Consumer,North,Technology,Accessories,7,0.2,4352.82,304.7
220,ORD-1220,2024-12-13,2024-12-18,Standard Class,CUST-1219,Riya Joshi,Consumer,West,Technology,Phones,8,0.0,4559.75,683.96
221,ORD-1221,2024-03-27,2024-04-03,Standard Class,CUST-1220,Riya Singh,Corporate,North,Office Supplies,Labels,11,0.1,690.31,124.26
222,ORD-1222,2024-05-08,2024-05-11,Second Class,CUST-1221,Aarav Joshi,Home Office,East,Office Supplies,Labels,3,0.0,176.9,38.92
223,ORD-1223,2023-12-05,2023-12-12,Standard Class,CUST-1222,Kiara Iyer,Consumer,North,Furniture,Furnishings,10,0.0,4474.41,536.93
224,ORD-1224,2023-04-16,2023-04-16,Same Day,CUST-1223,Rohan Desai,Corporate,North,Office Supplies,Binders,9,0.0,722.51,158.95
225,ORD-1225,2023-12-06,2023-12-12,Standard Class,CUST-1224,Krishna Sharma,Corporate,East,Office Supplies,Storage,6,0.1,453.21,81.58
226,ORD-1226,2024-05-19,2024-05-26,Standard Class,CUST-1225,Vihaan Desai,Consumer,East,Technology,Phones,7,0.0,2284.37,342.66
227,ORD-1227,2024-04-06,2024-04-10,Second Class,CUST-1226,Navya Desai,Consumer,East,Office Supplies,Art,7,0.3,385.62,38.56
228,ORD-1228,2023-05-12,2023-05-19,Standard Class,CUST-1227,Ira Desai,Consumer,East,Office Supplies,Storage,12,0.3,398.18,39.82
229,ORD-1229,2024-02-27,2024-03-02,Second Class,CUST-1228,Navya Joshi,Home Office,West,Office Supplies,Labels,4,0.0,307.12,67.57
230,ORD-1230,2024-05-30,2024-06-03,Standard Class,CUST-1229,Aadhya Joshi,Corporate,East,Technology,Machines,12,0.0,15868.1,2380.22
231,ORD-1231,2023-01-26,2023-01-30,Standard Class,CUST-1230,Rohan Joshi,Corporate,North,Furniture,Bookcases,5,0.0,1000.36,120.04
232,ORD-1232,2023-04-15,2023-04-21,Standard Class,CUST-1231,Krishna Kumar,Corporate,East,Office Supplies,Paper,12,0.0,977.0,214.94
233,ORD-1233,2023-07-27,2023-07-30,Second Class,CUST-1232,Diya Malhotra,Home Office,West,Technology,Accessories,10,0.3,10696.26,320.89
234,ORD-1234,2024-11-30,2024-12-05,Standard Class,CUST-1233,Navya Patel,Consumer,West,Technology,Phones,3,0.1,169.32,18.63
235,ORD-1235,2023-11-27,2023-12-02,Standard Class,CUST-1234,Diya Verma,Consumer,West,Office Supplies,Storage,12,0.0,363.55,79.98
236,ORD-1236,2023-04-05,2023-04-11,Standard Class,CUST-1235,Ira Kumar,Consumer,West,Office Supplies,Storage,8,0.0,797.79,175.51
237,ORD-1237,2024-10-19,2024-10-23,Second Class,CUST-1236,Vihaan Nair,Consumer,East,Technology,Machines,5,0.2,6445.75,451.2
238,ORD-1238,2024-05-13,2024-05-20,Standard Class,CUST-1237,Navya Kumar,Home Office,West,Furniture,Chairs,1,0.0,594.09,71.29
239,ORD-1239,2024-03-21,2024-03-24,Second Class,CUST-1238,Vivaan Verma,Consumer,West,Technology,Accessories,2,0.1,1666.89,183.36
240,ORD-1240,2024-02-02,2024-02-06,Standard Class,CUST-1239,Ira Verma,Corporate,South,Office Supplies,Art,12,0.3,934.77,93.48
241,ORD-1241,2024-09-13,2024-09-18,Standard Class,CUST-1240,Sai Kumar,Home Office,West,Office Supplies,Art,4,0.1,193.86,34.89
242,ORD-1242,2023-01-12,2023-01-17,Standard Class,CUST-1241,Navya Verma,Corporate,East,Furniture,Chairs,5,0.0,1261.22,151.35
243,ORD-1243,2023-08-15,2023-08-17,First Class,CUST-1242,Navya Iyer,Home Office,North,Furniture,Chairs,11,0.0,5837.97,700.56
244,ORD-1244,2023-08-29,2023-09-03,Standard Class,CUST-1243,Rohan Chopra,Consumer,East,Technology,Machines,10,0.3,11112.6,333.38
245,ORD-1245,2024-12-30,2025-01-03,Standard Class,CUST-1244,Myra Iyer,Corporate,South,Technology,Accessories,8,0.0,6799.39,1019.91
246,ORD-1246,2024-07-05,2024-07-07,First Class,CUST-1245,Aarav Rao,Home Office,East,Office Supplies,Binders,10,0.0,934.58,205.61
247,ORD-1247,2024-10-31,2024-11-05,Standard Class,CUST-1246,Aditya Nair,Consumer,South,Furniture,Bookcases,6,0.2,2773.62,110.94
248,ORD-1248,2024-04-01,2024-04-06,Standard Class,CUST-1247,Diya Sharma,Corporate,East,Office Supplies,Paper,4,0.0,126.6,27.85
249,ORD-1249,2024-02-02,2024-02-02,Same Day,CUST-1248,Ishaan Rao,Consumer,South,Furniture,Bookcases,12,0.15,3391.23,203.47
250,ORD-1250,2024-06-13,2024-06-15,First Class,CUST-1249,Myra Malhotra,Consumer,West,Furniture,Furnishings,8,0.0,6459.85,775.18
251,ORD-1251,2023-08-05,2023-08-12,Standard Class,CUST-1250,Ananya Chopra,Corporate,North,Office Supplies,Binders,2,0.0,120.13,26.43
252,ORD-1252,2023-02-14,2023-02-20,Standard Class,CUST-1251,Sai Patel,Home Office,East,Furniture,Chairs,3,0.1,1465.61,117.25
253,ORD-1253,2024-04-04,2024-04-08,Second Class,CUST-1252,Riya Rao,Home Office,South,Office Supplies,Paper,3,0.15,182.62,29.22
254,ORD-1254,2023-08-24,2023-08-27,Second Class,CUST-1253,Sai Iyer,Home Office,North,Furniture,Furnishings,10,0.15,5461.14,327.67
255,ORD-1255,2024-09-09,2024-09-15,Standard Class,CUST-1254,Vivaan Chopra,Corporate,North,Technology,Copiers,9,0.15,6438.33,579.45
256,ORD-1256,2024-03-11,2024-03-12,First Class,CUST-1255,Aadhya Patel,Consumer,South,Furniture,Chairs,4,0.1,327.8,26.22
257,ORD-1257,2024-12-05,2024-12-12,Standard Class,CUST-1256,Navya Nair,Corporate,South,Furniture,Furnishings,10,0.15,3627.36,217.64
258,ORD-1258,2023-07-03,2023-07-05,Second Class,CUST-1257,Saanvi Chopra,Corporate,East,Office Supplies,Storage,3,0.0,242.45,53.34
259,ORD-1259,2024-06-04,2024-06-04,Same Day,CUST-1258,Aarav Malhotra,Consumer,South,Office Supplies,Binders,2,0.0,118.48,26.07
260,ORD-1260,2023-03-23,2023-03-29,Standard Class,CUST-1259,Ira Sharma,Corporate,East,Technology,Copiers,3,0.15,981.19,88.31
261,ORD-1261,2024-09-05,2024-09-09,Second Class,CUST-1260,Sai Verma,Consumer,East,Office Supplies,Binders,5,0.1,221.21,39.82
262,ORD-1262,2023-04-03,2023-04-03,Same Day,CUST-1261,Ishaan Singh,Consumer,East,Office Supplies,Labels,10,0.0,572.97,126.05
263,ORD-1263,2024-07-26,2024-07-28,First Class,CUST-1262,Riya Patel,Home Office,South,Technology,Machines,12,0.0,9015.16,1352.27
264,ORD-1264,2024-05-08,2024-05-12,Standard Class,CUST-1263,Ananya Nair,Corporate,North,Office Supplies,Paper,6,0.0,36.71,8.08
265,ORD-1265,2023-03-19,2023-03-24,Standard Class,CUST-1264,Reyansh Iyer,Home Office,North,Office Supplies,Paper,12,0.0,1074.89,236.48
266,ORD-1266,2024-11-23,2024-11-29,Standard Class,CUST-1265,Ananya Iyer,Home Office,South,Furniture,Chairs,10,0.2,7448.47,297.94
267,ORD-1267,2024-08-13,2024-08-18,Standard Class,CUST-1266,Sai Iyer,Consumer,East,Office Supplies,Labels,2,0.0,115.82,25.48
268,ORD-1268,2023-11-30,2023-12-06,Standard Class,CUST-1267,Ira Reddy,Consumer,West,Furniture,Bookcases,6,0.15,1322.54,79.35
269,ORD-1269,2024-04-06,2024-04-08,Second Class,CUST-1268,Krishna Kumar,Corporate,North,Office Supplies,Paper,7,0.15,184.15,29.46
270,ORD-1270,2024-03-07,2024-03-13,Standard Class,CUST-1269,Navya Rao,Corporate,West,Technology,Machines,10,0.0,2868.46,430.27
271,ORD-1271,2024-04-05,2024-04-10,Standard Class,CUST-1270,Aarav Nair,Home Office,North,Office Supplies,Labels,2,0.1,161.32,29.04
272,ORD-1272,2023-11-29,2023-12-06,Standard Class,CUST-1271,Arjun Rao,Consumer,South,Technology,Phones,3,0.1,1925.35,211.79
273,ORD-1273,2023-06-15,2023-06-19,Standard Class,CUST-1272,Kiara Malhotra,Corporate,South,Office Supplies,Storage,6,0.0,389.45,85.68
274,ORD-1274,2024-11-08,2024-11-12,Standard Class,CUST-1273,Aditya Desai,Consumer,West,Technology,Accessories,8,0.15,4780.1,430.21
275,ORD-1275,2024-09-24,2024-09-27,Second Class,CUST-1274,Kiara Joshi,Consumer,East,Technology,Machines,3,0.15,261.94,23.57
276,ORD-1276,2024-07-15,2024-07-20,Standard Class,CUST-1275,Riya Nair,Corporate,West,Office Supplies,Paper,9,0.1,579.54,104.32
277,ORD-1277,2023-11-12,2023-11-15,Second Class,CUST-1276,Arjun Reddy,Corporate,North,Office Supplies,Binders,5,0.3,27.1,2.71
278,ORD-1278,2024-09-03,2024-09-10,Standard Class,CUST-1277,Krishna Gupta,Home Office,North,Office Supplies,Art,12,0.0,597.82,131.52
279,ORD-1279,2024-12-02,2024-12-04,First Class,CUST-1278,Sai Gupta,Consumer,East,Office Supplies,Storage,5,0.15,273.92,43.83
280,ORD-1280,2023-01-20,2023-01-26,Standard Class,CUST-1279,Kiara Chopra,Consumer,West,Furniture,Chairs,1,0.0,270.9,32.51
281,ORD-1281,2024-04-19,2024-04-21,Second Class,CUST-1280,Aditya Kumar,Consumer,North,Furniture,Tables,8,0.0,1831.32,219.76
282,ORD-1282,2024-03-29,2024-03-29,Same Day,CUST-1281,Myra Nair,Corporate,West,Furniture,Chairs,11,0.15,9120.39,547.22
283,ORD-1283,2024-10-15,2024-10-19,Standard Class,CUST-1282,Aadhya Reddy,Home Office,South,Furniture,Tables,1,0.15,207.46,12.45
284,ORD-1284,2024-12-05,2024-12-07,Second Class,CUST-1283,Ananya Desai,Consumer,South,Furniture,Tables,11,0.1,1379.02,110.32
285,ORD-1285,2023-08-27,2023-09-03,Standard Class,CUST-1284,Reyansh Sharma,Corporate,East,Office Supplies,Storage,12,0.0,1059.67,233.13
286,ORD-1286,2023-07-14,2023-07-16,First Class,CUST-1285,Navya Gupta,Consumer,East,Office Supplies,Art,2,0.1,109.96,19.79
287,ORD-1287,2024-09-27,2024-10-01,Standard Class,CUST-1286,Myra Malhotra,Corporate,East,Office Supplies,Labels,9,0.0,338.04,74.37
288,ORD-1288,2023-05-13,2023-05-17,Standard Class,CUST-1287,Saanvi Joshi,Consumer,North,Furniture,Tables,8,0.0,4089.39,490.73
289,ORD-1289,2024-11-02,2024-11-05,Second Class,CUST-1288,Aadhya Rao,Consumer,West,Furniture,Chairs,6,0.1,4256.08,340.49
290,ORD-1290,2023-04-10,2023-04-17,Standard Class,CUST-1289,Sai Kumar,Corporate,North,Office Supplies,Paper,12,0.1,1056.94,190.25
291,ORD-1291,2023-04-17,2023-04-24,Standard Class,CUST-1290,Ira Iyer,Corporate,North,Office Supplies,Storage,6,0.2,384.98,53.9
292,ORD-1292,2023-11-28,2023-12-04,Standard Class,CUST-1291,Saanvi Sharma,Consumer,East,Furniture,Bookcases,12,0.0,1301.08,156.13
293,ORD-1293,2023-08-16,2023-08-22,Standard Class,CUST-1292,Riya Desai,Home Office,South,Technology,Machines,10,0.0,5657.01,848.55
294,ORD-1294,2023-08-27,2023-08-31,Second Class,CUST-1293,Ananya Malhotra,Home Office,South,Office Supplies,Labels,8,0.1,775.66,139.62
295,ORD-1295,2024-08-13,2024-08-15,First Class,CUST-1294,Aadhya Desai,Consumer,West,Technology,Machines,2,0.1,1933.27,212.66
296,ORD-1296,2023-02-25,2023-02-27,Second Class,CUST-1295,Arjun Sharma,Consumer,North,Office Supplies,Paper,11,0.1,535.44,96.38
297,ORD-1297,2023-10-24,2023-10-31,Standard Class,CUST-1296,Saanvi Patel,Corporate,North,Office Supplies,Art,2,0.15,104.99,16.8
298,ORD-1298,2024-05-14,2024-05-20,Standard Class,CUST-1297,Aadhya Reddy,Consumer,East,Office Supplies,Labels,11,0.0,168.34,37.03
299,ORD-1299,2023-12-19,2023-12-19,Same Day,CUST-1298,Kiara Mehta,Corporate,North,Office Supplies,Storage,3,0.15,318.83,51.01
300,ORD-1300,2023-04-26,2023-04-28,First Class,CUST-1299,Aarav Reddy,Home Office,North,Office Supplies,Paper,12,0.0,481.06,105.83
301,ORD-1301,2024-07-15,2024-07-16,First Class,CUST-1300,Anika Sharma,Consumer,East,Furniture,Chairs,5,0.1,1065.36,85.23
302,ORD-1302,2023-03-10,2023-03-14,Standard Class,CUST-1301,Saanvi Singh,Home Office,North,Technology,Machines,7,0.1,9238.57,1016.24
303,ORD-1303,2023-01-23,2023-01-29,Standard Class,CUST-1302,Diya Joshi,Consumer,West,Office Supplies,Art,6,0.3,217.13,21.71
304,ORD-1304,2023-10-14,2023-10-20,Standard Class,CUST-1303,Ira Rao,Consumer,South,Office Supplies,Paper,11,0.0,582.93,128.24
305,ORD-1305,2024-04-04,2024-04-09,Standard Class,CUST-1304,Anika Desai,Home Office,North,Furniture,Tables,3,0.15,1239.55,74.37
306,ORD-1306,2024-07-24,2024-07-26,Second Class,CUST-1305,Aadhya Nair,Corporate,East,Furniture,Tables,5,0.3,2016.85,0.0
307,ORD-1307,2023-04-20,2023-04-24,Second Class,CUST-1306,Ira Singh,Corporate,North,Technology,Machines,4,0.1,4065.48,447.2
308,ORD-1308,2024-05-18,2024-05-25,Standard Class,CUST-1307,Ishaan Nair,Corporate,North,Furniture,Furnishings,4,0.0,2754.96,330.6
309,ORD-1309,2024-12-05,2024-12-09,Second Class,CUST-1308,Saanvi Chopra,Corporate,South,Furniture,Furnishings,6,0.1,2346.64,187.73
310,ORD-1310,2024-04-07,2024-04-14,Standard Class,CUST-1309,Vivaan Kumar,Consumer,West,Technology,Accessories,7,0.0,850.35,127.55
311,ORD-1311,2024-04-17,2024-04-20,Second Class,CUST-1310,Aditya Chopra,Consumer,South,Technology,Accessories,9,0.15,12117.85,1090.61
312,ORD-1312,2023-11-28,2023-12-02,Standard Class,CUST-1311,Ananya Chopra,Home Office,North,Office Supplies,Paper,11,0.0,1062.56,233.76
313,ORD-1313,2024-10-11,2024-10-16,Standard Class,CUST-1312,Navya Nair,Corporate,East,Office Supplies,Labels,1,0.15,104.96,16.79
314,ORD-1314,2023-02-22,2023-02-26,Standard Class,CUST-1313,Arjun Singh,Consumer,South,Technology,Copiers,1,0.2,672.13,47.05
315,ORD-1315,2023-09-01,2023-09-03,Second Class,CUST-1314,Krishna Desai,Consumer,East,Office Supplies,Art,9,0.0,695.64,153.04
316,ORD-1316,2024-10-30,2024-11-04,Standard Class,CUST-1315,Vihaan Nair,Consumer,North,Furniture,Bookcases,3,0.15,608.22,36.49
317,ORD-1317,2023-02-06,2023-02-10,Second Class,CUST-1316,Navya Verma,Home Office,South,Office Supplies,Art,5,0.0,95.16,20.94
318,ORD-1318,2024-12-13,2024-12-19,Standard Class,CUST-1317,Ira Desai,Home Office,North,Office Supplies,Labels,12,0.1,873.2,157.18
319,ORD-1319,2024-05-24,2024-05-31,Standard Class,CUST-1318,Aarav Iyer,Home Office,North,Office Supplies,Storage,11,0.1,958.26,172.49
320,ORD-1320,2023-12-08,2023-12-14,Standard Class,CUST-1319,Aditya Patel,Corporate,West,Furniture,Tables,5,0.15,2365.94,141.96
321,ORD-1321,2023-06-29,2023-07-03,Second Class,CUST-1320,Arjun Iyer,Home Office,West,Technology,Copiers,3,0.0,2485.81,372.87
322,ORD-1322,2024-06-17,2024-06-24,Standard Class,CUST-1321,Ananya Malhotra,Consumer,East,Office Supplies,Labels,6,0.0,133.02,29.26
323,ORD-1323,2024-08-07,2024-08-13,Standard Class,CUST-1322,Vivaan Patel,Corporate,North,Furniture,Bookcases,7,0.2,994.73,39.79
324,ORD-1324,2023-06-29,2023-07-05,Standard Class,CUST-1323,Myra Desai,Consumer,West,Technology,Phones,9,0.2,6353.75,444.76
325,ORD-1325,2023-05-16,2023-05-22,Standard Class,CUST-1324,Vivaan Joshi,Consumer,North,Office Supplies,Labels,10,0.0,433.28,95.32
326,ORD-1326,2024-10-16,2024-10-18,Second Class,CUST-1325,Vihaan Patel,Corporate,South,Furniture,Bookcases,3,0.1,608.62,48.69
327,ORD-1327,2024-07-16,2024-07-20,Standard Class,CUST-1326,Rohan Mehta,Corporate,North,Technology,Machines,6,0.2,519.1,36.34
328,ORD-1328,2023-02-25,2023-03-02,Standard Class,CUST-1327,Reyansh Chopra,Corporate,South,Technology,Copiers,11,0.15,14581.33,1312.32
329,ORD-1329,2023-04-10,2023-04-12,First Class,CUST-1328,Arjun Rao,Consumer,East,Technology,Copiers,10,0.2,2969.1,207.84
330,ORD-1330,2024-05-14,2024-05-20,Standard Class,CUST-1329,Diya Mehta,Home Office,South,Office Supplies,Art,10,0.15,160.8,25.73
331,ORD-1331,2023-11-06,2023-11-13,Standard Class,CUST-1330,Myra Nair,Consumer,South,Office Supplies,Labels,2,0.15,188.33,30.13
332,ORD-1332,2023-03-21,2023-03-28,Standard Class,CUST-1331,Navya Verma,Corporate,East,Technology,Phones,8,0.0,1207.45,181.12
333,ORD-1333,2024-10-22,2024-10-25,Second Class,CUST-1332,Kiara Kumar,Corporate,North,Technology,Phones,5,0.15,1593.5,143.41
334,ORD-1334,2024-03-21,2024-03-27,Standard Class,CUST-1333,Arjun Rao,Corporate,West,Technology,Phones,5,0.0,7267.27,1090.09
335,ORD-1335,2023-02-01,2023-02-07,Standard Class,CUST-1334,Aadhya Kumar,Corporate,East,Office Supplies,Storage,4,0.0,238.44,52.46
336,ORD-1336,2023-10-23,2023-10-30,Standard Class,CUST-1335,Myra Joshi,Corporate,East,Furniture,Chairs,7,0.2,5786.98,231.48
337,ORD-1337,2024-09-30,2024-10-07,Standard Class,CUST-1336,Aadhya Mehta,Consumer,South,Office Supplies,Art,1,0.1,99.31,17.88
338,ORD-1338,2024-08-04,2024-08-08,Second Class,CUST-1337,Ishaan Iyer,Consumer,South,Office Supplies,Binders,9,0.1,937.08,168.67
339,ORD-1339,2024-09-19,2024-09-21,First Class,CUST-1338,Riya Chopra,Consumer,South,Technology,Copiers,6,0.0,7244.54,1086.68
340,ORD-1340,2024-07-31,2024-07-31,Same Day,CUST-1339,Ira Sharma,Consumer,East,Office Supplies,Labels,5,0.15,93.52,14.96
341,ORD-1341,2023-10-09,2023-10-12,Second Class,CUST-1340,Kiara Reddy,Home Office,North,Furniture,Tables,3,0.15,842.96,50.58
342,ORD-1342,2023-05-29,2023-06-04,Standard Class,CUST-1341,Kiara Chopra,Corporate,West,Technology,Copiers,11,0.0,13977.24,2096.59
343,ORD-1343,2023-06-21,2023-06-24,Second Class,CUST-1342,Saanvi Iyer,Consumer,South,Office Supplies,Labels,5,0.3,478.12,47.81
344,ORD-1344,2023-02-12,2023-02-16,Second Class,CUST-1343,Ishaan Reddy,Corporate,East,Office Supplies,Art,5,0.0,81.51,17.93
345,ORD-1345,2024-06-16,2024-06-17,First Class,CUST-1344,Aarav Nair,Corporate,East,Furniture,Chairs,2,0.15,975.47,58.53
346,ORD-1346,2023-01-25,2023-01-27,Second Class,CUST-1345,Vihaan Verma,Home Office,North,Office Supplies,Paper,10,0.1,780.71,140.53
347,ORD-1347,2023-09-17,2023-09-21,Standard Class,CUST-1346,Aadhya Chopra,Home Office,East,Furniture,Furnishings,11,0.0,7824.32,938.92
348,ORD-1348,2023-12-07,2023-12-12,Standard Class,CUST-1347,Reyansh Mehta,Consumer,North,Technology,Accessories,7,0.15,1728.84,155.6
349,ORD-1349,2024-03-28,2024-04-03,Standard Class,CUST-1348,Myra Gupta,Corporate,North,Furniture,Bookcases,11,0.0,6655.82,798.7
350,ORD-1350,2024-05-17,2024-05-21,Standard Class,CUST-1349,Myra Verma,Corporate,South,Technology,Phones,10,0.0,5334.88,800.23
351,ORD-1351,2024-01-10,2024-01-14,Standard Class,CUST-1350,Reyansh Gupta,Corporate,West,Furniture,Furnishings,9,0.15,964.8,57.89
352,ORD-1352,2024-05-13,2024-05-20,Standard Class,CUST-1351,Riya Singh,Consumer,East,Technology,Accessories,8,0.1,7627.62,839.04
353,ORD-1353,2023-12-14,2023-12-16,Second Class,CUST-1352,Anika Iyer,Consumer,West,Furniture,Chairs,11,0.0,8729.2,1047.5
354,ORD-1354,2024-09-25,2024-09-26,First Class,CUST-1353,Vihaan Iyer,Corporate,East,Furniture,Tables,10,0.0,2199.65,263.96
355,ORD-1355,2024-03-12,2024-03-12,Same Day,CUST-1354,Riya Kumar,Consumer,West,Technology,Copiers,3,0.0,1077.56,161.63
356,ORD-1356,2023-05-04,2023-05-08,Standard Class,CUST-1355,Riya Sharma,Corporate,West,Furniture,Bookcases,3,0.15,464.05,27.84
357,ORD-1357,2023-01-07,2023-01-08,First Class,CUST-1356,Myra Chopra,Consumer,West,Technology,Machines,3,0.0,2425.43,363.81
358,ORD-1358,2024-09-02,2024-09-07,Standard Class,CUST-1357,Krishna Singh,Consumer,South,Technology,Machines,2,0.2,1781.18,124.68
359,ORD-1359,2023-10-11,2023-10-18,Standard Class,CUST-1358,Vivaan Sharma,Consumer,North,Furniture,Furnishings,11,0.1,4040.07,323.21
360,ORD-1360,2023-06-30,2023-07-03,Second Class,CUST-1359,Riya Mehta,Home Office,North,Office Supplies,Binders,6,0.0,545.49,120.01
361,ORD-1361,2023-04-11,2023-04-16,Standard Class,CUST-1360,Vivaan Desai,Consumer,South,Furniture,Tables,7,0.0,1391.96,167.04
362,ORD-1362,2024-10-09,2024-10-14,Standard Class,CUST-1361,Arjun Verma,Corporate,North,Office Supplies,Binders,8,0.2,185.65,25.99
363,ORD-1363,2023-08-24,2023-08-25,First Class,CUST-1362,Ishaan Sharma,Corporate,West,Office Supplies,Paper,12,0.0,1264.19,278.12
364,ORD-1364,2024-05-31,2024-06-05,Standard Class,CUST-1363,Navya Malhotra,Consumer,East,Office Supplies,Binders,1,0.0,51.76,11.39
365,ORD-1365,2023-01-17,2023-01-21,Standard Class,CUST-1364,Arjun Rao,Home Office,South,Technology,Phones,12,0.1,6833.96,751.74
366,ORD-1366,2023-12-07,2023-12-14,Standard Class,CUST-1365,Ananya Chopra,Corporate,South,Technology,Accessories,1,0.0,577.79,86.67
367,ORD-1367,2024-09-25,2024-09-29,Second Class,CUST-1366,Arjun Reddy,Corporate,South,Office Supplies,Binders,4,0.15,304.22,48.68
368,ORD-1368,2023-11-25,2023-12-01,Standard Class,CUST-1367,Kiara Iyer,Consumer,North,Office Supplies,Storage,9,0.15,164.26,26.28
369,ORD-1369,2024-11-20,2024-11-21,First Class,CUST-1368,Aditya Verma,Consumer,West,Technology,Phones,7,0.0,10059.76,1508.96
370,ORD-1370,2024-05-23,2024-05-23,Same Day,CUST-1369,Navya Desai,Consumer,North,Technology,Phones,3,0.0,3359.04,503.86
371,ORD-1371,2024-02-26,2024-02-28,Second Class,CUST-1370,Navya Iyer,Corporate,East,Technology,Copiers,8,0.0,9556.44,1433.47
372,ORD-1372,2023-02-18,2023-02-22,Standard Class,CUST-1371,Sai Rao,Corporate,South,Technology,Accessories,12,0.0,3270.64,490.6
373,ORD-1373,2024-03-27,2024-03-27,Same Day,CUST-1372,Arjun Reddy,Corporate,North,Office Supplies,Binders,8,0.3,172.53,17.25
374,ORD-1374,2023-06-09,2023-06-15,Standard Class,CUST-1373,Rohan Malhotra,Corporate,East,Technology,Machines,10,0.3,10068.14,302.04
375,ORD-1375,2023-04-30,2023-05-04,Standard Class,CUST-1374,Ira Joshi,Consumer,South,Technology,Copiers,4,0.0,5626.86,844.03
376,ORD-1376,2024-11-24,2024-11-26,Second Class,CUST-1375,Anika Sharma,Consumer,North,Office Supplies,Paper,11,0.0,242.15,53.27
377,ORD-1377,2023-12-20,2023-12-21,First Class,CUST-1376,Aadhya Malhotra,Consumer,West,Technology,Phones,8,0.0,11656.18,1748.43
378,ORD-1378,2023-05-28,2023-05-28,Same Day,CUST-1377,Saanvi Verma,Consumer,South,Technology,Machines,1,0.1,631.51,69.47
379,ORD-1379,2024-01-26,2024-02-02,Standard Class,CUST-1378,Navya Chopra,Home Office,South,Technology,Machines,8,0.0,2186.68,328.0
380,ORD-1380,2024-03-03,2024-03-10,Standard Class,CUST-1379,Aditya Mehta,Consumer,West,Office Supplies,Binders,12,0.0,723.07,159.08
381,ORD-1381,2024-01-18,2024-01-24,Standard Class,CUST-1380,Kiara Desai,Corporate,East,Technology,Accessories,12,0.0,5344.46,801.67
382,ORD-1382,2023-10-26,2023-11-01,Standard Class,CUST-1381,Sai Kumar,Corporate,West,Office Supplies,Paper,6,0.0,600.51,132.11
383,ORD-1383,2023-05-28,2023-05-30,First Class,CUST-1382,Sai Verma,Consumer,South,Office Supplies,Art,4,0.2,114.41,16.02
384,ORD-1384,2023-03-20,2023-03-24,Standard Class,CUST-1383,Kiara Desai,Consumer,North,Furniture,Bookcases,10,0.0,5089.59,610.75
385,ORD-1385,2024-12-11,2024-12-15,Standard Class,CUST-1384,Vihaan Verma,Home Office,North,Furniture,Tables,1,0.0,715.25,85.83
386,ORD-1386,2023-09-17,2023-09-19,First Class,CUST-1385,Reyansh Mehta,Corporate,South,Furniture,Chairs,4,0.2,870.52,34.82
387,ORD-1387,2023-12-27,2023-12-31,Standard Class,CUST-1386,Riya Malhotra,Consumer,South,Technology,Accessories,1,0.0,1448.18,217.23
388,ORD-1388,2024-12-25,2025-01-01,Standard Class,CUST-1387,Saanvi Nair,Consumer,East,Furniture,Chairs,4,0.0,2006.74,240.81
389,ORD-1389,2024-12-22,2024-12-29,Standard Class,CUST-1388,Ira Chopra,Consumer,East,Furniture,Furnishings,5,0.0,3216.89,386.03
390,ORD-1390,2024-01-12,2024-01-17,Standard Class,CUST-1389,Aditya Verma,Consumer,West,Office Supplies,Binders,3,0.15,243.32,38.93
391,ORD-1391,2023-07-23,2023-07-30,Standard Class,CUST-1390,Myra Patel,Consumer,East,Technology,Phones,12,0.2,12934.09,905.39
392,ORD-1392,2024-11-13,2024-11-17,Standard Class,CUST-1391,Vihaan Patel,Consumer,South,Office Supplies,Storage,8,0.0,618.1,135.98
393,ORD-1393,2024-11-25,2024-11-29,Second Class,CUST-1392,Vihaan Malhotra,Consumer,North,Office Supplies,Storage,2,0.1,125.7,22.63
394,ORD-1394,2024-05-17,2024-05-21,Standard Class,CUST-1393,Aadhya Desai,Home Office,East,Technology,Phones,2,0.1,1155.63,127.12
395,ORD-1395,2024-12-24,2024-12-28,Standard Class,CUST-1394,Myra Joshi,Consumer,South,Office Supplies,Art,9,0.2,599.0,83.86
396,ORD-1396,2024-05-21,2024-05-27,Standard Class,CUST-1395,Vivaan Gupta,Consumer,South,Office Supplies,Storage,6,0.2,509.5,71.33
397,ORD-1397,2024-03-14,2024-03-16,Second Class,CUST-1396,Riya Verma,Consumer,South,Office Supplies,Paper,12,0.0,480.78,105.77
398,ORD-1398,2024-11-04,2024-11-09,Standard Class,CUST-1397,Aarav Reddy,Consumer,East,Technology,Machines,7,0.1,1301.66,143.18
399,ORD-1399,2024-11-14,2024-11-18,Second Class,CUST-1398,Aditya Rao,Consumer,East,Office Supplies,Art,9,0.1,309.85,55.77
400,ORD-1400,2024-08-15,2024-08-22,Standard Class,CUST-1399,Aditya Joshi,Consumer,South,Furniture,Furnishings,5,0.0,2469.02,296.28
401,ORD-1401,2024-10-01,2024-10-08,Standard Class,CUST-1000,Sai Mehta,Corporate,East,Office Supplies,Binders,8,0.1,897.39,161.53
402,ORD-1402,2024-06-18,2024-06-23,Standard Class,CUST-1001,Aditya Joshi,Home Office,South,Furniture,Bookcases,4,0.0,3094.77,371.37
403,ORD-1403,2023-04-27,2023-05-03,Standard Class,CUST-1002,Aadhya Nair,Consumer,North,Technology,Machines,11,0.0,4899.76,734.96
404,ORD-1404,2024-10-21,2024-10-22,First Class,CUST-1003,Ananya Mehta,Consumer,West,Office Supplies,Binders,5,0.0,542.83,119.42
405,ORD-1405,2023-08-30,2023-09-04,Standard Class,CUST-1004,Ira Verma,Consumer,East,Technology,Machines,6,0.15,3526.41,317.38
406,ORD-1406,2023-05-28,2023-06-02,Standard Class,CUST-1005,Myra Kumar,Consumer,North,Office Supplies,Art,6,0.1,104.71,18.85
407,ORD-1407,2024-01-07,2024-01-11,Second Class,CUST-1006,Vivaan Chopra,Consumer,South,Office Supplies,Labels,11,0.3,686.32,68.63
408,ORD-1408,2024-03-29,2024-03-31,First Class,CUST-1007,Krishna Patel,Consumer,West,Office Supplies,Storage,4,0.0,93.7,20.61
409,ORD-1409,2024-05-18,2024-05-19,First Class,CUST-1008,Sai Chopra,Home Office,South,Technology,Copiers,5,0.2,4338.42,303.69
410,ORD-1410,2024-10-18,2024-10-25,Standard Class,CUST-1009,Krishna Kumar,Corporate,South,Office Supplies,Storage,12,0.2,1133.88,158.74
411,ORD-1411,2023-05-17,2023-05-22,Standard Class,CUST-1010,Sai Nair,Consumer,East,Technology,Machines,7,0.3,2391.98,71.76
412,ORD-1412,2023-07-23,2023-07-30,Standard Class,CUST-1011,Diya Gupta,Corporate,West,Furniture,Furnishings,10,0.2,1656.54,66.26
413,ORD-1413,2023-05-02,2023-05-09,Standard Class,CUST-1012,Arjun Nair,Consumer,North,Technology,Machines,4,0.15,1758.36,158.25
414,ORD-1414,2023-05-30,2023-06-04,Standard Class,CUST-1013,Kiara Verma,Home Office,West,Furniture,Furnishings,1,0.0,464.48,55.74
415,ORD-1415,2024-12-26,2024-12-28,First Class,CUST-1014,Myra Desai,Consumer,East,Furniture,Chairs,6,0.1,5222.44,417.8
416,ORD-1416,2024-05-31,2024-06-02,First Class,CUST-1015,Vivaan Mehta,Consumer,South,Office Supplies,Storage,3,0.2,177.47,24.85
417,ORD-1417,2024-12-28,2025-01-03,Standard Class,CUST-1016,Ishaan Chopra,Home Office,North,Furniture,Chairs,6,0.1,4885.97,390.88
418,ORD-1418,2023-11-20,2023-11-27,Standard Class,CUST-1017,Krishna Gupta,Consumer,South,Technology,Copiers,1,0.0,727.34,109.1
419,ORD-1419,2024-07-28,2024-08-02,Standard Class,CUST-1018,Rohan Gupta,Consumer,South,Technology,Accessories,3,0.15,2483.12,223.48
420,ORD-1420,2023-07-04,2023-07-08,Standard Class,CUST-1019,Vihaan Nair,Home Office,North,Technology,Phones,6,0.0,7581.7,1137.25
421,ORD-1421,2024-04-09,2024-04-13,Second Class,CUST-1020,Kiara Reddy,Home Office,North,Office Supplies,Storage,12,0.0,1311.49,288.53
422,ORD-1422,2023-11-27,2023-12-03,Standard Class,CUST-1021,Sai Singh,Consumer,West,Office Supplies,Labels,7,0.15,688.69,110.19
423,ORD-1423,2023-05-04,2023-05-07,Second Class,CUST-1022,Diya Joshi,Home Office,West,Technology,Machines,2,0.2,1428.71,100.01
424,ORD-1424,2024-01-13,2024-01-13,Same Day,CUST-1023,Krishna Joshi,Consumer,South,Office Supplies,Binders,11,0.1,1195.33,215.16
425,ORD-1425,2024-03-23,2024-03-27,Standard Class,CUST-1024,Krishna Kumar,Corporate,West,Office Supplies,Paper,7,0.0,73.42,16.15
426,ORD-1426,2024-02-27,2024-03-02,Standard Class,CUST-1025,Anika Sharma,Consumer,East,Office Supplies,Storage,2,0.2,109.47,15.33
427,ORD-1427,2024-12-22,2024-12-29,Standard Class,CUST-1026,Sai Singh,Corporate,East,Office Supplies,Art,3,0.15,337.93,54.07
428,ORD-1428,2023-01-06,2023-01-07,First Class,CUST-1027,Ira Chopra,Corporate,North,Office Supplies,Art,8,0.15,752.62,120.42
429,ORD-1429,2023-05-09,2023-05-15,Standard Class,CUST-1028,Arjun Joshi,Home Office,North,Technology,Accessories,4,0.0,4782.07,717.31
430,ORD-1430,2024-04-30,2024-05-04,Standard Class,CUST-1029,Kiara Mehta,Home Office,North,Technology,Copiers,4,0.0,5036.26,755.44
431,ORD-1431,2024-08-15,2024-08-19,Standard Class,CUST-1030,Ira Desai,Consumer,East,Office Supplies,Art,11,0.0,1152.56,253.56
432,ORD-1432,2024-07-20,2024-07-22,Second Class,CUST-1031,Diya Iyer,Consumer,West,Office Supplies,Art,12,0.1,274.16,49.35
433,ORD-1433,2023-12-14,2023-12-19,Standard Class,CUST-1032,Saanvi Nair,Consumer,West,Technology,Copiers,11,0.3,7356.06,220.68
434,ORD-1434,2023-10-17,2023-10-20,Second Class,CUST-1033,Vihaan Malhotra,Consumer,North,Office Supplies,Paper,7,0.1,419.48,75.51
435,ORD-1435,2024-05-30,2024-06-04,Standard Class,CUST-1034,Myra Patel,Consumer,North,Office Supplies,Labels,6,0.1,544.04,97.93
436,ORD-1436,2024-12-24,2024-12-27,Second Class,CUST-1035,Ira Malhotra,Home Office,West,Technology,Phones,2,0.1,393.52,43.29
437,ORD-1437,2023-10-27,2023-11-03,Standard Class,CUST-1036,Arjun Verma,Consumer,West,Office Supplies,Binders,4,0.0,211.24,46.47
438,ORD-1438,2024-06-01,2024-06-04,Second Class,CUST-1037,Arjun Malhotra,Consumer,North,Technology,Copiers,9,0.0,10913.08,1636.96
439,ORD-1439,2023-01-31,2023-02-04,Standard Class,CUST-1038,Sai Nair,Consumer,West,Technology,Phones,1,0.0,1387.65,208.15
440,ORD-1440,2024-03-05,2024-03-10,Standard Class,CUST-1039,Diya Sharma,Corporate,East,Office Supplies,Storage,5,0.0,375.98,82.72
441,ORD-1441,2024-12-15,2024-12-21,Standard Class,CUST-1040,Navya Reddy,Home Office,West,Office Supplies,Paper,7,0.3,573.98,57.4
442,ORD-1442,2024-06-07,2024-06-08,First Class,CUST-1041,Navya Mehta,Consumer,East,Technology,Accessories,5,0.3,5020.64,150.62
443,ORD-1443,2024-01-17,2024-01-22,Standard Class,CUST-1042,Aarav Iyer,Consumer,South,Furniture,Chairs,6,0.1,5156.63,412.53
444,ORD-1444,2023-10-19,2023-10-24,Standard Class,CUST-1043,Krishna Verma,Corporate,West,Office Supplies,Paper,6,0.1,157.98,28.44
445,ORD-1445,2024-02-26,2024-03-04,Standard Class,CUST-1044,Anika Nair,Consumer,North,Technology,Copiers,10,0.1,12749.89,1402.49
446,ORD-1446,2023-05-28,2023-06-01,Standard Class,CUST-1045,Reyansh Iyer,Home Office,South,Office Supplies,Labels,8,0.3,167.71,16.77
447,ORD-1447,2023-04-23,2023-04-27,Standard Class,CUST-1046,Diya Patel,Consumer,East,Furniture,Tables,5,0.1,2320.53,185.64
448,ORD-1448,2023-08-09,2023-08-14,Standard Class,CUST-1047,Myra Mehta,Consumer,East,Furniture,Bookcases,5,0.1,2638.04,211.04
449,ORD-1449,2024-04-05,2024-04-09,Second Class,CUST-1048,Aadhya Nair,Corporate,North,Technology,Phones,4,0.15,444.8,40.03
450,ORD-1450,2024-10-23,2024-10-28,Standard Class,CUST-1049,Navya Verma,Corporate,North,Furniture,Bookcases,4,0.3,3142.19,0.0
451,ORD-1451,2024-06-28,2024-06-30,First Class,CUST-1050,Riya Iyer,Home Office,North,Technology,Accessories,2,0.0,1265.21,189.78
452,ORD-1452,2023-07-04,2023-07-04,Same Day,CUST-1051,Navya Gupta,Consumer,West,Office Supplies,Storage,5,0.0,171.94,37.83
453,ORD-1453,2023-03-02,2023-03-07,Standard Class,CUST-1052,Arjun Nair,Consumer,South,Furniture,Chairs,6,0.0,1749.04,209.88
454,ORD-1454,2024-05-19,2024-05-23,Standard Class,CUST-1053,Aadhya Verma,Consumer,South,Technology,Machines,8,0.0,10999.33,1649.9
455,ORD-1455,2023-11-08,2023-11-12,Standard Class,CUST-1054,Navya Gupta,Corporate,South,Technology,Accessories,4,0.1,5322.06,585.43
456,ORD-1456,2024-10-30,2024-11-03,Standard Class,CUST-1055,Saanvi Reddy,Consumer,North,Technology,Copiers,11,0.0,5036.92,755.54
457,ORD-1457,2023-10-14,2023-10-16,First Class,CUST-1056,Ishaan Malhotra,Home Office,North,Office Supplies,Storage,12,0.0,399.38,87.86
458,ORD-1458,2023-01-03,2023-01-05,First Class,CUST-1057,Myra Malhotra,Consumer,North,Furniture,Tables,7,0.0,3648.87,437.86
459,ORD-1459,2024-11-19,2024-11-25,Standard Class,CUST-1058,Aarav Verma,Consumer,West,Office Supplies,Labels,8,0.15,207.76,33.24
460,ORD-1460,2023-07-16,2023-07-23,Standard Class,CUST-1059,Diya Sharma,Consumer,East,Office Supplies,Paper,5,0.0,429.83,94.56
461,ORD-1461,2024-08-05,2024-08-11,Standard Class,CUST-1060,Aditya Gupta,Consumer,North,Furniture,Tables,5,0.15,4037.37,242.24
462,ORD-1462,2024-12-10,2024-12-17,Standard Class,CUST-1061,Vivaan Rao,Consumer,East,Office Supplies,Art,6,0.15,684.38,109.5
463,ORD-1463,2023-08-18,2023-08-22,Standard Class,CUST-1062,Aditya Desai,Consumer,West,Office Supplies,Storage,10,0.15,1135.31,181.65
464,ORD-1464,2023-06-18,2023-06-20,First Class,CUST-1063,Riya Malhotra,Consumer,North,Office Supplies,Binders,11,0.1,1084.69,195.24
465,ORD-1465,2024-09-26,2024-10-03,Standard Class,CUST-1064,Vivaan Nair,Consumer,North,Office Supplies,Binders,6,0.0,508.42,111.85
466,ORD-1466,2023-03-09,2023-03-13,Second Class,CUST-1065,Aadhya Singh,Consumer,North,Furniture,Furnishings,10,0.1,7039.57,563.17
467,ORD-1467,2023-12-14,2023-12-20,Standard Class,CUST-1066,Aarav Mehta,Corporate,East,Furniture,Bookcases,12,0.1,1575.9,126.07
468,ORD-1468,2024-03-31,2024-04-06,Standard Class,CUST-1067,Diya Patel,Consumer,North,Furniture,Tables,10,0.0,8058.82,967.06
469,ORD-1469,2023-01-09,2023-01-11,First Class,CUST-1068,Vivaan Nair,Consumer,East,Furniture,Tables,6,0.15,1376.54,82.59
470,ORD-1470,2024-12-12,2024-12-17,Standard Class,CUST-1069,Rohan Nair,Corporate,South,Office Supplies,Labels,6,0.0,343.47,75.56
471,ORD-1471,2024-12-10,2024-12-16,Standard Class,CUST-1070,Saanvi Gupta,Corporate,East,Furniture,Bookcases,1,0.0,377.51,45.3
472,ORD-1472,2024-10-08,2024-10-12,Standard Class,CUST-1071,Krishna Desai,Consumer,West,Furniture,Chairs,5,0.0,3347.23,401.67
473,ORD-1473,2023-04-14,2023-04-21,Standard Class,CUST-1072,Kiara Singh,Consumer,East,Office Supplies,Binders,6,0.3,442.28,44.23
474,ORD-1474,2023-05-02,2023-05-06,Second Class,CUST-1073,Ananya Mehta,Corporate,West,Technology,Accessories,7,0.1,794.31,87.37
475,ORD-1475,2023-06-02,2023-06-02,Same Day,CUST-1074,Myra Singh,Home Office,North,Technology,Accessories,12,0.0,12144.94,1821.74
476,ORD-1476,2024-05-25,2024-05-30,Standard Class,CUST-1075,Ishaan Mehta,Corporate,North,Technology,Copiers,7,0.0,6944.83,1041.72
477,ORD-1477,2024-02-10,2024-02-14,Standard Class,CUST-1076,Navya Verma,Home Office,South,Office Supplies,Paper,3,0.0,116.79,25.69
478,ORD-1478,2024-03-12,2024-03-16,Standard Class,CUST-1077,Sai Iyer,Consumer,South,Office Supplies,Art,4,0.0,54.91,12.08
479,ORD-1479,2023-04-11,2023-04-17,Standard Class,CUST-1078,Rohan Chopra,Consumer,South,Office Supplies,Storage,11,0.0,296.16,65.16
480,ORD-1480,2023-10-16,2023-10-20,Second Class,CUST-1079,Aarav Iyer,Home Office,West,Office Supplies,Art,11,0.0,1017.87,223.93
481,ORD-1481,2024-04-30,2024-05-04,Standard Class,CUST-1080,Aditya Reddy,Corporate,East,Office Supplies,Art,4,0.0,453.29,99.72
482,ORD-1482,2023-11-09,2023-11-14,Standard Class,CUST-1081,Saanvi Malhotra,Consumer,North,Technology,Machines,12,0.15,959.18,86.33
483,ORD-1483,2024-01-26,2024-02-02,Standard Class,CUST-1082,Kiara Joshi,Consumer,South,Office Supplies,Paper,5,0.0,84.98,18.7
484,ORD-1484,2023-07-23,2023-07-28,Standard Class,CUST-1083,Kiara Sharma,Consumer,West,Office Supplies,Paper,6,0.0,148.56,32.68
485,ORD-1485,2024-07-03,2024-07-08,Standard Class,CUST-1084,Aadhya Rao,Consumer,West,Office Supplies,Paper,12,0.0,279.12,61.41
486,ORD-1486,2023-10-10,2023-10-16,Standard Class,CUST-1085,Ananya Desai,Corporate,West,Office Supplies,Art,10,0.15,553.17,88.51
487,ORD-1487,2023-12-22,2023-12-23,First Class,CUST-1086,Aadhya Singh,Home Office,East,Office Supplies,Labels,3,0.2,251.89,35.26
488,ORD-1488,2023-02-14,2023-02-16,First Class,CUST-1087,Reyansh Desai,Consumer,West,Office Supplies,Labels,8,0.0,740.91,163.0
489,ORD-1489,2024-02-24,2024-02-28,Second Class,CUST-1088,Kiara Nair,Consumer,North,Office Supplies,Art,6,0.0,620.48,136.51
490,ORD-1490,2023-12-01,2023-12-05,Standard Class,CUST-1089,Kiara Gupta,Corporate,South,Office Supplies,Binders,8,0.0,814.24,179.13
491,ORD-1491,2023-05-08,2023-05-12,Standard Class,CUST-1090,Diya Gupta,Corporate,South,Furniture,Chairs,4,0.0,2663.27,319.59
492,ORD-1492,2024-03-30,2024-04-03,Standard Class,CUST-1091,Krishna Singh,Home Office,North,Technology,Accessories,2,0.2,133.69,9.36
493,ORD-1493,2024-11-11,2024-11-15,Standard Class,CUST-1092,Reyansh Mehta,Corporate,North,Office Supplies,Binders,4,0.0,201.73,44.38
494,ORD-1494,2023-06-27,2023-07-04,Standard Class,CUST-1093,Ishaan Joshi,Consumer,East,Furniture,Tables,10,0.0,3825.64,459.08
495,ORD-1495,2024-09-06,2024-09-10,Second Class,CUST-1094,Ananya Rao,Consumer,East,Office Supplies,Paper,11,0.1,464.54,83.62
496,ORD-1496,2024-05-30,2024-06-03,Second Class,CUST-1095,Krishna Mehta,Consumer,West,Furniture,Chairs,2,0.0,258.27,30.99
497,ORD-1497,2024-03-30,2024-03-30,Same Day,CUST-1096,Rohan Malhotra,Corporate,South,Office Supplies,Binders,1,0.0,89.28,19.64
498,ORD-1498,2024-12-04,2024-12-06,Second Class,CUST-1097,Aditya Rao,Consumer,North,Technology,Machines,8,0.0,7758.66,1163.8
499,ORD-1499,2023-06-27,2023-07-03,Standard Class,CUST-1098,Kiara Patel,Consumer,West,Technology,Accessories,3,0.0,917.49,137.62
500,ORD-1500,2024-10-12,2024-10-19,Standard Class,CUST-1099,Kiara Nair,Consumer,West,Office Supplies,Storage,9,0.3,449.18,44.92
501,ORD-1501,2023-11-04,2023-11-09,Standard Class,CUST-1100,Rohan Nair,Consumer,North,Technology,Machines,9,0.1,2166.36,238.3
502,ORD-1502,2024-01-19,2024-01-24,Standard Class,CUST-1101,Riya Verma,Consumer,West,Technology,Machines,7,0.3,1468.24,44.05
503,ORD-1503,2023-12-23,2023-12-25,First Class,CUST-1102,Krishna Singh,Corporate,South,Office Supplies,Binders,8,0.15,752.61,120.42
504,ORD-1504,2024-11-28,2024-11-30,Second Class,CUST-1103,Saanvi Nair,Consumer,North,Office Supplies,Paper,12,0.0,1303.37,286.74
505,ORD-1505,2024-11-05,2024-11-09,Standard Class,CUST-1104,Diya Rao,Consumer,East,Technology,Phones,3,0.15,3251.83,292.66
506,ORD-1506,2023-01-02,2023-01-05,Second Class,CUST-1105,Sai Gupta,Corporate,West,Office Supplies,Art,6,0.1,119.01,21.42
507,ORD-1507,2023-07-10,2023-07-11,First Class,CUST-1106,Aadhya Iyer,Consumer,West,Technology,Accessories,11,0.0,10701.12,1605.17
508,ORD-1508,2023-10-11,2023-10-15,Standard Class,CUST-1107,Vivaan Patel,Corporate,North,Furniture,Furnishings,1,0.0,625.56,75.07
509,ORD-1509,2024-05-12,2024-05-18,Standard Class,CUST-1108,Ananya Rao,Corporate,South,Office Supplies,Storage,4,0.0,325.94,71.71
510,ORD-1510,2023-01-04,2023-01-11,Standard Class,CUST-1109,Anika Patel,Consumer,East,Technology,Accessories,12,0.15,8082.52,727.43
511,ORD-1511,2024-11-07,2024-11-11,Standard Class,CUST-1110,Vivaan Malhotra,Consumer,West,Technology,Machines,12,0.0,11157.68,1673.65
512,ORD-1512,2024-12-17,2024-12-19,First Class,CUST-1111,Riya Malhotra,Corporate,East,Office Supplies,Paper,12,0.0,236.45,52.02
513,ORD-1513,2023-04-29,2023-05-02,Second Class,CUST-1112,Aditya Verma,Corporate,East,Furniture,Tables,7,0.0,6261.89,751.43
514,ORD-1514,2024-11-17,2024-11-21,Second Class,CUST-1113,Krishna Desai,Consumer,North,Office Supplies,Art,10,0.0,740.78,162.97
515,ORD-1515,2023-08-27,2023-08-31,Standard Class,CUST-1114,Reyansh Chopra,Consumer,North,Furniture,Chairs,2,0.0,1099.46,131.94
516,ORD-1516,2024-08-27,2024-08-30,Second Class,CUST-1115,Arjun Kumar,Corporate,West,Technology,Machines,11,0.1,6649.58,731.45
517,ORD-1517,2023-10-31,2023-11-04,Second Class,CUST-1116,Vivaan Mehta,Consumer,South,Office Supplies,Labels,6,0.3,649.13,64.91
518,ORD-1518,2024-05-21,2024-05-24,Second Class,CUST-1117,Krishna Chopra,Consumer,West,Furniture,Bookcases,12,0.1,1432.93,114.63
519,ORD-1519,2023-01-23,2023-01-27,Standard Class,CUST-1118,Anika Chopra,Corporate,South,Office Supplies,Storage,5,0.1,539.09,97.04
520,ORD-1520,2024-12-27,2024-12-31,Standard Class,CUST-1119,Arjun Singh,Corporate,East,Office Supplies,Art,4,0.0,110.0,24.2
521,ORD-1521,2024-03-13,2024-03-20,Standard Class,CUST-1120,Vivaan Verma,Home Office,North,Furniture,Bookcases,9,0.1,5352.19,428.18
522,ORD-1522,2023-05-02,2023-05-08,Standard Class,CUST-1121,Aditya Malhotra,Corporate,South,Office Supplies,Paper,8,0.15,609.56,97.53
523,ORD-1523,2023-04-30,2023-05-07,Standard Class,CUST-1122,Riya Iyer,Consumer,South,Office Supplies,Labels,5,0.0,79.37,17.46
524,ORD-1524,2023-04-12,2023-04-14,Second Class,CUST-1123,Saanvi Kumar,Consumer,East,Technology,Accessories,9,0.2,1207.25,84.51
525,ORD-1525,2024-12-12,2024-12-18,Standard Class,CUST-1124,Sai Verma,Consumer,East,Technology,Phones,9,0.0,1554.16,233.12
526,ORD-1526,2024-11-04,2024-11-09,Standard Class,CUST-1125,Riya Iyer,Corporate,South,Technology,Machines,12,0.1,17405.94,1914.65
527,ORD-1527,2024-11-09,2024-11-13,Standard Class,CUST-1126,Arjun Mehta,Home Office,North,Furniture,Bookcases,9,0.1,2244.94,179.6
528,ORD-1528,2023-09-24,2023-09-28,Second Class,CUST-1127,Arjun Kumar,Home Office,West,Office Supplies,Binders,4,0.15,340.96,54.55
529,ORD-1529,2024-06-07,2024-06-07,Same Day,CUST-1128,Krishna Verma,Consumer,South,Furniture,Furnishings,5,0.0,910.95,109.31
530,ORD-1530,2023-10-07,2023-10-07,Same Day,CUST-1129,Saanvi Verma,Consumer,West,Office Supplies,Binders,2,0.2,166.86,23.36
531,ORD-1531,2024-12-18,2024-12-25,Standard Class,CUST-1130,Saanvi Gupta,Home Office,South,Office Supplies,Binders,6,0.1,482.76,86.9
532,ORD-1532,2023-09-23,2023-09-30,Standard Class,CUST-1131,Ishaan Sharma,Consumer,South,Furniture,Tables,12,0.15,6923.43,415.41
533,ORD-1533,2023-07-07,2023-07-11,Standard Class,CUST-1132,Krishna Patel,Consumer,South,Office Supplies,Storage,11,0.0,1253.53,275.78
534,ORD-1534,2023-03-20,2023-03-27,Standard Class,CUST-1133,Myra Malhotra,Consumer,West,Furniture,Chairs,1,0.15,829.87,49.79
535,ORD-1535,2024-02-20,2024-02-24,Second Class,CUST-1134,Diya Singh,Corporate,North,Technology,Phones,12,0.3,16366.82,491.0
536,ORD-1536,2023-06-29,2023-07-03,Standard Class,CUST-1135,Diya Verma,Consumer,West,Office Supplies,Binders,6,0.15,193.23,30.92
537,ORD-1537,2024-05-09,2024-05-13,Standard Class,CUST-1136,Anika Rao,Consumer,North,Technology,Copiers,1,0.0,1280.11,192.02
538,ORD-1538,2023-12-03,2023-12-10,Standard Class,CUST-1137,Aadhya Iyer,Consumer,North,Office Supplies,Paper,4,0.0,256.59,56.45
539,ORD-1539,2024-11-03,2024-11-07,Standard Class,CUST-1138,Ishaan Verma,Consumer,South,Office Supplies,Storage,8,0.15,424.22,67.88
540,ORD-1540,2023-04-24,2023-04-29,Standard Class,CUST-1139,Reyansh Iyer,Home Office,North,Office Supplies,Storage,11,0.1,199.11,35.84
541,ORD-1541,2024-02-03,2024-02-10,Standard Class,CUST-1140,Krishna Sharma,Consumer,West,Technology,Accessories,11,0.0,10073.53,1511.03
542,ORD-1542,2024-05-12,2024-05-16,Standard Class,CUST-1141,Vihaan Rao,Consumer,South,Office Supplies,Labels,5,0.0,167.23,36.79
543,ORD-1543,2023-06-02,2023-06-07,Standard Class,CUST-1142,Ira Singh,Home Office,North,Furniture,Tables,2,0.15,1506.55,90.39
544,ORD-1544,2024-03-12,2024-03-18,Standard Class,CUST-1143,Diya Chopra,Consumer,South,Office Supplies,Storage,7,0.0,755.56,166.22
545,ORD-1545,2024-04-28,2024-05-04,Standard Class,CUST-1144,Rohan Verma,Home Office,East,Office Supplies,Storage,2,0.0,167.08,36.76
546,ORD-1546,2024-08-26,2024-08-31,Standard Class,CUST-1145,Vihaan Gupta,Corporate,South,Office Supplies,Paper,11,0.2,194.81,27.27
547,ORD-1547,2023-04-12,2023-04-18,Standard Class,CUST-1146,Arjun Sharma,Home Office,East,Office Supplies,Art,3,0.2,192.63,26.97
548,ORD-1548,2024-10-06,2024-10-06,Same Day,CUST-1147,Aarav Gupta,Corporate,West,Furniture,Furnishings,10,0.3,2773.7,0.0
549,ORD-1549,2024-02-12,2024-02-16,Second Class,CUST-1148,Saanvi Kumar,Consumer,East,Office Supplies,Binders,7,0.0,253.55,55.78
550,ORD-1550,2024-06-09,2024-06-14,Standard Class,CUST-1149,Ishaan Kumar,Home Office,East,Office Supplies,Storage,2,0.0,20.49,4.51
551,ORD-1551,2023-10-04,2023-10-10,Standard Class,CUST-1150,Diya Joshi,Corporate,North,Technology,Accessories,10,0.2,13369.81,935.89
552,ORD-1552,2023-10-29,2023-10-29,Same Day,CUST-1151,Sai Patel,Consumer,North,Technology,Machines,1,0.15,1125.34,101.28
553,ORD-1553,2024-10-31,2024-11-07,Standard Class,CUST-1152,Ishaan Singh,Corporate,East,Office Supplies,Paper,10,0.0,1036.95,228.13
554,ORD-1554,2024-05-05,2024-05-10,Standard Class,CUST-1153,Sai Joshi,Consumer,North,Furniture,Tables,5,0.0,486.29,58.35
555,ORD-1555,2023-03-15,2023-03-19,Standard Class,CUST-1154,Aarav Mehta,Consumer,South,Office Supplies,Art,2,0.15,14.1,2.26
556,ORD-1556,2023-03-27,2023-04-01,Standard Class,CUST-1155,Ananya Rao,Home Office,West,Office Supplies,Binders,12,0.2,237.01,33.18
557,ORD-1557,2024-05-05,2024-05-06,First Class,CUST-1156,Vihaan Kumar,Consumer,North,Office Supplies,Labels,5,0.0,534.71,117.64
558,ORD-1558,2024-03-13,2024-03-17,Second Class,CUST-1157,Vihaan Iyer,Corporate,South,Office Supplies,Art,3,0.0,92.46,20.34
559,ORD-1559,2023-05-02,2023-05-08,Standard Class,CUST-1158,Anika Reddy,Corporate,West,Furniture,Chairs,10,0.15,2184.27,131.06
560,ORD-1560,2023-10-05,2023-10-06,First Class,CUST-1159,Arjun Malhotra,Corporate,East,Technology,Phones,11,0.15,7329.43,659.65
561,ORD-1561,2024-08-14,2024-08-20,Standard Class,CUST-1160,Saanvi Reddy,Home Office,East,Furniture,Bookcases,6,0.1,2824.15,225.93
562,ORD-1562,2024-01-28,2024-02-01,Standard Class,CUST-1161,Aditya Mehta,Corporate,South,Office Supplies,Labels,12,0.15,818.88,131.02
563,ORD-1563,2023-01-03,2023-01-05,First Class,CUST-1162,Vivaan Desai,Home Office,West,Office Supplies,Art,6,0.0,616.04,135.53
564,ORD-1564,2023-09-06,2023-09-09,Second Class,CUST-1163,Saanvi Chopra,Home Office,North,Technology,Phones,1,0.0,128.42,19.26
565,ORD-1565,2023-01-31,2023-02-02,First Class,CUST-1164,Arjun Malhotra,Corporate,North,Furniture,Chairs,3,0.3,1270.02,0.0
566,ORD-1566,2024-12-12,2024-12-18,Standard Class,CUST-1165,Sai Sharma,Corporate,North,Furniture,Chairs,7,0.1,5179.4,414.35
567,ORD-1567,2024-12-27,2024-12-27,Same Day,CUST-1166,Arjun Chopra,Corporate,West,Office Supplies,Binders,4,0.2,43.01,6.02
568,ORD-1568,2024-05-03,2024-05-07,Standard Class,CUST-1167,Aadhya Singh,Consumer,East,Technology,Accessories,5,0.2,4345.74,304.2
569,ORD-1569,2023-06-16,2023-06-23,Standard Class,CUST-1168,Vivaan Singh,Consumer,North,Office Supplies,Storage,5,0.3,321.07,32.11
570,ORD-1570,2023-11-19,2023-11-26,Standard Class,CUST-1169,Ananya Malhotra,Home Office,South,Technology,Machines,7,0.0,7481.97,1122.3
571,ORD-1571,2023-06-03,2023-06-08,Standard Class,CUST-1170,Kiara Verma,Consumer,West,Office Supplies,Binders,11,0.2,906.02,126.84
572,ORD-1572,2024-05-28,2024-06-04,Standard Class,CUST-1171,Rohan Reddy,Consumer,East,Office Supplies,Storage,10,0.15,520.99,83.36
573,ORD-1573,2024-09-17,2024-09-21,Standard Class,CUST-1172,Rohan Kumar,Consumer,West,Office Supplies,Art,2,0.0,114.61,25.21
574,ORD-1574,2023-12-28,2023-12-28,Same Day,CUST-1173,Kiara Joshi,Home Office,North,Technology,Machines,3,0.0,2273.93,341.09
575,ORD-1575,2023-05-13,2023-05-17,Second Class,CUST-1174,Anika Iyer,Consumer,South,Office Supplies,Storage,5,0.3,541.42,54.14
576,ORD-1576,2024-12-17,2024-12-24,Standard Class,CUST-1175,Aditya Singh,Consumer,North,Technology,Machines,7,0.1,3774.97,415.25
577,ORD-1577,2023-07-24,2023-07-27,Second Class,CUST-1176,Myra Verma,Consumer,North,Office Supplies,Labels,5,0.0,338.42,74.45
578,ORD-1578,2024-04-29,2024-05-03,Second Class,CUST-1177,Aditya Gupta,Consumer,North,Furniture,Furnishings,2,0.1,590.93,47.27
579,ORD-1579,2024-11-16,2024-11-19,Second Class,CUST-1178,Sai Singh,Consumer,North,Furniture,Furnishings,6,0.15,4884.21,293.05
580,ORD-1580,2023-01-11,2023-01-11,Same Day,CUST-1179,Ananya Sharma,Consumer,West,Furniture,Tables,3,0.0,2445.39,293.45
581,ORD-1581,2024-10-16,2024-10-20,Standard Class,CUST-1180,Sai Mehta,Consumer,North,Furniture,Tables,7,0.15,1719.6,103.18
582,ORD-1582,2023-01-17,2023-01-19,Second Class,CUST-1181,Kiara Nair,Corporate,South,Technology,Phones,7,0.3,4251.86,127.56
583,ORD-1583,2024-04-14,2024-04-18,Standard Class,CUST-1182,Aadhya Joshi,Consumer,North,Office Supplies,Labels,5,0.0,564.29,124.14
584,ORD-1584,2024-10-27,2024-10-31,Standard Class,CUST-1183,Vivaan Joshi,Corporate,West,Furniture,Chairs,5,0.1,3775.23,302.02
585,ORD-1585,2023-05-08,2023-05-15,Standard Class,CUST-1184,Krishna Kumar,Consumer,West,Office Supplies,Art,5,0.2,379.52,53.13
586,ORD-1586,2024-02-29,2024-02-29,Same Day,CUST-1185,Aadhya Singh,Consumer,North,Technology,Machines,9,0.2,8328.28,582.98
587,ORD-1587,2023-06-27,2023-06-28,First Class,CUST-1186,Anika Verma,Consumer,South,Furniture,Tables,11,0.2,5718.91,228.76
588,ORD-1588,2023-04-06,2023-04-08,Second Class,CUST-1187,Navya Desai,Consumer,South,Office Supplies,Labels,2,0.3,14.39,1.44
589,ORD-1589,2024-10-30,2024-11-01,First Class,CUST-1188,Saanvi Malhotra,Corporate,South,Office Supplies,Paper,5,0.1,177.61,31.97
590,ORD-1590,2024-09-02,2024-09-06,Standard Class,CUST-1189,Diya Desai,Consumer,North,Office Supplies,Paper,4,0.0,245.88,54.09
591,ORD-1591,2024-10-10,2024-10-12,Second Class,CUST-1190,Ira Rao,Home Office,West,Furniture,Chairs,1,0.3,160.26,-0.0
592,ORD-1592,2023-05-05,2023-05-11,Standard Class,CUST-1191,Reyansh Sharma,Consumer,North,Furniture,Tables,6,0.0,1161.74,139.41
593,ORD-1593,2023-04-05,2023-04-07,First Class,CUST-1192,Reyansh Patel,Consumer,East,Office Supplies,Art,3,0.3,279.26,27.93
594,ORD-1594,2024-05-14,2024-05-16,Second Class,CUST-1193,Ira Nair,Corporate,South,Office Supplies,Storage,7,0.2,299.95,41.99
595,ORD-1595,2024-06-07,2024-06-13,Standard Class,CUST-1194,Sai Malhotra,Consumer,South,Office Supplies,Labels,6,0.0,158.28,34.82
596,ORD-1596,2023-11-18,2023-11-22,Standard Class,CUST-1195,Ananya Desai,Consumer,South,Furniture,Bookcases,4,0.1,2097.32,167.79
597,ORD-1597,2024-11-18,2024-11-23,Standard Class,CUST-1196,Reyansh Sharma,Consumer,West,Office Supplies,Art,8,0.0,951.04,209.23
598,ORD-1598,2024-08-28,2024-08-30,First Class,CUST-1197,Rohan Gupta,Home Office,East,Office Supplies,Labels,7,0.0,464.44,102.18
599,ORD-1599,2024-03-01,2024-03-04,Second Class,CUST-1198,Myra Mehta,Consumer,North,Technology,Copiers,1,0.2,666.59,46.66
600,ORD-1600,2023-01-30,2023-02-03,Second Class,CUST-1199,Krishna Gupta,Home Office,West,Furniture,Bookcases,2,0.2,445.09,17.8
601,ORD-1601,2023-02-14,2023-02-18,Second Class,CUST-1200,Saanvi Patel,Corporate,West,Furniture,Bookcases,12,0.0,2636.13,316.34
602,ORD-1602,2024-10-14,2024-10-20,Standard Class,CUST-1201,Ishaan Reddy,Consumer,North,Office Supplies,Labels,12,0.15,178.28,28.52
603,ORD-1603,2024-11-06,2024-11-12,Standard Class,CUST-1202,Aarav Joshi,Home Office,West,Office Supplies,Binders,4,0.0,197.13,43.37
604,ORD-1604,2024-11-02,2024-11-07,Standard Class,CUST-1203,Kiara Rao,Home Office,South,Technology,Accessories,10,0.0,3225.33,483.8
605,ORD-1605,2023-05-31,2023-06-06,Standard Class,CUST-1204,Aarav Iyer,Home Office,North,Furniture,Chairs,11,0.1,5498.53,439.88
606,ORD-1606,2023-06-04,2023-06-11,Standard Class,CUST-1205,Saanvi Chopra,Consumer,South,Office Supplies,Art,7,0.0,187.51,41.25
607,ORD-1607,2023-04-22,2023-04-24,First Class,CUST-1206,Riya Patel,Consumer,East,Technology,Accessories,4,0.1,1468.09,161.49
608,ORD-1608,2023-04-14,2023-04-18,Second Class,CUST-1207,Diya Joshi,Consumer,West,Office Supplies,Art,5,0.0,190.59,41.93
609,ORD-1609,2024-12-05,2024-12-10,Standard Class,CUST-1208,Aarav Joshi,Consumer,South,Furniture,Tables,8,0.2,3240.34,129.61
610,ORD-1610,2024-08-31,2024-09-05,Standard Class,CUST-1209,Aarav Mehta,Consumer,South,Furniture,Tables,11,0.0,9813.53,1177.62
611,ORD-1611,2023-11-08,2023-11-15,Standard Class,CUST-1210,Myra Patel,Home Office,South,Office Supplies,Storage,6,0.0,601.15,132.25
612,ORD-1612,2024-12-03,2024-12-07,Second Class,CUST-1211,Arjun Reddy,Home Office,East,Furniture,Furnishings,8,0.0,842.73,101.13
613,ORD-1613,2023-10-08,2023-10-09,First Class,CUST-1212,Sai Patel,Home Office,East,Technology,Copiers,11,0.3,9051.69,271.55
614,ORD-1614,2023-02-12,2023-02-17,Standard Class,CUST-1213,Diya Patel,Consumer,East,Technology,Phones,2,0.1,2025.39,222.79
615,ORD-1615,2024-09-30,2024-10-06,Standard Class,CUST-1214,Vivaan Singh,Corporate,North,Office Supplies,Binders,5,0.0,95.98,21.12
616,ORD-1616,2023-02-21,2023-02-24,Second Class,CUST-1215,Arjun Verma,Corporate,South,Office Supplies,Labels,12,0.1,1391.33,250.44
617,ORD-1617,2023-02-02,2023-02-02,Same Day,CUST-1216,Vihaan Desai,Consumer,South,Technology,Copiers,5,0.0,1506.44,225.97
618,ORD-1618,2024-11-30,2024-12-04,Standard Class,CUST-1217,Riya Desai,Consumer,North,Office Supplies,Paper,11,0.2,269.75,37.77
619,ORD-1619,2024-12-11,2024-12-16,Standard Class,CUST-1218,Aadhya Iyer,Consumer,West,Technology,Copiers,1,0.0,1161.82,174.27
620,ORD-1620,2023-09-06,2023-09-10,Standard Class,CUST-1219,Saanvi Gupta,Home Office,South,Office Supplies,Labels,7,0.1,395.33,71.16
621,ORD-1621,2023-10-04,2023-10-09,Standard Class,CUST-1220,Ananya Rao,Home Office,East,Office Supplies,Binders,1,0.15,68.98,11.04
622,ORD-1622,2024-05-22,2024-05-26,Standard Class,CUST-1221,Aarav Malhotra,Consumer,West,Office Supplies,Paper,8,0.0,224.64,49.42
623,ORD-1623,2023-09-11,2023-09-12,First Class,CUST-1222,Rohan Nair,Consumer,South,Technology,Copiers,8,0.1,9859.04,1084.49
624,ORD-1624,2024-03-18,2024-03-22,Second Class,CUST-1223,Navya Singh,Consumer,North,Furniture,Tables,8,0.1,3678.1,294.25
625,ORD-1625,2024-02-05,2024-02-12,Standard Class,CUST-1224,Vihaan Mehta,Consumer,West,Office Supplies,Art,7,0.2,262.0,36.68
626,ORD-1626,2023-05-23,2023-05-25,First Class,CUST-1225,Anika Singh,Consumer,East,Office Supplies,Paper,6,0.0,392.29,86.3
627,ORD-1627,2024-04-15,2024-04-21,Standard Class,CUST-1226,Myra Nair,Home Office,West,Office Supplies,Storage,8,0.1,199.77,35.96
628,ORD-1628,2023-12-23,2023-12-28,Standard Class,CUST-1227,Vihaan Joshi,Home Office,West,Furniture,Chairs,2,0.0,979.07,117.49
629,ORD-1629,2023-03-05,2023-03-10,Standard Class,CUST-1228,Aarav Desai,Consumer,North,Technology,Phones,3,0.3,1631.34,48.94
630,ORD-1630,2024-05-17,2024-05-22,Standard Class,CUST-1229,Reyansh Verma,Consumer,South,Furniture,Tables,10,0.0,998.79,119.85
631,ORD-1631,2024-02-22,2024-02-24,First Class,CUST-1230,Riya Rao,Consumer,West,Office Supplies,Labels,8,0.2,345.89,48.42
632,ORD-1632,2024-10-02,2024-10-08,Standard Class,CUST-1231,Vivaan Mehta,Consumer,North,Furniture,Bookcases,9,0.3,2877.59,0.0
633,ORD-1633,2023-03-18,2023-03-22,Standard Class,CUST-1232,Vivaan Kumar,Consumer,North,Office Supplies,Labels,12,0.3,786.45,78.64
634,ORD-1634,2024-03-07,2024-03-08,First Class,CUST-1233,Ananya Desai,Consumer,South,Technology,Accessories,11,0.2,7916.87,554.18
635,ORD-1635,2024-03-02,2024-03-07,Standard Class,CUST-1234,Vivaan Verma,Home Office,East,Furniture,Furnishings,1,0.1,472.59,37.81
636,ORD-1636,2023-07-20,2023-07-26,Standard Class,CUST-1235,Saanvi Chopra,Corporate,West,Office Supplies,Binders,3,0.0,162.26,35.7
637,ORD-1637,2023-12-18,2023-12-20,Second Class,CUST-1236,Navya Mehta,Consumer,North,Furniture,Chairs,1,0.2,839.02,33.56
638,ORD-1638,2024-03-25,2024-04-01,Standard Class,CUST-1237,Saanvi Iyer,Home Office,North,Office Supplies,Paper,11,0.1,147.59,26.57
639,ORD-1639,2023-08-14,2023-08-18,Second Class,CUST-1238,Anika Desai,Consumer,South,Office Supplies,Labels,5,0.0,336.32,73.99
640,ORD-1640,2023-10-14,2023-10-21,Standard Class,CUST-1239,Vihaan Reddy,Consumer,West,Technology,Accessories,12,0.15,16822.93,1514.06
641,ORD-1641,2023-10-04,2023-10-06,First Class,CUST-1240,Saanvi Iyer,Consumer,South,Technology,Phones,1,0.0,114.4,17.16
642,ORD-1642,2024-06-29,2024-06-30,First Class,CUST-1241,Ananya Desai,Home Office,South,Office Supplies,Storage,5,0.0,364.8,80.26
643,ORD-1643,2023-04-22,2023-04-23,First Class,CUST-1242,Kiara Nair,Home Office,West,Technology,Machines,10,0.3,3887.03,116.61
644,ORD-1644,2023-10-15,2023-10-19,Standard Class,CUST-1243,Riya Nair,Corporate,West,Furniture,Tables,1,0.15,558.44,33.51
645,ORD-1645,2024-03-30,2024-03-31,First Class,CUST-1244,Reyansh Nair,Consumer,South,Office Supplies,Storage,1,0.1,13.72,2.47
646,ORD-1646,2023-10-10,2023-10-12,Second Class,CUST-1245,Vivaan Singh,Consumer,South,Furniture,Tables,2,0.0,1233.55,148.03
647,ORD-1647,2023-12-28,2024-01-01,Standard Class,CUST-1246,Anika Verma,Consumer,North,Furniture,Chairs,4,0.15,944.74,56.68
648,ORD-1648,2023-10-17,2023-10-18,First Class,CUST-1247,Diya Iyer,Home Office,South,Technology,Machines,5,0.3,521.82,15.65
649,ORD-1649,2023-11-17,2023-11-18,First Class,CUST-1248,Saanvi Rao,Corporate,West,Office Supplies,Labels,10,0.3,805.53,80.55
650,ORD-1650,2024-08-01,2024-08-06,Standard Class,CUST-1249,Anika Malhotra,Corporate,East,Office Supplies,Art,1,0.0,80.81,17.78
651,ORD-1651,2023-09-07,2023-09-10,Second Class,CUST-1250,Vihaan Chopra,Consumer,West,Technology,Accessories,4,0.0,2577.57,386.64
652,ORD-1652,2024-09-11,2024-09-15,Standard Class,CUST-1251,Aadhya Joshi,Home Office,West,Furniture,Tables,10,0.0,6260.4,751.25
653,ORD-1653,2024-03-07,2024-03-08,First Class,CUST-1252,Aarav Gupta,Home Office,North,Office Supplies,Paper,2,0.1,180.49,32.49
654,ORD-1654,2024-03-17,2024-03-23,Standard Class,CUST-1253,Saanvi Chopra,Home Office,North,Furniture,Furnishings,9,0.2,2351.68,94.07
655,ORD-1655,2023-02-16,2023-02-18,Second Class,CUST-1254,Aadhya Patel,Corporate,West,Technology,Copiers,8,0.1,8531.16,938.43
656,ORD-1656,2024-08-30,2024-09-06,Standard Class,CUST-1255,Riya Patel,Consumer,East,Office Supplies,Storage,2,0.1,119.75,21.55
657,ORD-1657,2024-01-29,2024-02-03,Standard Class,CUST-1256,Ira Reddy,Consumer,North,Furniture,Tables,2,0.1,707.76,56.62
658,ORD-1658,2024-11-13,2024-11-19,Standard Class,CUST-1257,Vivaan Desai,Corporate,North,Office Supplies,Labels,9,0.2,232.14,32.5
659,ORD-1659,2024-08-07,2024-08-11,Standard Class,CUST-1258,Vihaan Iyer,Consumer,South,Furniture,Furnishings,7,0.0,3391.29,406.95
660,ORD-1660,2023-12-01,2023-12-05,Standard Class,CUST-1259,Ananya Desai,Corporate,South,Office Supplies,Labels,1,0.0,112.22,24.69
661,ORD-1661,2023-09-09,2023-09-14,Standard Class,CUST-1260,Sai Chopra,Consumer,South,Technology,Accessories,8,0.3,9609.62,288.29
662,ORD-1662,2023-03-10,2023-03-16,Standard Class,CUST-1261,Saanvi Joshi,Consumer,East,Technology,Phones,10,0.3,7454.43,223.63
663,ORD-1663,2024-11-15,2024-11-20,Standard Class,CUST-1262,Krishna Verma,Corporate,West,Office Supplies,Storage,5,0.0,282.12,62.07
664,ORD-1664,2024-11-07,2024-11-09,First Class,CUST-1263,Ira Nair,Home Office,East,Technology,Copiers,11,0.2,8125.76,568.8
665,ORD-1665,2024-02-26,2024-03-01,Second Class,CUST-1264,Ananya Joshi,Consumer,South,Office Supplies,Binders,1,0.0,52.13,11.47
666,ORD-1666,2024-09-20,2024-09-26,Standard Class,CUST-1265,Ananya Desai,Corporate,North,Office Supplies,Binders,6,0.1,399.15,71.85
667,ORD-1667,2023-08-23,2023-08-25,Second Class,CUST-1266,Aarav Sharma,Consumer,North,Office Supplies,Art,1,0.15,62.6,10.02
668,ORD-1668,2023-11-05,2023-11-09,Standard Class,CUST-1267,Saanvi Joshi,Consumer,East,Office Supplies,Binders,7,0.0,631.12,138.85
669,ORD-1669,2023-01-21,2023-01-27,Standard Class,CUST-1268,Saanvi Singh,Consumer,West,Office Supplies,Paper,10,0.15,909.63,145.54
670,ORD-1670,2023-07-27,2023-07-31,Standard Class,CUST-1269,Aadhya Kumar,Consumer,West,Office Supplies,Art,5,0.0,546.91,120.32
671,ORD-1671,2023-04-21,2023-04-26,Standard Class,CUST-1270,Vihaan Joshi,Consumer,East,Furniture,Tables,5,0.0,1762.99,211.56
672,ORD-1672,2024-08-30,2024-09-01,First Class,CUST-1271,Krishna Sharma,Corporate,North,Office Supplies,Art,8,0.0,326.54,71.84
673,ORD-1673,2023-01-06,2023-01-10,Standard Class,CUST-1272,Krishna Reddy,Corporate,North,Office Supplies,Art,8,0.3,467.08,46.71
674,ORD-1674,2024-12-17,2024-12-24,Standard Class,CUST-1273,Vihaan Sharma,Consumer,North,Furniture,Chairs,7,0.0,3402.36,408.28
675,ORD-1675,2023-10-31,2023-11-04,Second Class,CUST-1274,Diya Mehta,Corporate,West,Technology,Machines,11,0.2,10787.56,755.13
676,ORD-1676,2024-04-28,2024-05-02,Second Class,CUST-1275,Myra Sharma,Consumer,West,Technology,Accessories,6,0.3,803.82,24.11
677,ORD-1677,2024-07-04,2024-07-11,Standard Class,CUST-1276,Navya Desai,Consumer,North,Office Supplies,Labels,4,0.0,26.5,5.83
678,ORD-1678,2024-01-12,2024-01-19,Standard Class,CUST-1277,Riya Gupta,Corporate,South,Office Supplies,Labels,2,0.0,74.4,16.37
679,ORD-1679,2024-04-29,2024-05-01,First Class,CUST-1278,Arjun Gupta,Consumer,North,Furniture,Tables,3,0.3,1282.77,0.0
680,ORD-1680,2024-03-11,2024-03-16,Standard Class,CUST-1279,Saanvi Chopra,Consumer,South,Office Supplies,Binders,8,0.0,811.56,178.54
681,ORD-1681,2024-12-29,2025-01-04,Standard Class,CUST-1280,Aadhya Joshi,Corporate,South,Office Supplies,Storage,6,0.15,599.39,95.9
682,ORD-1682,2023-08-07,2023-08-13,Standard Class,CUST-1281,Aarav Singh,Consumer,West,Technology,Accessories,8,0.0,7199.79,1079.97
683,ORD-1683,2024-09-13,2024-09-17,Second Class,CUST-1282,Ishaan Patel,Consumer,East,Office Supplies,Art,11,0.15,743.76,119.0
684,ORD-1684,2024-05-17,2024-05-24,Standard Class,CUST-1283,Aarav Mehta,Corporate,West,Office Supplies,Labels,12,0.0,1075.95,236.71
685,ORD-1685,2024-03-30,2024-04-04,Standard Class,CUST-1284,Ira Chopra,Home Office,North,Furniture,Bookcases,1,0.2,331.62,13.26
686,ORD-1686,2024-06-12,2024-06-13,First Class,CUST-1285,Anika Gupta,Consumer,East,Office Supplies,Binders,12,0.1,289.22,52.06
687,ORD-1687,2023-11-15,2023-11-19,Standard Class,CUST-1286,Kiara Verma,Home Office,South,Office Supplies,Labels,2,0.0,51.98,11.44
688,ORD-1688,2024-04-16,2024-04-18,Second Class,CUST-1287,Rohan Sharma,Corporate,East,Furniture,Tables,7,0.0,4611.95,553.43
689,ORD-1689,2023-07-24,2023-07-31,Standard Class,CUST-1288,Diya Reddy,Consumer,South,Office Supplies,Storage,11,0.0,1104.32,242.95
690,ORD-1690,2024-12-20,2024-12-23,Second Class,CUST-1289,Anika Kumar,Consumer,East,Office Supplies,Storage,12,0.0,185.25,40.76
691,ORD-1691,2023-04-29,2023-05-03,Standard Class,CUST-1290,Saanvi Joshi,Corporate,East,Office Supplies,Art,10,0.0,420.73,92.56
692,ORD-1692,2024-05-01,2024-05-08,Standard Class,CUST-1291,Sai Malhotra,Consumer,East,Furniture,Bookcases,1,0.15,420.19,25.21
693,ORD-1693,2024-09-07,2024-09-08,First Class,CUST-1292,Anika Verma,Corporate,East,Office Supplies,Paper,7,0.1,244.28,43.97
694,ORD-1694,2023-11-04,2023-11-09,Standard Class,CUST-1293,Arjun Gupta,Home Office,West,Technology,Accessories,11,0.0,16026.69,2404.0
695,ORD-1695,2024-02-10,2024-02-16,Standard Class,CUST-1294,Krishna Rao,Consumer,North,Furniture,Tables,4,0.1,1699.32,135.95
696,ORD-1696,2023-06-13,2023-06-16,Second Class,CUST-1295,Kiara Chopra,Home Office,South,Office Supplies,Paper,4,0.15,61.2,9.79
697,ORD-1697,2023-10-17,2023-10-21,Standard Class,CUST-1296,Riya Sharma,Corporate,East,Office Supplies,Art,4,0.0,101.95,22.43
698,ORD-1698,2023-03-21,2023-03-25,Standard Class,CUST-1297,Saanvi Joshi,Consumer,North,Furniture,Tables,3,0.2,1210.01,48.4
699,ORD-1699,2023-07-03,2023-07-10,Standard Class,CUST-1298,Vihaan Joshi,Corporate,East,Technology,Copiers,7,0.1,3480.47,382.85
700,ORD-1700,2023-01-12,2023-01-18,Standard Class,CUST-1299,Vihaan Mehta,Consumer,West,Office Supplies,Binders,8,0.2,713.01,99.82
701,ORD-1701,2024-03-10,2024-03-11,First Class,CUST-1300,Riya Patel,Consumer,South,Office Supplies,Paper,4,0.0,302.68,66.59
702,ORD-1702,2024-04-16,2024-04-20,Second Class,CUST-1301,Aarav Kumar,Consumer,West,Office Supplies,Storage,5,0.0,230.21,50.65
703,ORD-1703,2023-09-12,2023-09-19,Standard Class,CUST-1302,Ishaan Reddy,Corporate,East,Furniture,Tables,8,0.2,4850.2,194.01
704,ORD-1704,2023-12-01,2023-12-01,Same Day,CUST-1303,Aditya Reddy,Consumer,North,Technology,Phones,11,0.3,825.38,24.76
705,ORD-1705,2023-07-16,2023-07-21,Standard Class,CUST-1304,Vivaan Reddy,Home Office,West,Office Supplies,Labels,10,0.15,883.21,141.31
706,ORD-1706,2024-09-11,2024-09-15,Standard Class,CUST-1305,Aadhya Joshi,Consumer,North,Office Supplies,Binders,3,0.1,169.31,30.48
707,ORD-1707,2023-08-15,2023-08-17,Second Class,CUST-1306,Ananya Kumar,Corporate,South,Technology,Copiers,7,0.0,3830.95,574.64
708,ORD-1708,2024-05-25,2024-05-28,Second Class,CUST-1307,Riya Verma,Consumer,East,Office Supplies,Storage,11,0.15,1242.42,198.79
709,ORD-1709,2023-11-19,2023-11-26,Standard Class,CUST-1308,Aadhya Malhotra,Corporate,South,Furniture,Tables,1,0.3,633.49,0.0
710,ORD-1710,2024-01-23,2024-01-29,Standard Class,CUST-1309,Rohan Gupta,Consumer,West,Furniture,Tables,3,0.1,2062.72,165.02
711,ORD-1711,2024-09-05,2024-09-10,Standard Class,CUST-1310,Krishna Rao,Consumer,West,Office Supplies,Storage,7,0.0,408.45,89.86
712,ORD-1712,2023-01-04,2023-01-09,Standard Class,CUST-1311,Riya Joshi,Corporate,South,Office Supplies,Paper,7,0.1,354.33,63.78
713,ORD-1713,2024-09-05,2024-09-07,Second Class,CUST-1312,Aditya Reddy,Consumer,South,Furniture,Tables,1,0.1,668.55,53.48
714,ORD-1714,2023-09-03,2023-09-08,Standard Class,CUST-1313,Aarav Singh,Consumer,West,Technology,Machines,10,0.3,8414.87,252.45
715,ORD-1715,2023-06-13,2023-06-17,Standard Class,CUST-1314,Anika Iyer,Corporate,East,Furniture,Chairs,7,0.15,920.52,55.23
716,ORD-1716,2024-03-25,2024-03-27,Second Class,CUST-1315,Vivaan Reddy,Home Office,East,Office Supplies,Art,7,0.0,446.81,98.3
717,ORD-1717,2023-04-25,2023-04-28,Second Class,CUST-1316,Reyansh Patel,Home Office,South,Office Supplies,Paper,2,0.15,161.92,25.91
718,ORD-1718,2023-10-30,2023-11-05,Standard Class,CUST-1317,Arjun Gupta,Corporate,South,Office Supplies,Storage,9,0.0,273.76,60.23
719,ORD-1719,2024-11-20,2024-11-22,First Class,CUST-1318,Ishaan Joshi,Corporate,West,Office Supplies,Paper,4,0.1,113.84,20.49
720,ORD-1720,2024-05-03,2024-05-08,Standard Class,CUST-1319,Anika Reddy,Corporate,North,Office Supplies,Paper,7,0.0,412.85,74.31
721,ORD-1721,2023-03-08,2023-03-12,Second Class,CUST-1320,Vihaan Joshi,Corporate,South,Furniture,Bookcases,4,0.2,1399.97,56.0
722,ORD-1722,2023-12-04,2023-12-09,Standard Class,CUST-1321,Riya Kumar,Home Office,North,Technology,Phones,4,0.3,1146.21,34.39
723,ORD-1723,2023-07-01,2023-07-04,Second Class,CUST-1322,Aditya Desai,Corporate,East,Office Supplies,Binders,3,0.1,34.92,6.29
724,ORD-1724,2023-02-22,2023-02-26,Standard Class,CUST-1323,Vihaan Kumar,Consumer,East,Furniture,Chairs,10,0.1,2486.06,198.88
725,ORD-1725,2024-10-20,2024-10-26,Standard Class,CUST-1324,Aadhya Mehta,Home Office,West,Office Supplies,Art,5,0.1,122.71,22.09
726,ORD-1726,2023-12-16,2023-12-19,Second Class,CUST-1325,Sai Iyer,Consumer,East,Office Supplies,Art,1,0.0,117.05,25.75
727,ORD-1727,2024-03-29,2024-04-02,Second Class,CUST-1326,Reyansh Patel,Corporate,East,Technology,Accessories,9,0.15,6310.62,567.96
728,ORD-1728,2023-11-28,2023-12-04,Standard Class,CUST-1327,Anika Iyer,Corporate,West,Technology,Accessories,11,0.0,12137.17,1820.58
729,ORD-1729,2024-01-15,2024-01-20,Standard Class,CUST-1328,Saanvi Malhotra,Consumer,South,Office Supplies,Storage,7,0.0,791.69,174.17
730,ORD-1730,2023-07-27,2023-08-02,Standard Class,CUST-1329,Saanvi Reddy,Consumer,East,Office Supplies,Storage,9,0.1,243.89,43.9
731,ORD-1731,2023-09-06,2023-09-08,First Class,CUST-1330,Saanvi Chopra,Home Office,East,Technology,Copiers,12,0.0,11156.66,1673.5
732,ORD-1732,2023-10-10,2023-10-14,Second Class,CUST-1331,Ananya Malhotra,Consumer,South,Office Supplies,Art,12,0.0,269.45,59.28
733,ORD-1733,2024-03-24,2024-03-25,First Class,CUST-1332,Aarav Gupta,Corporate,East,Technology,Machines,2,0.3,2041.37,61.24
734,ORD-1734,2023-07-08,2023-07-10,Second Class,CUST-1333,Ishaan Mehta,Corporate,North,Office Supplies,Paper,12,0.0,253.57,55.79
735,ORD-1735,2024-06-08,2024-06-12,Standard Class,CUST-1334,Riya Reddy,Corporate,East,Technology,Machines,11,0.1,1959.1,215.5
736,ORD-1736,2023-03-31,2023-04-02,Second Class,CUST-1335,Aadhya Rao,Corporate,South,Office Supplies,Paper,5,0.0,536.38,118.0
737,ORD-1737,2024-10-25,2024-10-31,Standard Class,CUST-1336,Rohan Sharma,Home Office,South,Technology,Copiers,10,0.0,3765.83,564.87
738,ORD-1738,2024-06-29,2024-07-01,Second Class,CUST-1337,Riya Gupta,Home Office,East,Technology,Machines,4,0.0,1253.2,187.98
739,ORD-1739,2023-03-12,2023-03-16,Standard Class,CUST-1338,Ishaan Singh,Consumer,South,Furniture,Tables,4,0.3,2596.5,0.0
740,ORD-1740,2023-08-02,2023-08-07,Standard Class,CUST-1339,Vihaan Verma,Corporate,South,Office Supplies,Paper,3,0.0,214.51,47.19
741,ORD-1741,2024-09-11,2024-09-14,Second Class,CUST-1340,Diya Iyer,Home Office,West,Office Supplies,Paper,5,0.0,568.32,125.03
742,ORD-1742,2023-12-30,2024-01-01,Second Class,CUST-1341,Saanvi Desai,Consumer,South,Furniture,Bookcases,8,0.2,699.34,27.97
743,ORD-1743,2023-07-01,2023-07-06,Standard Class,CUST-1342,Reyansh Rao,Corporate,North,Furniture,Furnishings,12,0.0,7463.77,895.65
744,ORD-1744,2024-11-15,2024-11-21,Standard Class,CUST-1343,Saanvi Joshi,Consumer,West,Furniture,Tables,6,0.15,4729.34,283.76
745,ORD-1745,2023-02-17,2023-02-24,Standard Class,CUST-1344,Krishna Verma,Consumer,West,Technology,Accessories,7,0.3,4712.2,141.37
746,ORD-1746,2023-11-15,2023-11-20,Standard Class,CUST-1345,Ira Joshi,Corporate,West,Office Supplies,Storage,12,0.1,717.86,129.21
747,ORD-1747,2023-05-27,2023-05-29,Second Class,CUST-1346,Krishna Singh,Consumer,North,Furniture,Furnishings,5,0.3,1052.84,-0.0
748,ORD-1748,2024-03-08,2024-03-10,Second Class,CUST-1347,Vivaan Malhotra,Corporate,North,Technology,Phones,4,0.2,3648.01,255.36
749,ORD-1749,2023-11-27,2023-11-29,First Class,CUST-1348,Riya Nair,Corporate,South,Technology,Accessories,8,0.0,3448.53,517.28
750,ORD-1750,2023-12-12,2023-12-16,Standard Class,CUST-1349,Vihaan Joshi,Corporate,North,Office Supplies,Art,6,0.0,211.38,46.5
751,ORD-1751,2023-04-07,2023-04-14,Standard Class,CUST-1350,Kiara Nair,Consumer,South,Furniture,Bookcases,9,0.1,7744.69,619.58
752,ORD-1752,2023-12-29,2023-12-30,First Class,CUST-1351,Diya Kumar,Corporate,West,Office Supplies,Labels,4,0.0,478.7,105.31
753,ORD-1753,2023-06-05,2023-06-05,Same Day,CUST-1352,Saanvi Patel,Consumer,West,Office Supplies,Paper,7,0.1,792.94,142.73
754,ORD-1754,2023-01-01,2023-01-04,Second Class,CUST-1353,Aditya Sharma,Home Office,East,Office Supplies,Paper,7,0.3,384.16,38.42
755,ORD-1755,2024-10-23,2024-10-23,Same Day,CUST-1354,Ishaan Gupta,Consumer,East,Furniture,Bookcases,7,0.0,1268.73,152.25
756,ORD-1756,2023-12-02,2023-12-06,Standard Class,CUST-1355,Krishna Joshi,Corporate,North,Office Supplies,Binders,8,0.1,150.23,27.04
757,ORD-1757,2023-10-06,2023-10-10,Standard Class,CUST-1356,Riya Gupta,Consumer,North,Technology,Machines,12,0.0,13797.2,2069.58
758,ORD-1758,2024-11-11,2024-11-12,First Class,CUST-1357,Ishaan Rao,Corporate,East,Office Supplies,Binders,12,0.0,1308.53,287.88
759,ORD-1759,2023-01-14,2023-01-21,Standard Class,CUST-1358,Ishaan Verma,Consumer,West,Furniture,Furnishings,12,0.1,5587.74,447.02
760,ORD-1760,2024-10-20,2024-10-24,Second Class,CUST-1359,Ira Nair,Consumer,East,Furniture,Tables,7,0.0,4682.98,561.96
761,ORD-1761,2024-10-05,2024-10-11,Standard Class,CUST-1360,Ananya Verma,Corporate,South,Technology,Accessories,5,0.2,5203.53,364.25
762,ORD-1762,2023-12-27,2023-12-30,Second Class,CUST-1361,Ishaan Malhotra,Consumer,North,Office Supplies,Binders,3,0.0,280.93,61.8
763,ORD-1763,2023-12-08,2023-12-14,Standard Class,CUST-1362,Aditya Joshi,Consumer,East,Technology,Accessories,7,0.0,2239.85,335.98
764,ORD-1764,2023-12-26,2023-12-31,Standard Class,CUST-1363,Vihaan Singh,Home Office,South,Office Supplies,Paper,10,0.0,632.04,139.05
765,ORD-1765,2023-07-23,2023-07-29,Standard Class,CUST-1364,Ananya Kumar,Home Office,East,Technology,Copiers,6,0.3,1093.41,32.8
766,ORD-1766,2023-11-28,2023-12-03,Standard Class,CUST-1365,Myra Singh,Corporate,South,Furniture,Tables,12,0.1,10316.24,825.3
767,ORD-1767,2023-10-31,2023-11-07,Standard Class,CUST-1366,Riya Singh,Consumer,North,Office Supplies,Art,7,0.1,438.88,79.0
768,ORD-1768,2024-12-24,2024-12-25,First Class,CUST-1367,Krishna Reddy,Consumer,South,Technology,Copiers,9,0.2,2072.82,145.1
769,ORD-1769,2024-07-02,2024-07-06,Second Class,CUST-1368,Navya Rao,Corporate,West,Office Supplies,Storage,4,0.1,275.63,49.61
770,ORD-1770,2023-06-25,2023-06-29,Second Class,CUST-1369,Aditya Joshi,Consumer,South,Office Supplies,Storage,6,0.3,478.68,47.87
771,ORD-1771,2024-03-17,2024-03-23,Standard Class,CUST-1370,Rohan Reddy,Corporate,West,Technology,Accessories,4,0.0,5688.35,853.25
772,ORD-1772,2024-12-30,2025-01-04,Standard Class,CUST-1371,Sai Chopra,Corporate,East,Technology,Phones,4,0.0,4601.16,690.17
773,ORD-1773,2023-05-03,2023-05-09,Standard Class,CUST-1372,Myra Gupta,Corporate,North,Office Supplies,Art,6,0.0,244.72,53.84
774,ORD-1774,2023-07-08,2023-07-10,Second Class,CUST-1373,Anika Patel,Consumer,North,Office Supplies,Binders,1,0.15,11.46,1.83
775,ORD-1775,2024-06-25,2024-06-27,First Class,CUST-1374,Sai Singh,Corporate,South,Office Supplies,Labels,11,0.0,284.96,62.69
776,ORD-1776,2024-08-10,2024-08-11,First Class,CUST-1375,Kiara Sharma,Consumer,South,Technology,Accessories,10,0.3,13096.22,392.89
777,ORD-1777,2023-12-24,2023-12-26,Second Class,CUST-1376,Ira Desai,Consumer,East,Furniture,Chairs,6,0.0,5094.07,611.29
778,ORD-1778,2023-12-13,2023-12-17,Standard Class,CUST-1377,Diya Sharma,Consumer,North,Technology,Copiers,8,0.2,8092.08,566.45
779,ORD-1779,2024-11-10,2024-11-13,Second Class,CUST-1378,Reyansh Patel,Corporate,West,Office Supplies,Labels,6,0.1,540.13,97.22
780,ORD-1780,2023-03-26,2023-04-01,Standard Class,CUST-1379,Rohan Malhotra,Corporate,South,Office Supplies,Art,11,0.3,657.34,65.73
781,ORD-1781,2024-10-18,2024-10-24,Standard Class,CUST-1380,Navya Sharma,Consumer,North,Furniture,Bookcases,11,0.0,8760.82,1051.3
782,ORD-1782,2023-08-08,2023-08-12,Standard Class,CUST-1381,Reyansh Mehta,Consumer,West,Technology,Machines,11,0.2,6236.66,436.57
783,ORD-1783,2023-12-05,2023-12-11,Standard Class,CUST-1382,Arjun Gupta,Home Office,West,Technology,Machines,10,0.0,13288.2,1993.23
784,ORD-1784,2024-01-22,2024-01-26,Standard Class,CUST-1383,Saanvi Sharma,Consumer,West,Technology,Copiers,12,0.0,12597.29,1889.59
785,ORD-1785,2024-05-15,2024-05-17,Second Class,CUST-1384,Saanvi Patel,Home Office,East,Furniture,Bookcases,9,0.15,2706.39,162.38
786,ORD-1786,2023-07-25,2023-08-01,Standard Class,CUST-1385,Saanvi Gupta,Consumer,West,Office Supplies,Binders,2,0.1,189.61,34.13
787,ORD-1787,2024-03-28,2024-03-31,Second Class,CUST-1386,Vivaan Mehta,Corporate,North,Technology,Accessories,1,0.3,1299.57,38.99
788,ORD-1788,2024-10-21,2024-10-25,Second Class,CUST-1387,Ananya Joshi,Consumer,South,Technology,Phones,12,0.0,1807.26,271.09
789,ORD-1789,2023-05-27,2023-06-01,Standard Class,CUST-1388,Ira Chopra,Consumer,South,Furniture,Chairs,3,0.2,1899.96,76.0
790,ORD-1790,2023-01-04,2023-01-07,Second Class,CUST-1389,Vivaan Mehta,Home Office,West,Technology,Phones,9,0.3,11225.84,336.78
791,ORD-1791,2024-09-19,2024-09-26,Standard Class,CUST-1390,Navya Desai,Home Office,West,Office Supplies,Art,6,0.3,207.42,20.74
792,ORD-1792,2023-05-28,2023-06-04,Standard Class,CUST-1391,Diya Singh,Home Office,South,Technology,Accessories,7,0.0,7794.51,1169.18
793,ORD-1793,2023-12-12,2023-12-15,Second Class,CUST-1392,Riya Singh,Consumer,South,Technology,Accessories,12,0.1,15778.18,1735.6
794,ORD-1794,2023-08-07,2023-08-09,First Class,CUST-1393,Ira Nair,Consumer,South,Office Supplies,Art,1,0.15,41.86,6.7
795,ORD-1795,2024-01-31,2024-02-07,Standard Class,CUST-1394,Reyansh Gupta,Corporate,North,Technology,Accessories,7,0.15,7492.38,674.31
796,ORD-1796,2024-11-23,2024-11-29,Standard Class,CUST-1395,Diya Singh,Consumer,North,Furniture,Chairs,12,0.0,2441.93,293.03
797,ORD-1797,2024-05-01,2024-05-03,First Class,CUST-1396,Sai Nair,Consumer,North,Office Supplies,Labels,2,0.1,147.64,26.58
798,ORD-1798,2024-12-07,2024-12-13,Standard Class,CUST-1397,Vivaan Gupta,Home Office,North,Furniture,Tables,7,0.1,3175.73,254.06
799,ORD-1799,2024-08-03,2024-08-08,Standard Class,CUST-1398,Rohan Joshi,Consumer,South,Furniture,Bookcases,7,0.3,5298.23,-0.0
800,ORD-1800,2023-10-27,2023-10-29,First Class,CUST-1399,Aadhya Gupta,Consumer,West,Furniture,Furnishings,6,0.1,4528.12,362.25
801,ORD-1801,2023-06-20,2023-06-24,Standard Class,CUST-1000,Ishaan Chopra,Home Office,North,Office Supplies,Art,11,0.0,156.51,34.43
802,ORD-1802,2023-11-06,2023-11-12,Standard Class,CUST-1001,Saanvi Reddy,Corporate,West,Office Supplies,Binders,6,0.0,619.0,136.18
803,ORD-1803,2023-09-25,2023-09-30,Standard Class,CUST-1002,Ananya Rao,Home Office,South,Office Supplies,Art,9,0.15,65.72,10.52
804,ORD-1804,2024-01-18,2024-01-25,Standard Class,CUST-1003,Aarav Chopra,Home Office,East,Furniture,Chairs,6,0.1,4618.35,369.47
805,ORD-1805,2024-11-11,2024-11-12,First Class,CUST-1004,Sai Verma,Home Office,North,Technology,Accessories,12,0.0,14373.71,2156.06
806,ORD-1806,2024-02-01,2024-02-05,Standard Class,CUST-1005,Sai Iyer,Corporate,East,Office Supplies,Paper,5,0.0,365.29,80.36
807,ORD-1807,2023-07-22,2023-07-26,Second Class,CUST-1006,Aditya Singh,Corporate,West,Office Supplies,Paper,3,0.0,275.92,60.7
808,ORD-1808,2023-08-12,2023-08-12,Same Day,CUST-1007,Ishaan Patel,Corporate,West,Technology,Phones,3,0.15,1573.24,141.59
809,ORD-1809,2024-11-21,2024-11-24,Second Class,CUST-1008,Aditya Mehta,Corporate,East,Technology,Machines,5,0.2,2675.54,187.29
810,ORD-1810,2024-05-15,2024-05-22,Standard Class,CUST-1009,Kiara Desai,Consumer,West,Furniture,Tables,8,0.0,2767.85,332.14
811,ORD-1811,2024-01-30,2024-01-31,First Class,CUST-1010,Arjun Nair,Consumer,North,Furniture,Bookcases,6,0.0,548.63,65.84
812,ORD-1812,2023-01-17,2023-01-22,Standard Class,CUST-1011,Navya Patel,Consumer,North,Office Supplies,Binders,4,0.0,299.14,65.81
813,ORD-1813,2023-12-28,2024-01-03,Standard Class,CUST-1012,Anika Iyer,Corporate,North,Office Supplies,Art,4,0.0,25.97,5.71
814,ORD-1814,2024-09-18,2024-09-19,First Class,CUST-1013,Diya Mehta,Corporate,North,Office Supplies,Storage,8,0.0,451.31,99.29
815,ORD-1815,2023-11-17,2023-11-22,Standard Class,CUST-1014,Ananya Chopra,Corporate,West,Office Supplies,Storage,4,0.1,450.19,81.03
816,ORD-1816,2023-09-13,2023-09-19,Standard Class,CUST-1015,Ananya Verma,Consumer,South,Furniture,Chairs,9,0.3,3952.26,-0.0
817,ORD-1817,2023-10-10,2023-10-14,Second Class,CUST-1016,Ananya Reddy,Consumer,South,Technology,Copiers,10,0.0,4454.98,668.25
818,ORD-1818,2024-10-23,2024-10-26,Second Class,CUST-1017,Reyansh Kumar,Corporate,West,Office Supplies,Storage,9,0.2,811.58,113.62
819,ORD-1819,2023-07-29,2023-08-04,Standard Class,CUST-1018,Arjun Iyer,Consumer,North,Office Supplies,Art,11,0.0,253.58,55.79
820,ORD-1820,2024-04-09,2024-04-11,First Class,CUST-1019,Navya Iyer,Consumer,East,Office Supplies,Binders,6,0.0,603.94,132.87
821,ORD-1821,2024-02-10,2024-02-12,Second Class,CUST-1020,Vivaan Desai,Consumer,East,Technology,Machines,9,0.0,2170.86,325.63
822,ORD-1822,2023-04-15,2023-04-22,Standard Class,CUST-1021,Aadhya Reddy,Home Office,West,Furniture,Bookcases,2,0.1,938.6,75.09
823,ORD-1823,2023-08-01,2023-08-06,Standard Class,CUST-1022,Navya Sharma,Consumer,North,Technology,Machines,1,0.0,744.11,111.62
824,ORD-1824,2024-05-27,2024-05-29,Second Class,CUST-1023,Myra Sharma,Consumer,South,Office Supplies,Art,11,0.0,579.9,127.58
825,ORD-1825,2024-08-19,2024-08-21,First Class,CUST-1024,Saanvi Singh,Consumer,South,Furniture,Bookcases,3,0.0,1559.13,187.1
826,ORD-1826,2024-09-14,2024-09-18,Standard Class,CUST-1025,Aarav Iyer,Consumer,North,Technology,Copiers,10,0.0,11665.24,1749.79
827,ORD-1827,2023-04-20,2023-04-22,Second Class,CUST-1026,Riya Rao,Home Office,West,Furniture,Bookcases,5,0.1,1823.45,145.88
828,ORD-1828,2023-11-14,2023-11-18,Second Class,CUST-1027,Ananya Iyer,Consumer,West,Technology,Accessories,7,0.1,5180.36,569.84
829,ORD-1829,2023-03-21,2023-03-22,First Class,CUST-1028,Aarav Patel,Home Office,West,Technology,Phones,8,0.0,2250.05,337.51
830,ORD-1830,2024-03-09,2024-03-14,Standard Class,CUST-1029,Vihaan Patel,Consumer,South,Office Supplies,Binders,3,0.2,315.74,44.2
831,ORD-1831,2024-05-02,2024-05-07,Standard Class,CUST-1030,Navya Patel,Home Office,North,Technology,Copiers,5,0.15,676.91,60.92
832,ORD-1832,2024-11-25,2024-11-25,Same Day,CUST-1031,Riya Desai,Consumer,North,Office Supplies,Art,1,0.15,110.14,17.62
833,ORD-1833,2023-07-12,2023-07-14,First Class,CUST-1032,Aadhya Kumar,Home Office,South,Furniture,Chairs,12,0.0,5767.11,692.05
834,ORD-1834,2024-07-11,2024-07-16,Standard Class,CUST-1033,Diya Nair,Corporate,East,Office Supplies,Labels,3,0.15,136.93,21.91
835,ORD-1835,2024-11-22,2024-11-28,Standard Class,CUST-1034,Diya Joshi,Consumer,South,Office Supplies,Labels,8,0.2,503.91,70.55
836,ORD-1836,2024-09-05,2024-09-08,Second Class,CUST-1035,Saanvi Verma,Home Office,East,Technology,Accessories,7,0.1,5695.42,626.5
837,ORD-1837,2023-12-09,2023-12-16,Standard Class,CUST-1036,Saanvi Singh,Corporate,South,Technology,Machines,10,0.0,11397.7,1709.65
838,ORD-1838,2024-05-22,2024-05-26,Standard Class,CUST-1037,Reyansh Kumar,Corporate,North,Technology,Accessories,11,0.0,924.91,138.74
839,ORD-1839,2024-11-27,2024-12-01,Second Class,CUST-1038,Aarav Chopra,Home Office,North,Technology,Copiers,10,0.0,3522.5,528.38
840,ORD-1840,2024-11-26,2024-12-03,Standard Class,CUST-1039,Saanvi Malhotra,Consumer,North,Office Supplies,Binders,9,0.2,453.55,63.5
841,ORD-1841,2023-03-30,2023-04-03,Second Class,CUST-1040,Krishna Mehta,Consumer,East,Furniture,Chairs,8,0.2,813.37,32.53
842,ORD-1842,2023-04-08,2023-04-12,Standard Class,CUST-1041,Anika Gupta,Home Office,North,Technology,Phones,8,0.1,9404.31,1034.47
843,ORD-1843,2024-12-15,2024-12-18,Second Class,CUST-1042,Aadhya Verma,Consumer,North,Office Supplies,Paper,11,0.1,1080.85,194.55
844,ORD-1844,2024-01-21,2024-01-25,Standard Class,CUST-1043,Kiara Malhotra,Home Office,North,Office Supplies,Labels,12,0.0,220.2,48.44
845,ORD-1845,2024-03-16,2024-03-22,Standard Class,CUST-1044,Ishaan Nair,Consumer,East,Office Supplies,Labels,9,0.2,107.42,15.04
846,ORD-1846,2023-05-21,2023-05-21,Same Day,CUST-1045,Diya Kumar,Consumer,North,Office Supplies,Paper,5,0.1,565.75,101.84
847,ORD-1847,2023-08-26,2023-08-31,Standard Class,CUST-1046,Aarav Verma,Consumer,South,Technology,Copiers,9,0.2,531.65,37.22
848,ORD-1848,2024-05-04,2024-05-08,Standard Class,CUST-1047,Arjun Rao,Home Office,North,Office Supplies,Labels,9,0.3,757.24,75.72
849,ORD-1849,2023-09-26,2023-10-03,Standard Class,CUST-1048,Diya Nair,Corporate,West,Furniture,Bookcases,8,0.0,4618.22,554.19
850,ORD-1850,2023-09-05,2023-09-12,Standard Class,CUST-1049,Navya Verma,Corporate,South,Technology,Copiers,12,0.0,11760.36,1764.05
851,ORD-1851,2024-10-27,2024-10-29,First Class,CUST-1050,Myra Kumar,Corporate,West,Office Supplies,Labels,8,0.15,803.6,128.58
852,ORD-1852,2023-04-04,2023-04-10,Standard Class,CUST-1051,Ishaan Desai,Corporate,West,Office Supplies,Labels,5,0.3,333.79,33.38
853,ORD-1853,2023-12-23,2023-12-29,Standard Class,CUST-1052,Reyansh Malhotra,Consumer,North,Office Supplies,Art,10,0.0,210.17,46.24
854,ORD-1854,2024-08-18,2024-08-25,Standard Class,CUST-1053,Ananya Gupta,Corporate,North,Technology,Machines,11,0.15,6490.66,584.16
855,ORD-1855,2023-05-30,2023-05-30,Same Day,CUST-1054,Aarav Verma,Corporate,North,Furniture,Furnishings,4,0.3,2714.83,-0.0
856,ORD-1856,2023-07-23,2023-07-27,Standard Class,CUST-1055,Saanvi Reddy,Corporate,West,Office Supplies,Art,2,0.3,34.83,3.48
857,ORD-1857,2023-04-21,2023-04-22,First Class,CUST-1056,Riya Sharma,Consumer,North,Technology,Copiers,1,0.0,1093.38,164.01
858,ORD-1858,2024-09-25,2024-09-29,Standard Class,CUST-1057,Navya Mehta,Home Office,West,Technology,Machines,6,0.0,8707.68,1306.15
859,ORD-1859,2023-10-04,2023-10-11,Standard Class,CUST-1058,Sai Desai,Consumer,North,Furniture,Furnishings,3,0.15,2384.98,143.1
860,ORD-1860,2024-04-01,2024-04-04,Second Class,CUST-1059,Saanvi Rao,Consumer,North,Furniture,Furnishings,10,0.0,6955.69,834.68
861,ORD-1861,2023-11-26,2023-12-02,Standard Class,CUST-1060,Aditya Mehta,Corporate,South,Office Supplies,Art,12,0.0,292.37,64.32
862,ORD-1862,2023-08-25,2023-09-01,Standard Class,CUST-1061,Aarav Nair,Corporate,West,Technology,Accessories,10,0.15,7276.03,654.84
863,ORD-1863,2023-09-19,2023-09-25,Standard Class,CUST-1062,Riya Joshi,Consumer,North,Technology,Machines,9,0.3,10455.02,313.65
864,ORD-1864,2023-04-03,2023-04-08,Standard Class,CUST-1063,Ishaan Iyer,Consumer,North,Office Supplies,Labels,3,0.2,292.51,40.95
865,ORD-1865,2023-06-20,2023-06-24,Second Class,CUST-1064,Sai Patel,Corporate,North,Furniture,Chairs,9,0.0,4190.43,502.85
866,ORD-1866,2023-10-03,2023-10-09,Standard Class,CUST-1065,Sai Gupta,Corporate,North,Furniture,Furnishings,9,0.2,7143.31,285.73
867,ORD-1867,2024-05-27,2024-05-28,First Class,CUST-1066,Krishna Rao,Consumer,North,Furniture,Chairs,10,0.0,7641.1,916.93
868,ORD-1868,2024-12-31,2025-01-07,Standard Class,CUST-1067,Rohan Iyer,Home Office,East,Technology,Phones,9,0.1,5436.82,598.05
869,ORD-1869,2024-10-24,2024-10-30,Standard Class,CUST-1068,Aadhya Gupta,Corporate,South,Office Supplies,Art,9,0.0,175.66,38.65
870,ORD-1870,2024-01-27,2024-02-01,Standard Class,CUST-1069,Arjun Iyer,Corporate,South,Office Supplies,Paper,10,0.0,911.61,200.55
871,ORD-1871,2023-09-16,2023-09-23,Standard Class,CUST-1070,Vivaan Singh,Consumer,South,Office Supplies,Paper,3,0.0,333.35,73.34
872,ORD-1872,2023-03-21,2023-03-21,Same Day,CUST-1071,Myra Verma,Consumer,South,Office Supplies,Art,6,0.0,244.14,53.71
873,ORD-1873,2023-03-03,2023-03-07,Standard Class,CUST-1072,Ira Iyer,Consumer,North,Office Supplies,Binders,6,0.1,219.8,39.56
874,ORD-1874,2024-08-02,2024-08-04,Second Class,CUST-1073,Ishaan Gupta,Consumer,West,Furniture,Furnishings,3,0.0,2114.79,253.77
875,ORD-1875,2023-11-07,2023-11-09,First Class,CUST-1074,Arjun Nair,Consumer,North,Office Supplies,Paper,9,0.3,973.78,97.38
876,ORD-1876,2023-08-13,2023-08-17,Second Class,CUST-1075,Ananya Mehta,Consumer,West,Technology,Copiers,12,0.0,17228.63,2584.29
877,ORD-1877,2024-06-23,2024-06-25,Second Class,CUST-1076,Krishna Singh,Corporate,East,Technology,Machines,1,0.0,1412.91,211.94
878,ORD-1878,2023-09-21,2023-09-27,Standard Class,CUST-1077,Arjun Desai,Home Office,North,Furniture,Tables,2,0.0,1303.71,156.45
879,ORD-1879,2023-09-06,2023-09-08,First Class,CUST-1078,Vivaan Nair,Corporate,South,Technology,Phones,7,0.0,5152.72,772.91
880,ORD-1880,2023-08-30,2023-09-06,Standard Class,CUST-1079,Krishna Patel,Corporate,West,Technology,Copiers,4,0.0,1123.31,168.5
881,ORD-1881,2023-03-26,2023-04-01,Standard Class,CUST-1080,Arjun Sharma,Consumer,East,Furniture,Furnishings,1,0.2,438.41,17.54
882,ORD-1882,2023-02-11,2023-02-15,Second Class,CUST-1081,Reyansh Malhotra,Home Office,South,Furniture,Chairs,3,0.0,2446.76,293.61
883,ORD-1883,2024-09-19,2024-09-23,Second Class,CUST-1082,Anika Verma,Consumer,North,Office Supplies,Storage,8,0.2,633.47,88.69
884,ORD-1884,2024-04-08,2024-04-09,First Class,CUST-1083,Rohan Joshi,Consumer,South,Office Supplies,Art,6,0.0,348.29,76.62
885,ORD-1885,2023-06-01,2023-06-07,Standard Class,CUST-1084,Ananya Mehta,Consumer,South,Furniture,Chairs,4,0.1,2596.83,207.75
886,ORD-1886,2024-04-29,2024-05-05,Standard Class,CUST-1085,Ishaan Nair,Consumer,South,Office Supplies,Storage,3,0.15,167.04,26.73
887,ORD-1887,2023-12-01,2023-12-06,Standard Class,CUST-1086,Sai Patel,Home Office,East,Office Supplies,Labels,7,0.0,739.79,162.75
888,ORD-1888,2023-10-12,2023-10-14,Second Class,CUST-1087,Ira Reddy,Corporate,East,Office Supplies,Binders,6,0.1,352.24,63.4
889,ORD-1889,2024-11-27,2024-12-03,Standard Class,CUST-1088,Riya Mehta,Consumer,East,Office Supplies,Labels,10,0.0,935.17,205.74
890,ORD-1890,2023-02-15,2023-02-16,First Class,CUST-1089,Kiara Desai,Consumer,North,Office Supplies,Binders,10,0.0,1111.55,244.54
891,ORD-1891,2024-08-16,2024-08-18,First Class,CUST-1090,Krishna Nair,Consumer,North,Office Supplies,Binders,1,0.0,115.24,25.35
892,ORD-1892,2023-08-07,2023-08-12,Standard Class,CUST-1091,Ananya Gupta,Home Office,East,Technology,Accessories,9,0.0,6054.98,908.25
893,ORD-1893,2023-04-12,2023-04-16,Standard Class,CUST-1092,Aadhya Singh,Corporate,West,Office Supplies,Storage,12,0.0,194.69,42.83
894,ORD-1894,2023-10-04,2023-10-05,First Class,CUST-1093,Navya Iyer,Consumer,North,Office Supplies,Binders,9,0.0,736.38,162.0
895,ORD-1895,2023-06-16,2023-06-17,First Class,CUST-1094,Diya Sharma,Consumer,North,Technology,Accessories,6,0.2,3818.18,267.27
896,ORD-1896,2023-07-14,2023-07-16,Second Class,CUST-1095,Myra Kumar,Home Office,South,Office Supplies,Binders,8,0.0,631.13,138.85
897,ORD-1897,2024-08-07,2024-08-08,First Class,CUST-1096,Ananya Rao,Consumer,West,Technology,Machines,8,0.1,7078.98,778.69
898,ORD-1898,2024-04-29,2024-04-30,First Class,CUST-1097,Ananya Singh,Consumer,West,Technology,Machines,5,0.0,532.31,79.85
899,ORD-1899,2024-12-13,2024-12-13,Same Day,CUST-1098,Anika Reddy,Home Office,South,Furniture,Bookcases,2,0.0,977.19,117.26
900,ORD-1900,2024-12-29,2025-01-02,Standard Class,CUST-1099,Vihaan Patel,Home Office,North,Office Supplies,Labels,6,0.1,111.91,20.14
901,ORD-1901,2023-10-11,2023-10-18,Standard Class,CUST-1100,Riya Rao,Corporate,West,Technology,Phones,12,0.0,12047.45,1807.12
902,ORD-1902,2024-03-06,2024-03-07,First Class,CUST-1101,Riya Sharma,Consumer,South,Technology,Accessories,2,0.0,2447.55,367.13
903,ORD-1903,2023-09-11,2023-09-16,Standard Class,CUST-1102,Aarav Iyer,Corporate,North,Office Supplies,Labels,4,0.2,73.57,10.3
904,ORD-1904,2024-11-28,2024-12-05,Standard Class,CUST-1103,Aadhya Singh,Consumer,North,Technology,Accessories,10,0.0,8152.83,1222.92
905,ORD-1905,2024-08-15,2024-08-20,Standard Class,CUST-1104,Ira Iyer,Corporate,North,Technology,Phones,1,0.0,327.19,49.08
906,ORD-1906,2024-10-18,2024-10-22,Standard Class,CUST-1105,Vivaan Chopra,Consumer,West,Furniture,Chairs,2,0.3,1166.5,0.0
907,ORD-1907,2023-01-15,2023-01-17,Second Class,CUST-1106,Diya Reddy,Corporate,South,Office Supplies,Paper,7,0.15,432.32,69.17
908,ORD-1908,2023-12-28,2023-12-30,First Class,CUST-1107,Aadhya Sharma,Consumer,East,Technology,Accessories,5,0.2,653.47,45.74
909,ORD-1909,2024-06-20,2024-06-25,Standard Class,CUST-1108,Aarav Iyer,Consumer,South,Technology,Accessories,9,0.0,4406.7,661.0
910,ORD-1910,2023-10-04,2023-10-08,Second Class,CUST-1109,Saanvi Singh,Corporate,North,Technology,Phones,9,0.15,1798.46,161.86
911,ORD-1911,2023-10-06,2023-10-11,Standard Class,CUST-1110,Vihaan Singh,Consumer,South,Office Supplies,Art,5,0.3,150.58,15.06
912,ORD-1912,2024-06-25,2024-07-01,Standard Class,CUST-1111,Myra Singh,Consumer,West,Office Supplies,Labels,3,0.0,120.69,26.55
913,ORD-1913,2024-10-05,2024-10-11,Standard Class,CUST-1112,Ira Singh,Consumer,West,Office Supplies,Labels,4,0.15,395.93,63.35
914,ORD-1914,2023-04-16,2023-04-21,Standard Class,CUST-1113,Aditya Verma,Consumer,North,Office Supplies,Binders,11,0.0,748.94,164.77
915,ORD-1915,2023-04-10,2023-04-14,Second Class,CUST-1114,Kiara Desai,Home Office,North,Office Supplies,Binders,4,0.0,444.84,97.86
916,ORD-1916,2023-02-15,2023-02-21,Standard Class,CUST-1115,Reyansh Malhotra,Home Office,North,Furniture,Chairs,7,0.0,5654.07,678.49
917,ORD-1917,2024-12-14,2024-12-19,Standard Class,CUST-1116,Riya Sharma,Consumer,South,Office Supplies,Paper,11,0.15,260.4,41.66
918,ORD-1918,2023-07-22,2023-07-26,Standard Class,CUST-1117,Reyansh Reddy,Corporate,South,Office Supplies,Paper,11,0.0,1017.78,223.91
919,ORD-1919,2024-01-23,2024-01-26,Second Class,CUST-1118,Reyansh Verma,Consumer,South,Office Supplies,Art,3,0.0,164.94,36.29
920,ORD-1920,2024-08-31,2024-09-02,First Class,CUST-1119,Kiara Patel,Consumer,East,Technology,Copiers,6,0.15,6380.07,574.21
921,ORD-1921,2023-10-30,2023-11-04,Standard Class,CUST-1120,Vivaan Singh,Corporate,East,Technology,Phones,12,0.1,2492.0,274.12
922,ORD-1922,2023-05-10,2023-05-14,Standard Class,CUST-1121,Ananya Kumar,Consumer,North,Technology,Phones,9,0.2,7156.45,500.95
923,ORD-1923,2023-07-30,2023-08-02,Second Class,CUST-1122,Aditya Nair,Consumer,West,Office Supplies,Binders,12,0.1,165.5,29.79
924,ORD-1924,2024-12-08,2024-12-10,Second Class,CUST-1123,Riya Verma,Consumer,West,Furniture,Bookcases,2,0.0,1288.25,154.59
925,ORD-1925,2023-11-17,2023-11-21,Standard Class,CUST-1124,Aditya Kumar,Corporate,North,Technology,Machines,3,0.1,2157.27,237.3
926,ORD-1926,2023-10-23,2023-10-29,Standard Class,CUST-1125,Aarav Sharma,Consumer,West,Office Supplies,Art,10,0.0,811.34,178.49
927,ORD-1927,2024-06-12,2024-06-17,Standard Class,CUST-1126,Ishaan Kumar,Consumer,North,Office Supplies,Binders,4,0.0,190.0,41.8
928,ORD-1928,2023-02-12,2023-02-17,Standard Class,CUST-1127,Ira Kumar,Consumer,North,Office Supplies,Art,8,0.1,740.69,133.32
929,ORD-1929,2023-03-04,2023-03-09,Standard Class,CUST-1128,Navya Desai,Consumer,North,Furniture,Furnishings,9,0.3,5614.86,0.0
930,ORD-1930,2023-09-12,2023-09-18,Standard Class,CUST-1129,Aditya Gupta,Consumer,South,Technology,Phones,12,0.1,12835.25,1411.88
931,ORD-1931,2023-06-12,2023-06-15,Second Class,CUST-1130,Anika Nair,Consumer,West,Technology,Accessories,4,0.1,1610.91,177.2
932,ORD-1932,2024-10-08,2024-10-13,Standard Class,CUST-1131,Saanvi Malhotra,Home Office,South,Technology,Machines,4,0.0,3352.12,502.82
933,ORD-1933,2024-11-15,2024-11-20,Standard Class,CUST-1132,Anika Kumar,Home Office,South,Office Supplies,Storage,1,0.1,86.37,15.55
934,ORD-1934,2023-05-18,2023-05-20,Second Class,CUST-1133,Vivaan Rao,Consumer,West,Furniture,Bookcases,5,0.15,1317.09,79.03
935,ORD-1935,2024-08-24,2024-08-25,First Class,CUST-1134,Aditya Verma,Corporate,East,Office Supplies,Paper,12,0.15,750.79,120.13
936,ORD-1936,2023-09-04,2023-09-07,Second Class,CUST-1135,Krishna Sharma,Consumer,East,Furniture,Tables,7,0.2,5138.63,205.55
937,ORD-1937,2023-04-08,2023-04-14,Standard Class,CUST-1136,Aarav Sharma,Corporate,South,Office Supplies,Labels,3,0.1,23.44,4.22
938,ORD-1938,2024-07-16,2024-07-23,Standard Class,CUST-1137,Myra Patel,Corporate,East,Technology,Accessories,12,0.15,2562.07,230.59
939,ORD-1939,2024-02-06,2024-02-09,Second Class,CUST-1138,Vihaan Rao,Consumer,West,Furniture,Chairs,9,0.0,5437.95,652.55
940,ORD-1940,2023-12-18,2023-12-19,First Class,CUST-1139,Sai Singh,Consumer,East,Technology,Copiers,10,0.0,3982.06,597.31
941,ORD-1941,2023-04-05,2023-04-12,Standard Class,CUST-1140,Vivaan Rao,Consumer,North,Technology,Machines,6,0.1,3139.09,345.3
942,ORD-1942,2023-02-17,2023-02-21,Standard Class,CUST-1141,Vivaan Singh,Corporate,North,Technology,Copiers,1,0.2,579.37,40.56
943,ORD-1943,2023-03-16,2023-03-23,Standard Class,CUST-1142,Ananya Reddy,Corporate,West,Furniture,Tables,1,0.1,727.76,58.22
944,ORD-1944,2024-10-21,2024-10-21,Same Day,CUST-1143,Vihaan Singh,Consumer,East,Technology,Machines,5,0.0,4076.62,611.49
945,ORD-1945,2023-09-01,2023-09-05,Standard Class,CUST-1144,Krishna Joshi,Consumer,East,Office Supplies,Labels,6,0.0,115.65,25.44
946,ORD-1946,2024-06-03,2024-06-10,Standard Class,CUST-1145,Aarav Chopra,Consumer,East,Technology,Machines,8,0.15,2216.53,199.49
947,ORD-1947,2024-11-03,2024-11-05,Second Class,CUST-1146,Kiara Verma,Corporate,East,Office Supplies,Labels,9,0.0,599.0,131.78
948,ORD-1948,2024-08-01,2024-08-04,Second Class,CUST-1147,Reyansh Gupta,Corporate,North,Office Supplies,Storage,4,0.0,406.03,89.33
949,ORD-1949,2024-07-31,2024-08-05,Standard Class,CUST-1148,Saanvi Joshi,Home Office,West,Office Supplies,Binders,2,0.1,102.89,18.52
950,ORD-1950,2023-11-13,2023-11-16,Second Class,CUST-1149,Diya Joshi,Consumer,West,Furniture,Tables,4,0.1,3169.14,253.53
951,ORD-1951,2023-12-19,2023-12-25,Standard Class,CUST-1150,Aadhya Reddy,Home Office,West,Furniture,Tables,1,0.1,514.48,41.16
952,ORD-1952,2024-03-20,2024-03-25,Standard Class,CUST-1151,Aditya Desai,Consumer,North,Office Supplies,Labels,4,0.15,230.81,36.93
953,ORD-1953,2024-08-08,2024-08-12,Standard Class,CUST-1152,Arjun Singh,Corporate,West,Furniture,Tables,10,0.1,7109.64,568.77
954,ORD-1954,2023-01-02,2023-01-08,Standard Class,CUST-1153,Vivaan Verma,Home Office,West,Office Supplies,Art,7,0.2,89.7,12.56
955,ORD-1955,2023-03-09,2023-03-13,Second Class,CUST-1154,Ananya Sharma,Consumer,North,Office Supplies,Binders,8,0.0,203.01,44.66
956,ORD-1956,2024-10-04,2024-10-06,First Class,CUST-1155,Kiara Iyer,Consumer,East,Furniture,Bookcases,10,0.0,3108.31,373.0
957,ORD-1957,2024-09-02,2024-09-04,First Class,CUST-1156,Saanvi Desai,Corporate,North,Technology,Copiers,1,0.0,1402.1,210.31
958,ORD-1958,2023-09-27,2023-10-04,Standard Class,CUST-1157,Ananya Reddy,Consumer,North,Furniture,Tables,12,0.0,10117.21,1214.07
959,ORD-1959,2024-04-20,2024-04-26,Standard Class,CUST-1158,Sai Sharma,Corporate,West,Technology,Accessories,7,0.1,2682.46,295.07
960,ORD-1960,2024-05-22,2024-05-28,Standard Class,CUST-1159,Navya Patel,Consumer,West,Office Supplies,Paper,5,0.2,50.08,7.01
961,ORD-1961,2024-02-10,2024-02-10,Same Day,CUST-1160,Krishna Iyer,Consumer,North,Technology,Copiers,4,0.1,2435.17,267.87
962,ORD-1962,2024-11-14,2024-11-16,First Class,CUST-1161,Riya Kumar,Corporate,West,Furniture,Tables,3,0.3,447.49,0.0
963,ORD-1963,2024-12-04,2024-12-09,Standard Class,CUST-1162,Vihaan Rao,Home Office,North,Office Supplies,Paper,9,0.0,750.39,165.09
964,ORD-1964,2023-01-24,2023-01-25,First Class,CUST-1163,Vihaan Iyer,Consumer,East,Office Supplies,Art,8,0.0,410.45,90.3
965,ORD-1965,2023-01-16,2023-01-22,Standard Class,CUST-1164,Krishna Joshi,Corporate,North,Office Supplies,Binders,6,0.15,133.57,21.37
966,ORD-1966,2023-04-18,2023-04-22,Second Class,CUST-1165,Sai Verma,Corporate,South,Furniture,Chairs,10,0.15,1850.5,111.03
967,ORD-1967,2023-08-29,2023-08-29,Same Day,CUST-1166,Arjun Desai,Home Office,East,Office Supplies,Labels,1,0.15,92.46,14.79
968,ORD-1968,2023-09-14,2023-09-16,Second Class,CUST-1167,Navya Joshi,Home Office,South,Furniture,Bookcases,2,0.1,1184.88,94.79
969,ORD-1969,2023-04-04,2023-04-08,Standard Class,CUST-1168,Navya Malhotra,Consumer,North,Technology,Copiers,11,0.0,7759.5,1163.92
970,ORD-1970,2024-10-04,2024-10-10,Standard Class,CUST-1169,Ira Mehta,Consumer,South,Office Supplies,Art,7,0.2,576.62,80.73
971,ORD-1971,2024-06-28,2024-07-01,Second Class,CUST-1170,Diya Sharma,Corporate,East,Office Supplies,Paper,12,0.0,101.26,22.28
972,ORD-1972,2024-12-03,2024-12-10,Standard Class,CUST-1171,Ananya Rao,Consumer,North,Office Supplies,Paper,6,0.1,151.28,27.23
973,ORD-1973,2023-12-28,2024-01-02,Standard Class,CUST-1172,Navya Chopra,Corporate,East,Furniture,Tables,10,0.0,7743.29,929.19
974,ORD-1974,2023-12-15,2023-12-19,Second Class,CUST-1173,Myra Gupta,Consumer,North,Office Supplies,Storage,6,0.3,635.5,63.55
975,ORD-1975,2023-12-18,2023-12-20,First Class,CUST-1174,Vihaan Kumar,Home Office,West,Office Supplies,Paper,12,0.1,547.87,98.62
976,ORD-1976,2023-01-17,2023-01-21,Standard Class,CUST-1175,Reyansh Patel,Home Office,West,Technology,Machines,11,0.2,13918.75,974.31
977,ORD-1977,2024-09-05,2024-09-11,Standard Class,CUST-1176,Vivaan Verma,Corporate,North,Office Supplies,Storage,6,0.1,234.96,42.29
978,ORD-1978,2023-04-20,2023-04-26,Standard Class,CUST-1177,Anika Verma,Corporate,North,Office Supplies,Paper,4,0.0,225.77,49.67
979,ORD-1979,2023-10-18,2023-10-23,Standard Class,CUST-1178,Anika Verma,Consumer,West,Furniture,Bookcases,12,0.15,6477.45,388.65
980,ORD-1980,2023-10-06,2023-10-13,Standard Class,CUST-1179,Sai Desai,Home Office,North,Office Supplies,Labels,3,0.15,197.98,31.68
981,ORD-1981,2024-08-20,2024-08-22,First Class,CUST-1180,Arjun Iyer,Consumer,West,Office Supplies,Art,12,0.15,501.81,80.29
982,ORD-1982,2023-11-21,2023-11-21,Same Day,CUST-1181,Vihaan Verma,Consumer,West,Office Supplies,Labels,12,0.2,487.45,68.24
983,ORD-1983,2023-11-11,2023-11-15,Standard Class,CUST-1182,Vihaan Malhotra,Consumer,North,Office Supplies,Paper,6,0.0,77.78,17.11
984,ORD-1984,2024-10-10,2024-10-17,Standard Class,CUST-1183,Anika Kumar,Consumer,East,Furniture,Chairs,10,0.1,3822.92,305.83
985,ORD-1985,2024-03-09,2024-03-15,Standard Class,CUST-1184,Aarav Gupta,Corporate,East,Office Supplies,Storage,6,0.2,666.93,93.37
986,ORD-1986,2024-06-22,2024-06-26,Standard Class,CUST-1185,Aditya Gupta,Corporate,West,Technology,Phones,4,0.1,3823.6,420.6
987,ORD-1987,2024-06-16,2024-06-22,Standard Class,CUST-1186,Myra Nair,Consumer,North,Furniture,Furnishings,9,0.0,5931.51,711.78
988,ORD-1988,2023-11-25,2023-12-02,Standard Class,CUST-1187,Riya Sharma,Consumer,West,Office Supplies,Storage,6,0.2,86.73,12.14
989,ORD-1989,2023-04-15,2023-04-17,Second Class,CUST-1188,Sai Verma,Home Office,East,Furniture,Furnishings,8,0.15,4918.14,295.09
990,ORD-1990,2023-07-06,2023-07-12,Standard Class,CUST-1189,Sai Verma,Consumer,East,Office Supplies,Labels,12,0.0,511.2,112.46
991,ORD-1991,2023-11-29,2023-12-01,First Class,CUST-1190,Ishaan Nair,Consumer,East,Furniture,Tables,2,0.2,904.4,36.18
992,ORD-1992,2023-10-24,2023-10-24,Same Day,CUST-1191,Myra Mehta,Corporate,North,Office Supplies,Storage,12,0.2,290.49,40.67
993,ORD-1993,2024-08-07,2024-08-12,Standard Class,CUST-1192,Anika Desai,Corporate,North,Furniture,Tables,8,0.2,5033.79,201.35
994,ORD-1994,2023-05-14,2023-05-21,Standard Class,CUST-1193,Vivaan Kumar,Consumer,West,Technology,Phones,4,0.1,1686.64,185.53
995,ORD-1995,2023-12-24,2023-12-28,Standard Class,CUST-1194,Krishna Joshi,Corporate,East,Technology,Machines,9,0.15,10871.72,978.45
996,ORD-1996,2023-10-12,2023-10-13,First Class,CUST-1195,Riya Reddy,Corporate,North,Office Supplies,Binders,2,0.3,81.7,8.17
997,ORD-1997,2024-10-20,2024-10-25,Standard Class,CUST-1196,Reyansh Iyer,Corporate,West,Technology,Machines,5,0.1,1598.73,175.86
998,ORD-1998,2024-04-26,2024-05-03,Standard Class,CUST-1197,Vivaan Joshi,Home Office,East,Office Supplies,Labels,3,0.2,51.58,7.22
999,ORD-1999,2024-11-07,2024-11-13,Standard Class,CUST-1198,Vihaan Gupta,Consumer,North,Technology,Phones,3,0.0,288.84,43.33
1000,ORD-2000,2023-09-12,2023-09-18,Standard Class,CUST-1199,Saanvi Reddy,Consumer,East,Technology,Phones,4,0.2,2670.53,186.94
1001,ORD-2001,2023-10-16,2023-10-23,Standard Class,CUST-1200,Ananya Rao,Corporate,North,Furniture,Furnishings,1,0.1,536.09,42.89
1002,ORD-2002,2024-08-28,2024-08-30,First Class,CUST-1201,Aditya Malhotra,Corporate,West,Technology,Machines,12,0.15,16038.45,1443.46
1003,ORD-2003,2023-05-02,2023-05-07,Standard Class,CUST-1202,Arjun Singh,Corporate,North,Technology,Machines,1,0.0,1126.84,169.03
1004,ORD-2004,2024-03-08,2024-03-12,Standard Class,CUST-1203,Ira Mehta,Consumer,East,Office Supplies,Labels,1,0.0,87.98,19.36
1005,ORD-2005,2023-05-14,2023-05-18,Standard Class,CUST-1204,Sai Rao,Consumer,South,Office Supplies,Binders,11,0.2,60.71,8.5
1006,ORD-2006,2023-05-08,2023-05-11,Second Class,CUST-1205,Kiara Reddy,Corporate,South,Technology,Copiers,7,0.0,1008.56,151.28
1007,ORD-2007,2023-09-10,2023-09-14,Standard Class,CUST-1206,Vivaan Kumar,Consumer,West,Furniture,Bookcases,1,0.0,710.71,85.29
1008,ORD-2008,2024-07-21,2024-07-26,Standard Class,CUST-1207,Vivaan Kumar,Consumer,South,Office Supplies,Binders,1,0.0,98.42,21.65
1009,ORD-2009,2024-12-22,2024-12-28,Standard Class,CUST-1208,Kiara Chopra,Consumer,North,Office Supplies,Art,4,0.0,465.64,102.44
1010,ORD-2010,2023-06-29,2023-07-04,Standard Class,CUST-1209,Anika Joshi,Consumer,North,Furniture,Furnishings,6,0.1,2598.0,207.84
1011,ORD-2011,2023-12-08,2023-12-14,Standard Class,CUST-1210,Kiara Desai,Corporate,East,Technology,Accessories,5,0.0,3416.86,512.53
1012,ORD-2012,2024-06-21,2024-06-21,Same Day,CUST-1211,Saanvi Nair,Consumer,North,Technology,Phones,7,0.0,6712.4,1006.86
1013,ORD-2013,2024-04-02,2024-04-06,Second Class,CUST-1212,Ishaan Mehta,Consumer,East,Furniture,Bookcases,4,0.15,2009.24,120.55
1014,ORD-2014,2023-11-19,2023-11-23,Second Class,CUST-1213,Anika Sharma,Consumer,West,Furniture,Tables,10,0.3,2948.91,0.0
1015,ORD-2015,2024-10-16,2024-10-18,First Class,CUST-1214,Saanvi Mehta,Corporate,North,Office Supplies,Art,9,0.3,137.07,13.71
1016,ORD-2016,2023-10-21,2023-10-27,Standard Class,CUST-1215,Ananya Nair,Consumer,South,Office Supplies,Paper,3,0.1,245.09,44.12
1017,ORD-2017,2024-09-17,2024-09-22,Standard Class,CUST-1216,Arjun Sharma,Consumer,North,Technology,Machines,4,0.1,4806.27,528.69
1018,ORD-2018,2024-02-25,2024-02-27,Second Class,CUST-1217,Ishaan Verma,Corporate,North,Office Supplies,Binders,9,0.15,832.91,133.27
1019,ORD-2019,2024-07-04,2024-07-05,First Class,CUST-1218,Aditya Kumar,Consumer,East,Office Supplies,Labels,7,0.15,267.22,42.76
1020,ORD-2020,2024-06-03,2024-06-08,Standard Class,CUST-1219,Vivaan Nair,Corporate,West,Office Supplies,Binders,8,0.0,653.26,143.72
1021,ORD-2021,2023-11-03,2023-11-08,Standard Class,CUST-1220,Myra Joshi,Home Office,North,Office Supplies,Binders,10,0.1,232.95,41.93
1022,ORD-2022,2024-11-17,2024-11-22,Standard Class,CUST-1221,Vihaan Patel,Consumer,South,Office Supplies,Storage,2,0.0,107.41,23.63
1023,ORD-2023,2023-10-18,2023-10-23,Standard Class,CUST-1222,Vihaan Malhotra,Consumer,West,Office Supplies,Paper,8,0.1,805.37,144.97
1024,ORD-2024,2024-12-19,2024-12-24,Standard Class,CUST-1223,Ira Nair,Consumer,West,Office Supplies,Labels,1,0.0,63.85,14.05
1025,ORD-2025,2023-04-15,2023-04-21,Standard Class,CUST-1224,Navya Kumar,Home Office,North,Technology,Accessories,3,0.15,4131.97,371.88
1026,ORD-2026,2023-08-22,2023-08-28,Standard Class,CUST-1225,Anika Iyer,Consumer,West,Furniture,Bookcases,10,0.0,5521.15,662.54
1027,ORD-2027,2023-04-26,2023-04-26,Same Day,CUST-1226,Sai Rao,Corporate,West,Technology,Machines,4,0.15,1372.71,123.54
1028,ORD-2028,2023-09-12,2023-09-14,Second Class,CUST-1227,Aarav Desai,Consumer,North,Office Supplies,Binders,3,0.1,334.53,60.22
1029,ORD-2029,2024-03-15,2024-03-19,Second Class,CUST-1228,Aadhya Nair,Consumer,North,Furniture,Bookcases,2,0.3,847.1,0.0
1030,ORD-2030,2024-12-17,2024-12-17,Same Day,CUST-1229,Aarav Rao,Corporate,East,Technology,Phones,7,0.0,1333.52,200.03
1031,ORD-2031,2024-09-29,2024-10-03,Second Class,CUST-1230,Navya Mehta,Corporate,South,Office Supplies,Storage,4,0.1,278.99,50.22
1032,ORD-2032,2024-08-03,2024-08-03,Same Day,CUST-1231,Vivaan Verma,Corporate,West,Furniture,Bookcases,2,0.0,1166.46,139.98
1033,ORD-2033,2024-12-14,2024-12-20,Standard Class,CUST-1232,Vivaan Singh,Consumer,West,Furniture,Chairs,10,0.0,5210.1,625.21
1034,ORD-2034,2024-12-27,2025-01-02,Standard Class,CUST-1233,Myra Sharma,Consumer,North,Office Supplies,Storage,1,0.2,75.62,10.59
1035,ORD-2035,2023-07-03,2023-07-05,Second Class,CUST-1234,Navya Mehta,Corporate,West,Technology,Machines,7,0.0,3667.78,550.17
1036,ORD-2036,2023-11-19,2023-11-23,Standard Class,CUST-1235,Kiara Malhotra,Corporate,South,Technology,Machines,5,0.1,1594.76,175.42
1037,ORD-2037,2024-01-14,2024-01-20,Standard Class,CUST-1236,Aadhya Reddy,Home Office,South,Office Supplies,Paper,12,0.1,203.3,36.59
1038,ORD-2038,2024-11-22,2024-11-22,Same Day,CUST-1237,Kiara Nair,Consumer,West,Furniture,Tables,8,0.15,4958.66,297.52
1039,ORD-2039,2023-04-17,2023-04-17,Same Day,CUST-1238,Anika Rao,Consumer,South,Technology,Phones,5,0.0,3064.78,459.72
1040,ORD-2040,2024-08-25,2024-09-01,Standard Class,CUST-1239,Riya Mehta,Consumer,South,Technology,Accessories,6,0.2,393.38,27.54
1041,ORD-2041,2024-10-15,2024-10-19,Standard Class,CUST-1240,Krishna Chopra,Consumer,North,Technology,Accessories,8,0.15,8097.1,728.74
1042,ORD-2042,2024-10-12,2024-10-18,Standard Class,CUST-1241,Navya Chopra,Consumer,West,Technology,Accessories,4,0.15,2196.28,197.67
1043,ORD-2043,2024-11-23,2024-11-30,Standard Class,CUST-1242,Arjun Rao,Corporate,North,Office Supplies,Storage,4,0.0,55.28,12.16
1044,ORD-2044,2024-11-29,2024-12-01,Second Class,CUST-1243,Reyansh Singh,Consumer,East,Technology,Copiers,11,0.1,12017.4,1321.91
1045,ORD-2045,2024-12-02,2024-12-07,Standard Class,CUST-1244,Aditya Mehta,Corporate,North,Office Supplies,Binders,7,0.15,668.97,107.04
1046,ORD-2046,2023-08-24,2023-08-28,Standard Class,CUST-1245,Krishna Desai,Corporate,East,Technology,Machines,5,0.15,6215.49,559.39
1047,ORD-2047,2024-02-10,2024-02-14,Standard Class,CUST-1246,Sai Patel,Home Office,South,Office Supplies,Binders,5,0.0,410.26,90.26
1048,ORD-2048,2024-12-05,2024-12-09,Second Class,CUST-1247,Ananya Singh,Consumer,East,Furniture,Chairs,11,0.1,6066.11,485.29
1049,ORD-2049,2024-09-29,2024-10-01,First Class,CUST-1248,Ira Sharma,Corporate,South,Office Supplies,Labels,5,0.0,205.84,45.28
1050,ORD-2050,2024-04-05,2024-04-05,Same Day,CUST-1249,Navya Chopra,Home Office,North,Furniture,Chairs,7,0.0,4638.11,556.57
1051,ORD-2051,2023-06-16,2023-06-16,Same Day,CUST-1250,Navya Iyer,Home Office,North,Technology,Accessories,1,0.1,1375.82,151.34
1052,ORD-2052,2024-12-29,2025-01-05,Standard Class,CUST-1251,Sai Singh,Consumer,West,Furniture,Chairs,3,0.0,2426.85,291.22
1053,ORD-2053,2024-11-23,2024-11-29,Standard Class,CUST-1252,Saanvi Malhotra,Corporate,South,Furniture,Chairs,2,0.1,614.57,49.17
1054,ORD-2054,2024-10-18,2024-10-20,Second Class,CUST-1253,Navya Joshi,Consumer,East,Technology,Copiers,3,0.1,3801.08,418.12
1055,ORD-2055,2023-01-18,2023-01-20,First Class,CUST-1254,Ananya Chopra,Consumer,West,Technology,Phones,10,0.2,4987.08,349.1
1056,ORD-2056,2024-11-15,2024-11-19,Standard Class,CUST-1255,Aditya Chopra,Home Office,North,Furniture,Furnishings,2,0.3,1196.37,0.0
1057,ORD-2057,2023-04-13,2023-04-18,Standard Class,CUST-1256,Anika Mehta,Corporate,West,Technology,Machines,1,0.0,332.24,49.84
1058,ORD-2058,2024-01-22,2024-01-26,Standard Class,CUST-1257,Aarav Kumar,Consumer,East,Office Supplies,Paper,4,0.1,268.39,48.31
1059,ORD-2059,2024-09-21,2024-09-25,Standard Class,CUST-1258,Aditya Mehta,Consumer,North,Technology,Copiers,8,0.0,7298.54,1094.78
1060,ORD-2060,2024-12-19,2024-12-23,Standard Class,CUST-1259,Aditya Kumar,Consumer,South,Technology,Accessories,1,0.3,799.78,23.99
1061,ORD-2061,2023-12-10,2023-12-13,Second Class,CUST-1260,Arjun Iyer,Consumer,West,Furniture,Furnishings,5,0.1,1919.53,153.56
1062,ORD-2062,2024-03-22,2024-03-28,Standard Class,CUST-1261,Kiara Sharma,Consumer,North,Office Supplies,Art,12,0.15,1261.09,201.77
1063,ORD-2063,2024-07-20,2024-07-24,Second Class,CUST-1262,Arjun Sharma,Consumer,South,Office Supplies,Binders,10,0.2,959.97,134.4
1064,ORD-2064,2023-03-06,2023-03-06,Same Day,CUST-1263,Kiara Gupta,Consumer,North,Technology,Machines,4,0.3,4744.92,142.35
1065,ORD-2065,2023-10-14,2023-10-16,Second Class,CUST-1264,Kiara Singh,Consumer,North,Office Supplies,Labels,2,0.3,96.94,9.69
1066,ORD-2066,2023-03-09,2023-03-13,Standard Class,CUST-1265,Aarav Mehta,Consumer,South,Office Supplies,Binders,3,0.2,301.4,42.2
1067,ORD-2067,2024-03-13,2024-03-14,First Class,CUST-1266,Kiara Sharma,Home Office,West,Technology,Accessories,10,0.2,6772.18,474.05
1068,ORD-2068,2024-10-31,2024-11-07,Standard Class,CUST-1267,Arjun Malhotra,Corporate,South,Technology,Machines,10,0.0,8552.33,1282.85
1069,ORD-2069,2024-09-01,2024-09-05,Standard Class,CUST-1268,Ira Malhotra,Home Office,West,Technology,Copiers,12,0.2,8318.95,582.33
1070,ORD-2070,2023-02-06,2023-02-12,Standard Class,CUST-1269,Sai Verma,Corporate,North,Office Supplies,Labels,8,0.15,225.64,36.1
1071,ORD-2071,2023-09-05,2023-09-11,Standard Class,CUST-1270,Navya Nair,Consumer,West,Office Supplies,Binders,1,0.0,56.5,12.43
1072,ORD-2072,2024-07-14,2024-07-18,Second Class,CUST-1271,Rohan Nair,Home Office,North,Technology,Copiers,3,0.2,358.02,25.06
1073,ORD-2073,2024-02-07,2024-02-13,Standard Class,CUST-1272,Riya Gupta,Home Office,East,Office Supplies,Storage,12,0.0,879.81,193.56
1074,ORD-2074,2023-11-13,2023-11-19,Standard Class,CUST-1273,Vihaan Iyer,Consumer,East,Office Supplies,Paper,9,0.0,143.07,31.48
1075,ORD-2075,2024-11-29,2024-12-03,Second Class,CUST-1274,Krishna Reddy,Consumer,East,Furniture,Chairs,5,0.0,3264.39,391.73
1076,ORD-2076,2023-07-06,2023-07-12,Standard Class,CUST-1275,Sai Rao,Home Office,South,Technology,Machines,7,0.0,865.36,129.8
1077,ORD-2077,2023-12-22,2023-12-24,First Class,CUST-1276,Ananya Sharma,Consumer,East,Office Supplies,Storage,8,0.15,878.02,140.48
1078,ORD-2078,2024-09-01,2024-09-02,First Class,CUST-1277,Aditya Sharma,Corporate,West,Technology,Machines,1,0.0,1032.43,154.86
1079,ORD-2079,2024-08-15,2024-08-19,Standard Class,CUST-1278,Anika Mehta,Home Office,North,Furniture,Chairs,12,0.0,10527.47,1263.3
1080,ORD-2080,2024-09-22,2024-09-29,Standard Class,CUST-1279,Diya Joshi,Corporate,North,Office Supplies,Storage,10,0.0,102.56,22.56
1081,ORD-2081,2024-10-21,2024-10-27,Standard Class,CUST-1280,Kiara Iyer,Consumer,East,Technology,Phones,5,0.1,1941.8,213.6
1082,ORD-2082,2023-11-11,2023-11-15,Standard Class,CUST-1281,Kiara Nair,Consumer,West,Office Supplies,Paper,3,0.0,17.78,3.91
1083,ORD-2083,2023-11-17,2023-11-22,Standard Class,CUST-1282,Riya Sharma,Consumer,West,Furniture,Chairs,11,0.0,2564.67,307.76
1084,ORD-2084,2023-04-08,2023-04-09,First Class,CUST-1283,Vivaan Reddy,Corporate,East,Furniture,Chairs,4,0.2,318.12,12.72
1085,ORD-2085,2023-04-30,2023-05-07,Standard Class,CUST-1284,Ananya Desai,Corporate,South,Furniture,Tables,8,0.15,2704.16,162.25
1086,ORD-2086,2023-03-31,2023-04-07,Standard Class,CUST-1285,Krishna Nair,Consumer,East,Technology,Machines,11,0.15,654.29,58.89
1087,ORD-2087,2024-06-17,2024-06-21,Standard Class,CUST-1286,Kiara Verma,Corporate,North,Technology,Phones,2,0.15,720.44,64.84
1088,ORD-2088,2024-03-17,2024-03-23,Standard Class,CUST-1287,Diya Desai,Corporate,North,Office Supplies,Labels,9,0.15,559.18,89.47
1089,ORD-2089,2024-03-20,2024-03-25,Standard Class,CUST-1288,Aditya Chopra,Consumer,North,Office Supplies,Labels,10,0.3,640.93,64.09
1090,ORD-2090,2024-01-26,2024-02-02,Standard Class,CUST-1289,Ira Rao,Home Office,North,Furniture,Bookcases,4,0.0,540.31,64.84
1091,ORD-2091,2023-12-06,2023-12-11,Standard Class,CUST-1290,Myra Gupta,Home Office,South,Furniture,Chairs,1,0.1,120.53,9.64
1092,ORD-2092,2023-03-02,2023-03-06,Second Class,CUST-1291,Anika Chopra,Corporate,North,Office Supplies,Storage,2,0.1,226.99,40.86
1093,ORD-2093,2024-11-20,2024-11-20,Same Day,CUST-1292,Ishaan Desai,Corporate,East,Furniture,Chairs,12,0.15,7456.11,447.37
1094,ORD-2094,2024-12-13,2024-12-16,Second Class,CUST-1293,Anika Verma,Home Office,North,Technology,Phones,7,0.0,2922.68,438.4
1095,ORD-2095,2024-03-26,2024-03-30,Standard Class,CUST-1294,Aditya Joshi,Corporate,South,Technology,Phones,1,0.15,171.91,15.47
1096,ORD-2096,2023-06-12,2023-06-14,First Class,CUST-1295,Navya Rao,Consumer,West,Furniture,Chairs,5,0.1,653.99,52.32
1097,ORD-2097,2024-05-13,2024-05-20,Standard Class,CUST-1296,Saanvi Iyer,Home Office,North,Office Supplies,Storage,1,0.0,85.55,18.82
1098,ORD-2098,2023-03-03,2023-03-10,Standard Class,CUST-1297,Aadhya Nair,Consumer,South,Technology,Machines,4,0.0,1293.67,194.05
1099,ORD-2099,2023-11-06,2023-11-11,Standard Class,CUST-1298,Aadhya Desai,Home Office,South,Office Supplies,Paper,2,0.15,222.32,35.57
1100,ORD-2100,2024-11-01,2024-11-02,First Class,CUST-1299,Vivaan Kumar,Corporate,South,Office Supplies,Binders,12,0.1,1378.5,248.13
1101,ORD-2101,2023-11-15,2023-11-21,Standard Class,CUST-1300,Reyansh Kumar,Corporate,East,Office Supplies,Labels,6,0.3,584.47,58.45
1102,ORD-2102,2024-01-09,2024-01-13,Standard Class,CUST-1301,Krishna Verma,Home Office,North,Office Supplies,Paper,2,0.1,91.32,16.44
1103,ORD-2103,2024-05-26,2024-05-28,First Class,CUST-1302,Ananya Singh,Corporate,South,Office Supplies,Storage,6,0.3,301.43,30.14
1104,ORD-2104,2023-03-07,2023-03-13,Standard Class,CUST-1303,Navya Chopra,Consumer,West,Furniture,Tables,1,0.0,516.63,20.67
1105,ORD-2105,2023-12-16,2023-12-21,Standard Class,CUST-1304,Kiara Gupta,Corporate,South,Furniture,Bookcases,2,0.3,1419.29,0.0
1106,ORD-2106,2023-09-30,2023-09-30,Same Day,CUST-1305,Navya Mehta,Home Office,North,Technology,Phones,4,0.2,5318.11,372.27
1107,ORD-2107,2023-02-27,2023-02-27,Same Day,CUST-1306,Aarav Sharma,Consumer,South,Office Supplies,Art,9,0.1,777.41,139.93
1108,ORD-2108,2023-05-04,2023-05-11,Standard Class,CUST-1307,Diya Rao,Consumer,East,Office Supplies,Labels,11,0.2,1117.44,156.44
1109,ORD-2109,2024-11-27,2024-11-27,Same Day,CUST-1308,Aarav Chopra,Consumer,East,Furniture,Furnishings,9,0.0,3752.61,450.31
1110,ORD-2110,2023-05-16,2023-05-21,Standard Class,CUST-1309,Ishaan Desai,Consumer,South,Office Supplies,Paper,1,0.15,9.9,1.58
1111,ORD-2111,2024-01-12,2024-01-17,Standard Class,CUST-1310,Sai Chopra,Consumer,South,Technology,Phones,3,0.2,2034.68,142.43
1112,ORD-2112,2023-01-28,2023-02-01,Standard Class,CUST-1311,Saanvi Kumar,Corporate,North,Office Supplies,Binders,11,0.0,680.39,149.69
1113,ORD-2113,2024-09-29,2024-10-03,Second Class,CUST-1312,Ira Joshi,Consumer,East,Office Supplies,Art,3,0.0,232.75,51.2
1114,ORD-2114,2024-09-22,2024-09-27,Standard Class,CUST-1313,Arjun Joshi,Home Office,West,Office Supplies,Paper,12,0.0,670.92,147.6
1115,ORD-2115,2024-12-08,2024-12-15,Standard Class,CUST-1314,Aadhya Verma,Consumer,West,Technology,Machines,9,0.2,5294.18,370.59
1116,ORD-2116,2024-02-03,2024-02-08,Standard Class,CUST-1315,Vivaan Verma,Home Office,West,Furniture,Tables,1,0.1,468.45,37.48
1117,ORD-2117,2024-12-24,2024-12-26,Second Class,CUST-1316,Navya Rao,Home Office,West,Office Supplies,Art,5,0.15,286.62,45.86
1118,ORD-2118,2023-06-06,2023-06-08,Second Class,CUST-1317,Rohan Patel,Corporate,North,Technology,Phones,3,0.1,3766.1,414.27
1119,ORD-2119,2024-02-19,2024-02-23,Second Class,CUST-1318,Saanvi Singh,Consumer,North,Technology,Machines,11,0.0,13289.87,1993.48
1120,ORD-2120,2023-10-06,2023-10-10,Second Class,CUST-1319,Krishna Rao,Consumer,West,Office Supplies,Paper,9,0.0,844.2,185.72
1121,ORD-2121,2023-06-28,2023-06-30,First Class,CUST-1320,Myra Joshi,Consumer,North,Technology,Copiers,6,0.1,2627.33,289.01
1122,ORD-2122,2024-08-05,2024-08-09,Standard Class,CUST-1321,Ishaan Verma,Consumer,North,Office Supplies,Binders,2,0.0,221.21,48.67
1123,ORD-2123,2024-08-28,2024-08-29,First Class,CUST-1322,Arjun Sharma,Consumer,East,Office Supplies,Paper,5,0.0,586.43,129.01
1124,ORD-2124,2024-11-08,2024-11-15,Standard Class,CUST-1323,Ira Nair,Corporate,South,Technology,Accessories,8,0.1,4956.13,545.17
1125,ORD-2125,2023-06-18,2023-06-21,Second Class,CUST-1324,Aarav Iyer,Consumer,West,Furniture,Tables,6,0.1,3784.58,302.77
1126,ORD-2126,2024-10-14,2024-10-16,Second Class,CUST-1325,Saanvi Reddy,Consumer,West,Office Supplies,Storage,5,0.15,547.64,87.62
1127,ORD-2127,2023-05-08,2023-05-11,Second Class,CUST-1326,Myra Malhotra,Home Office,North,Office Supplies,Storage,7,0.15,250.83,40.13
1128,ORD-2128,2024-12-29,2025-01-02,Standard Class,CUST-1327,Aadhya Iyer,Consumer,North,Technology,Copiers,7,0.0,4918.91,737.84
1129,ORD-2129,2024-03-12,2024-03-19,Standard Class,CUST-1328,Ananya Chopra,Consumer,North,Technology,Phones,4,0.3,4083.05,122.49
1130,ORD-2130,2024-04-20,2024-04-23,Second Class,CUST-1329,Krishna Reddy,Consumer,North,Office Supplies,Storage,4,0.0,190.64,41.94
1131,ORD-2131,2023-06-15,2023-06-15,Same Day,CUST-1330,Ananya Mehta,Consumer,South,Office Supplies,Art,5,0.1,370.48,66.69
1132,ORD-2132,2023-12-24,2023-12-27,Second Class,CUST-1331,Rohan Chopra,Home Office,South,Office Supplies,Storage,4,0.2,130.1,18.21
1133,ORD-2133,2024-09-14,2024-09-19,Standard Class,CUST-1332,Riya Desai,Corporate,East,Technology,Machines,5,0.15,3879.43,349.15
1134,ORD-2134,2023-02-18,2023-02-22,Standard Class,CUST-1333,Riya Joshi,Corporate,South,Furniture,Furnishings,9,0.3,4970.41,0.0
1135,ORD-2135,2024-08-07,2024-08-13,Standard Class,CUST-1334,Rohan Desai,Corporate,North,Furniture,Furnishings,9,0.0,3286.38,394.37
1136,ORD-2136,2023-05-09,2023-05-15,Standard Class,CUST-1335,Aditya Gupta,Consumer,North,Office Supplies,Labels,12,0.0,841.87,185.21
1137,ORD-2137,2023-04-28,2023-05-02,Standard Class,CUST-1336,Ira Nair,Home Office,West,Office Supplies,Art,4,0.1,169.94,30.59
1138,ORD-2138,2024-09-16,2024-09-19,Second Class,CUST-1337,Saanvi Nair,Consumer,North,Technology,Machines,4,0.0,3343.83,501.57
1139,ORD-2139,2023-05-19,2023-05-26,Standard Class,CUST-1338,Vihaan Sharma,Consumer,North,Office Supplies,Storage,5,0.1,275.66,49.62
1140,ORD-2140,2023-02-03,2023-02-05,First Class,CUST-1339,Riya Rao,Corporate,West,Technology,Machines,5,0.2,576.59,40.36
1141,ORD-2141,2023-03-07,2023-03-13,Standard Class,CUST-1340,Krishna Kumar,Home Office,North,Furniture,Tables,6,0.1,4986.25,398.9
1142,ORD-2142,2023-12-13,2023-12-17,Standard Class,CUST-1341,Arjun Mehta,Consumer,West,Technology,Accessories,4,0.1,2051.64,225.68
1143,ORD-2143,2023-01-11,2023-01-13,Second Class,CUST-1342,Vihaan Joshi,Consumer,North,Office Supplies,Art,7,0.0,328.99,72.38
1144,ORD-2144,2024-09-16,2024-09-19,Second Class,CUST-1343,Reyansh Sharma,Consumer,West,Office Supplies,Binders,2,0.1,48.31,8.7
1145,ORD-2145,2023-08-29,2023-09-05,Standard Class,CUST-1344,Kiara Verma,Consumer,North,Technology,Accessories,10,0.0,13800.43,2070.06
1146,ORD-2146,2023-05-16,2023-05-23,Standard Class,CUST-1345,Navya Iyer,Home Office,West,Furniture,Furnishings,12,0.1,8339.76,667.18
1147,ORD-2147,2024-02-28,2024-03-06,Standard Class,CUST-1346,Diya Joshi,Home Office,West,Office Supplies,Paper,9,0.15,905.27,144.84
1148,ORD-2148,2023-12-14,2023-12-16,First Class,CUST-1347,Riya Malhotra,Corporate,West,Furniture,Bookcases,12,0.15,4142.31,248.54
1149,ORD-2149,2024-04-07,2024-04-14,Standard Class,CUST-1348,Vivaan Verma,Consumer,West,Technology,Phones,9,0.0,3525.97,528.9
1150,ORD-2150,2024-11-16,2024-11-22,Standard Class,CUST-1349,Vivaan Malhotra,Home Office,West,Furniture,Chairs,11,0.1,9012.7,721.02
1151,ORD-2151,2023-07-02,2023-07-07,Standard Class,CUST-1350,Arjun Desai,Consumer,East,Technology,Phones,8,0.1,3198.45,351.83
1152,ORD-2152,2023-06-03,2023-06-08,Standard Class,CUST-1351,Saanvi Rao,Corporate,South,Office Supplies,Storage,4,0.1,349.6,62.93
1153,ORD-2153,2023-10-29,2023-11-02,Standard Class,CUST-1352,Anika Mehta,Consumer,West,Technology,Machines,10,0.2,6802.84,476.2
1154,ORD-2154,2023-03-15,2023-03-18,Second Class,CUST-1353,Sai Nair,Consumer,West,Furniture,Furnishings,7,0.1,4076.86,326.15
1155,ORD-2155,2023-10-02,2023-10-07,Standard Class,CUST-1354,Arjun Sharma,Consumer,West,Office Supplies,Paper,7,0.0,356.49,78.43
1156,ORD-2156,2023-06-11,2023-06-16,Standard Class,CUST-1355,Ananya Reddy,Consumer,South,Furniture,Furnishings,11,0.1,6988.08,559.05
1157,ORD-2157,2023-10-31,2023-11-02,Second Class,CUST-1356,Ira Kumar,Consumer,West,Furniture,Furnishings,1,0.0,609.97,73.2
1158,ORD-2158,2023-02-14,2023-02-18,Second Class,CUST-1357,Sai Rao,Consumer,East,Technology,Accessories,3,0.0,3552.18,532.83
1159,ORD-2159,2024-12-29,2024-12-29,Same Day,CUST-1358,Rohan Desai,Corporate,North,Office Supplies,Art,1,0.0,72.03,15.85
1160,ORD-2160,2023-11-09,2023-11-15,Standard Class,CUST-1359,Anika Desai,Corporate,West,Office Supplies,Binders,8,0.0,522.46,114.94
1161,ORD-2161,2024-10-15,2024-10-22,Standard Class,CUST-1360,Aadhya Chopra,Corporate,West,Office Supplies,Storage,3,0.0,242.18,53.28
1162,ORD-2162,2023-03-18,2023-03-20,Second Class,CUST-1361,Navya Singh,Consumer,North,Office Supplies,Binders,2,0.2,114.39,16.01
1163,ORD-2163,2024-09-21,2024-09-23,Second Class,CUST-1362,Riya Chopra,Corporate,West,Office Supplies,Labels,9,0.0,211.51,46.53
1164,ORD-2164,2024-03-18,2024-03-22,Standard Class,CUST-1363,Diya Desai,Corporate,North,Office Supplies,Paper,4,0.0,268.05,58.97
1165,ORD-2165,2024-10-08,2024-10-13,Standard Class,CUST-1364,Aarav Desai,Home Office,West,Office Supplies,Labels,6,0.2,133.17,18.64
1166,ORD-2166,2023-03-03,2023-03-04,First Class,CUST-1365,Krishna Gupta,Corporate,East,Office Supplies,Art,9,0.1,251.28,45.23
1167,ORD-2167,2023-03-27,2023-04-01,Standard Class,CUST-1366,Krishna Nair,Consumer,East,Technology,Copiers,9,0.0,460.71,69.11
1168,ORD-2168,2024-09-15,2024-09-19,Standard Class,CUST-1367,Ira Chopra,Consumer,East,Technology,Accessories,2,0.15,2693.0,242.37
1169,ORD-2169,2024-05-19,2024-05-24,Standard Class,CUST-1368,Navya Kumar,Home Office,East,Office Supplies,Storage,2,0.0,197.04,43.35
1170,ORD-2170,2024-02-24,2024-02-28,Standard Class,CUST-1369,Navya Joshi,Home Office,West,Office Supplies,Storage,4,0.0,157.5,34.65
1171,ORD-2171,2024-12-19,2024-12-22,Second Class,CUST-1370,Ira Rao,Corporate,South,Technology,Copiers,6,0.0,3115.95,467.39
1172,ORD-2172,2023-08-17,2023-08-20,Second Class,CUST-1371,Arjun Mehta,Corporate,East,Office Supplies,Binders,10,0.15,342.21,54.75
1173,ORD-2173,2024-08-10,2024-08-14,Standard Class,CUST-1372,Myra Patel,Corporate,South,Office Supplies,Labels,9,0.0,684.43,150.57
1174,ORD-2174,2023-11-06,2023-11-09,Second Class,CUST-1373,Reyansh Nair,Consumer,South,Office Supplies,Art,12,0.0,1175.63,258.64
1175,ORD-2175,2023-11-20,2023-11-22,First Class,CUST-1374,Ananya Gupta,Corporate,East,Office Supplies,Labels,2,0.0,236.91,52.12
1176,ORD-2176,2024-02-14,2024-02-15,First Class,CUST-1375,Diya Kumar,Consumer,East,Furniture,Tables,2,0.1,1380.39,110.43
1177,ORD-2177,2023-12-04,2023-12-06,Second Class,CUST-1376,Ishaan Rao,Corporate,East,Office Supplies,Paper,12,0.2,774.18,108.39
1178,ORD-2178,2023-02-18,2023-02-25,Standard Class,CUST-1377,Riya Desai,Corporate,North,Office Supplies,Art,10,0.3,258.26,25.83
1179,ORD-2179,2024-07-25,2024-07-30,Standard Class,CUST-1378,Anika Malhotra,Consumer,East,Technology,Machines,8,0.1,7742.62,851.69
1180,ORD-2180,2023-02-01,2023-02-07,Standard Class,CUST-1379,Rohan Patel,Consumer,West,Office Supplies,Binders,5,0.1,356.28,64.13
1181,ORD-2181,2024-01-19,2024-01-20,First Class,CUST-1380,Ira Mehta,Consumer,West,Office Supplies,Paper,7,0.15,138.69,22.19
1182,ORD-2182,2024-09-15,2024-09-21,Standard Class,CUST-1381,Myra Patel,Consumer,North,Technology,Machines,8,0.15,3578.82,322.09
1183,ORD-2183,2024-09-07,2024-09-12,Standard Class,CUST-1382,Myra Rao,Corporate,North,Technology,Accessories,2,0.0,2213.1,331.96
1184,ORD-2184,2024-02-08,2024-02-12,Second Class,CUST-1383,Krishna Desai,Home Office,North,Furniture,Chairs,11,0.0,2171.54,260.58
1185,ORD-2185,2024-09-24,2024-09-28,Standard Class,CUST-1384,Rohan Gupta,Consumer,South,Office Supplies,Labels,11,0.0,232.03,51.05
1186,ORD-2186,2024-05-15,2024-05-20,Standard Class,CUST-1385,Vivaan Reddy,Home Office,North,Furniture,Bookcases,5,0.0,2857.07,342.85
1187,ORD-2187,2023-11-01,2023-11-04,Second Class,CUST-1386,Kiara Verma,Consumer,East,Technology,Machines,6,0.1,8561.07,941.72
1188,ORD-2188,2023-02-07,2023-02-12,Standard Class,CUST-1387,Aadhya Verma,Consumer,South,Office Supplies,Paper,2,0.2,61.21,8.57
1189,ORD-2189,2024-06-09,2024-06-13,Standard Class,CUST-1388,Navya Iyer,Consumer,East,Furniture,Chairs,4,0.0,351.63,42.2
1190,ORD-2190,2023-05-06,2023-05-08,Second Class,CUST-1389,Myra Malhotra,Home Office,South,Office Supplies,Paper,9,0.0,574.8,126.46
1191,ORD-2191,2023-10-13,2023-10-15,First Class,CUST-1390,Riya Malhotra,Corporate,South,Technology,Copiers,7,0.0,3500.48,525.07
1192,ORD-2192,2024-03-16,2024-03-22,Standard Class,CUST-1391,Navya Mehta,Corporate,West,Furniture,Chairs,9,0.2,3037.42,121.5
1193,ORD-2193,2024-12-22,2024-12-29,Standard Class,CUST-1392,Rohan Nair,Home Office,East,Office Supplies,Storage,5,0.1,311.27,56.03
1194,ORD-2194,2024-03-24,2024-03-26,Second Class,CUST-1393,Diya Malhotra,Consumer,West,Office Supplies,Art,9,0.1,564.01,101.52
1195,ORD-2195,2024-03-27,2024-04-02,Standard Class,CUST-1394,Navya Singh,Home Office,South,Office Supplies,Binders,11,0.1,1108.46,199.52
1196,ORD-2196,2023-07-31,2023-08-04,Standard Class,CUST-1395,Sai Chopra,Home Office,West,Furniture,Furnishings,4,0.15,2304.68,138.28
1197,ORD-2197,2023-03-23,2023-03-27,Second Class,CUST-1396,Riya Joshi,Corporate,West,Office Supplies,Binders,3,0.0,168.63,37.1
1198,ORD-2198,2024-03-09,2024-03-11,Second Class,CUST-1397,Anika Kumar,Corporate,North,Technology,Phones,1,0.15,1084.93,97.64
1199,ORD-2199,2024-11-20,2024-11-26,Standard Class,CUST-1398,Krishna Rao,Corporate,West,Furniture,Tables,9,0.0,1647.3,197.68
1200,ORD-2200,2023-02-13,2023-02-14,First Class,CUST-1399,Vihaan Sharma,Corporate,East,Office Supplies,Labels,5,0.15,506.73,81.08
1201,ORD-2201,2023-12-18,2023-12-23,Standard Class,CUST-1000,Kiara Verma,Consumer,West,Office Supplies,Paper,4,0.1,246.81,44.43
1202,ORD-2202,2024-09-25,2024-09-25,Same Day,CUST-1001,Aadhya Verma,Home Office,North,Office Supplies,Storage,6,0.0,231.41,50.91
1203,ORD-2203,2023-09-03,2023-09-10,Standard Class,CUST-1002,Saanvi Joshi,Consumer,East,Office Supplies,Binders,10,0.0,204.13,44.91
1204,ORD-2204,2024-07-11,2024-07-12,First Class,CUST-1003,Rohan Gupta,Consumer,West,Office Supplies,Art,9,0.2,827.66,115.87
1205,ORD-2205,2023-04-18,2023-04-22,Standard Class,CUST-1004,Navya Rao,Corporate,East,Technology,Machines,11,0.3,4355.57,130.67
1206,ORD-2206,2024-11-16,2024-11-22,Standard Class,CUST-1005,Aadhya Singh,Consumer,North,Office Supplies,Paper,7,0.0,725.06,159.51
1207,ORD-2207,2024-04-09,2024-04-10,First Class,CUST-1006,Riya Nair,Corporate,West,Furniture,Bookcases,10,0.15,7007.56,420.45
1208,ORD-2208,2023-06-27,2023-06-29,Second Class,CUST-1007,Ananya Malhotra,Consumer,West,Office Supplies,Labels,6,0.15,494.47,79.12
1209,ORD-2209,2023-05-07,2023-05-07,Same Day,CUST-1008,Vihaan Malhotra,Corporate,West,Furniture,Furnishings,2,0.15,1339.29,80.36
1210,ORD-2210,2023-08-02,2023-08-06,Standard Class,CUST-1009,Diya Kumar,Consumer,West,Technology,Copiers,4,0.1,1791.59,197.07
1211,ORD-2211,2024-09-11,2024-09-12,First Class,CUST-1010,Aadhya Sharma,Consumer,West,Technology,Machines,3,0.15,1591.76,143.26
1212,ORD-2212,2024-11-01,2024-11-05,Second Class,CUST-1011,Diya Iyer,Corporate,West,Furniture,Chairs,8,0.0,1518.72,182.25
1213,ORD-2213,2023-04-13,2023-04-16,Second Class,CUST-1012,Vivaan Mehta,Home Office,North,Office Supplies,Paper,8,0.3,295.57,29.56
1214,ORD-2214,2023-01-29,2023-01-31,First Class,CUST-1013,Riya Nair,Home Office,East,Office Supplies,Art,4,0.2,180.17,25.22
1215,ORD-2215,2023-01-15,2023-01-22,Standard Class,CUST-1014,Navya Rao,Consumer,West,Office Supplies,Paper,10,0.0,271.28,59.68
1216,ORD-2216,2024-05-01,2024-05-03,First Class,CUST-1015,Vivaan Sharma,Consumer,East,Office Supplies,Paper,10,0.2,903.61,126.51
1217,ORD-2217,2023-07-21,2023-07-23,Second Class,CUST-1016,Aarav Sharma,Consumer,East,Furniture,Bookcases,2,0.1,942.54,75.4
1218,ORD-2218,2023-08-10,2023-08-14,Standard Class,CUST-1017,Aditya Verma,Corporate,North,Technology,Phones,4,0.1,426.11,46.87
1219,ORD-2219,2024-05-22,2024-05-23,First Class,CUST-1018,Ishaan Chopra,Consumer,North,Technology,Machines,7,0.0,1476.24,221.44
1220,ORD-2220,2024-04-10,2024-04-12,Second Class,CUST-1019,Rohan Rao,Home Office,North,Furniture,Tables,3,0.0,691.82,83.02
1221,ORD-2221,2024-08-24,2024-08-31,Standard Class,CUST-1020,Kiara Malhotra,Corporate,North,Technology,Phones,8,0.15,632.41,56.92
1222,ORD-2222,2023-11-20,2023-11-24,Second Class,CUST-1021,Rohan Chopra,Corporate,West,Office Supplies,Binders,9,0.3,955.18,95.52
1223,ORD-2223,2023-04-25,2023-04-27,First Class,CUST-1022,Riya Desai,Consumer,North,Furniture,Chairs,2,0.3,400.4,-0.0
1224,ORD-2224,2023-09-19,2023-09-24,Standard Class,CUST-1023,Vivaan Desai,Consumer,South,Technology,Copiers,1,0.0,711.47,106.72
1225,ORD-2225,2024-08-01,2024-08-06,Standard Class,CUST-1024,Vivaan Sharma,Consumer,North,Office Supplies,Labels,7,0.2,582.34,81.53
1226,ORD-2226,2023-08-24,2023-08-29,Standard Class,CUST-1025,Sai Verma,Home Office,North,Office Supplies,Art,4,0.0,262.78,57.81
1227,ORD-2227,2023-06-22,2023-06-26,Second Class,CUST-1026,Aarav Reddy,Corporate,North,Technology,Copiers,6,0.0,2194.89,329.23
1228,ORD-2228,2024-02-17,2024-02-21,Standard Class,CUST-1027,Riya Verma,Consumer,East,Office Supplies,Binders,2,0.1,100.32,18.06
1229,ORD-2229,2023-08-29,2023-09-02,Second Class,CUST-1028,Saanvi Sharma,Corporate,South,Technology,Copiers,9,0.2,7087.99,496.16
1230,ORD-2230,2024-02-02,2024-02-06,Standard Class,CUST-1029,Vihaan Desai,Corporate,North,Technology,Machines,2,0.3,1267.12,38.01
1231,ORD-2231,2024-11-09,2024-11-11,Second Class,CUST-1030,Rohan Gupta,Consumer,East,Office Supplies,Storage,1,0.0,34.87,7.67
1232,ORD-2232,2023-09-02,2023-09-04,Second Class,CUST-1031,Ishaan Patel,Home Office,South,Office Supplies,Art,10,0.0,364.34,80.15
1233,ORD-2233,2024-07-17,2024-07-23,Standard Class,CUST-1032,Aditya Chopra,Corporate,West,Technology,Accessories,9,0.0,3353.52,503.03
1234,ORD-2234,2024-02-05,2024-02-07,Second Class,CUST-1033,Arjun Iyer,Consumer,East,Office Supplies,Binders,4,0.0,184.92,40.68
1235,ORD-2235,2024-04-10,2024-04-15,Standard Class,CUST-1034,Arjun Kumar,Home Office,South,Furniture,Chairs,12,0.3,3846.6,-0.0
1236,ORD-2236,2023-12-21,2023-12-26,Standard Class,CUST-1035,Kiara Mehta,Consumer,South,Technology,Copiers,3,0.0,1926.53,288.98
1237,ORD-2237,2024-06-18,2024-06-20,First Class,CUST-1036,Riya Chopra,Consumer,North,Furniture,Tables,11,0.15,4520.48,271.23
1238,ORD-2238,2023-01-12,2023-01-15,Second Class,CUST-1037,Ishaan Patel,Home Office,South,Technology,Accessories,7,0.0,3450.43,517.56
1239,ORD-2239,2023-11-04,2023-11-09,Standard Class,CUST-1038,Myra Chopra,Consumer,West,Furniture,Chairs,12,0.0,8817.73,1058.13
1240,ORD-2240,2023-12-25,2024-01-01,Standard Class,CUST-1039,Ananya Malhotra,Corporate,South,Office Supplies,Art,2,0.3,35.52,3.55
1241,ORD-2241,2024-06-05,2024-06-09,Second Class,CUST-1040,Arjun Rao,Home Office,South,Technology,Machines,3,0.2,3929.86,275.09
1242,ORD-2242,2023-10-04,2023-10-11,Standard Class,CUST-1041,Reyansh Reddy,Corporate,South,Office Supplies,Binders,1,0.1,113.61,20.45
1243,ORD-2243,2023-05-09,2023-05-13,Second Class,CUST-1042,Saanvi Kumar,Consumer,West,Technology,Machines,3,0.1,1564.43,172.09
1244,ORD-2244,2023-06-17,2023-06-22,Standard Class,CUST-1043,Rohan Joshi,Corporate,East,Furniture,Furnishings,2,0.1,1374.41,109.95
1245,ORD-2245,2024-06-27,2024-07-03,Standard Class,CUST-1044,Riya Malhotra,Consumer,North,Technology,Copiers,5,0.15,5821.31,523.92
1246,ORD-2246,2024-07-03,2024-07-09,Standard Class,CUST-1045,Vihaan Sharma,Consumer,South,Office Supplies,Binders,3,0.0,296.24,65.17
1247,ORD-2247,2023-02-22,2023-02-27,Standard Class,CUST-1046,Arjun Verma,Home Office,West,Office Supplies,Binders,12,0.3,1150.03,115.0
1248,ORD-2248,2024-12-16,2024-12-17,First Class,CUST-1047,Vivaan Verma,Corporate,East,Office Supplies,Labels,2,0.0,17.46,3.84
1249,ORD-2249,2024-10-29,2024-11-02,Standard Class,CUST-1048,Diya Joshi,Home Office,North,Technology,Copiers,12,0.1,1441.57,158.57
1250,ORD-2250,2024-10-13,2024-10-18,Standard Class,CUST-1049,Kiara Reddy,Corporate,East,Technology,Phones,4,0.1,865.63,95.22
1251,ORD-2251,2024-04-27,2024-04-28,First Class,CUST-1050,Vihaan Nair,Consumer,South,Technology,Accessories,1,0.1,1144.44,125.89
1252,ORD-2252,2024-11-24,2024-11-28,Standard Class,CUST-1051,Vihaan Kumar,Consumer,West,Office Supplies,Art,4,0.2,380.94,53.33
1253,ORD-2253,2023-10-21,2023-10-26,Standard Class,CUST-1052,Anika Sharma,Corporate,East,Technology,Machines,1,0.0,1308.78,196.32
1254,ORD-2254,2023-07-10,2023-07-17,Standard Class,CUST-1053,Saanvi Kumar,Corporate,West,Office Supplies,Binders,6,0.0,209.11,46.0
1255,ORD-2255,2023-03-09,2023-03-10,First Class,CUST-1054,Arjun Verma,Corporate,East,Furniture,Bookcases,6,0.0,750.2,90.02
1256,ORD-2256,2023-01-05,2023-01-05,Same Day,CUST-1055,Anika Malhotra,Home Office,North,Furniture,Chairs,5,0.15,3877.71,232.66
1257,ORD-2257,2024-08-14,2024-08-19,Standard Class,CUST-1056,Vihaan Chopra,Consumer,East,Office Supplies,Binders,7,0.0,686.64,151.06
1258,ORD-2258,2023-04-14,2023-04-16,Second Class,CUST-1057,Saanvi Chopra,Corporate,North,Office Supplies,Storage,5,0.2,452.76,63.39
1259,ORD-2259,2024-07-17,2024-07-24,Standard Class,CUST-1058,Myra Nair,Home Office,North,Furniture,Chairs,5,0.2,3338.6,133.54
1260,ORD-2260,2024-04-28,2024-05-02,Second Class,CUST-1059,Kiara Desai,Consumer,South,Technology,Phones,8,0.0,3116.84,467.53
1261,ORD-2261,2023-12-16,2023-12-18,First Class,CUST-1060,Kiara Gupta,Corporate,North,Technology,Phones,4,0.0,1914.69,287.2
1262,ORD-2262,2024-04-18,2024-04-23,Standard Class,CUST-1061,Anika Iyer,Consumer,North,Furniture,Chairs,2,0.1,730.52,58.44
1263,ORD-2263,2023-08-10,2023-08-11,First Class,CUST-1062,Rohan Rao,Corporate,South,Technology,Phones,2,0.1,1009.31,111.02
1264,ORD-2264,2023-06-15,2023-06-22,Standard Class,CUST-1063,Arjun Desai,Corporate,South,Technology,Copiers,8,0.0,3882.99,582.45
1265,ORD-2265,2023-05-20,2023-05-21,First Class,CUST-1064,Reyansh Reddy,Consumer,East,Office Supplies,Paper,4,0.0,464.77,102.25
1266,ORD-2266,2024-03-17,2024-03-20,Second Class,CUST-1065,Ishaan Kumar,Home Office,West,Office Supplies,Art,9,0.0,657.02,144.54
1267,ORD-2267,2023-09-23,2023-09-29,Standard Class,CUST-1066,Riya Nair,Corporate,West,Office Supplies,Labels,12,0.0,1308.63,287.9
1268,ORD-2268,2023-11-26,2023-12-01,Standard Class,CUST-1067,Ananya Reddy,Home Office,North,Office Supplies,Labels,5,0.2,483.22,67.65
1269,ORD-2269,2024-05-03,2024-05-09,Standard Class,CUST-1068,Sai Gupta,Corporate,South,Technology,Copiers,11,0.2,11935.32,835.47
1270,ORD-2270,2024-03-12,2024-03-17,Standard Class,CUST-1069,Ira Desai,Consumer,West,Furniture,Tables,9,0.0,3464.98,415.8
1271,ORD-2271,2023-01-09,2023-01-12,Second Class,CUST-1070,Riya Malhotra,Home Office,West,Furniture,Chairs,9,0.0,822.69,98.72
1272,ORD-2272,2023-03-21,2023-03-22,First Class,CUST-1071,Aarav Desai,Consumer,East,Technology,Copiers,4,0.0,5558.34,833.75
1273,ORD-2273,2023-02-03,2023-02-04,First Class,CUST-1072,Saanvi Mehta,Consumer,North,Furniture,Furnishings,4,0.1,3023.71,241.9
1274,ORD-2274,2024-07-22,2024-07-27,Standard Class,CUST-1073,Vivaan Gupta,Corporate,North,Office Supplies,Art,6,0.0,452.8,99.62
1275,ORD-2275,2023-05-11,2023-05-18,Standard Class,CUST-1074,Riya Verma,Corporate,North,Technology,Accessories,7,0.15,3227.35,290.46
1276,ORD-2276,2024-03-16,2024-03-20,Standard Class,CUST-1075,Rohan Reddy,Consumer,South,Office Supplies,Paper,4,0.1,137.54,24.76
1277,ORD-2277,2024-03-21,2024-03-22,First Class,CUST-1076,Aarav Gupta,Corporate,North,Technology,Machines,1,0.1,1345.81,148.04
1278,ORD-2278,2023-06-19,2023-06-24,Standard Class,CUST-1077,Vivaan Patel,Home Office,North,Office Supplies,Storage,5,0.0,550.48,121.11
1279,ORD-2279,2023-09-11,2023-09-16,Standard Class,CUST-1078,Diya Desai,Consumer,North,Furniture,Bookcases,11,0.0,8144.35,977.32
1280,ORD-2280,2023-12-03,2023-12-04,First Class,CUST-1079,Navya Patel,Corporate,East,Furniture,Furnishings,12,0.0,8668.34,1040.2
1281,ORD-2281,2024-08-29,2024-09-01,Second Class,CUST-1080,Krishna Verma,Corporate,North,Office Supplies,Storage,3,0.0,287.09,63.16
1282,ORD-2282,2024-09-04,2024-09-10,Standard Class,CUST-1081,Arjun Singh,Consumer,West,Office Supplies,Labels,8,0.1,105.96,19.07
1283,ORD-2283,2023-01-16,2023-01-18,First Class,CUST-1082,Ananya Mehta,Corporate,East,Technology,Phones,2,0.15,1331.63,119.85
1284,ORD-2284,2023-10-08,2023-10-12,Standard Class,CUST-1083,Arjun Chopra,Consumer,North,Technology,Copiers,1,0.15,668.91,60.2
1285,ORD-2285,2024-11-06,2024-11-12,Standard Class,CUST-1084,Vihaan Verma,Consumer,East,Office Supplies,Paper,6,0.0,623.44,137.16
1286,ORD-2286,2023-04-13,2023-04-19,Standard Class,CUST-1085,Riya Iyer,Consumer,North,Furniture,Chairs,11,0.0,2139.71,256.77
1287,ORD-2287,2023-04-06,2023-04-13,Standard Class,CUST-1086,Vihaan Mehta,Corporate,North,Technology,Machines,3,0.1,1421.95,156.41
1288,ORD-2288,2024-08-11,2024-08-11,Same Day,CUST-1087,Aadhya Reddy,Corporate,North,Furniture,Tables,2,0.0,747.07,89.65
1289,ORD-2289,2023-12-08,2023-12-10,First Class,CUST-1088,Navya Gupta,Corporate,West,Office Supplies,Labels,6,0.0,520.32,114.47
1290,ORD-2290,2024-02-12,2024-02-17,Standard Class,CUST-1089,Ananya Chopra,Consumer,East,Technology,Machines,6,0.0,1768.33,265.25
1291,ORD-2291,2023-04-19,2023-04-20,First Class,CUST-1090,Rohan Iyer,Consumer,South,Technology,Copiers,3,0.2,3250.6,227.54
1292,ORD-2292,2023-06-16,2023-06-21,Standard Class,CUST-1091,Aarav Mehta,Consumer,North,Office Supplies,Labels,12,0.0,604.3,132.95
1293,ORD-2293,2023-01-01,2023-01-05,Standard Class,CUST-1092,Reyansh Gupta,Home Office,West,Office Supplies,Binders,2,0.15,72.16,11.55
1294,ORD-2294,2024-08-11,2024-08-18,Standard Class,CUST-1093,Kiara Verma,Consumer,South,Furniture,Tables,2,0.15,1640.12,98.41
1295,ORD-2295,2024-04-17,2024-04-19,Second Class,CUST-1094,Aadhya Rao,Consumer,North,Office Supplies,Art,1,0.0,55.13,12.13
1296,ORD-2296,2024-08-09,2024-08-10,First Class,CUST-1095,Arjun Rao,Consumer,South,Furniture,Furnishings,4,0.0,2528.41,303.41
1297,ORD-2297,2024-10-20,2024-10-25,Standard Class,CUST-1096,Reyansh Chopra,Home Office,East,Office Supplies,Binders,2,0.0,73.49,16.17
1298,ORD-2298,2024-04-20,2024-04-22,First Class,CUST-1097,Vivaan Nair,Home Office,West,Office Supplies,Art,12,0.1,394.2,70.96
1299,ORD-2299,2023-03-13,2023-03-18,Standard Class,CUST-1098,Myra Mehta,Consumer,West,Furniture,Furnishings,10,0.0,5429.98,651.6
1300,ORD-2300,2024-03-31,2024-04-04,Standard Class,CUST-1099,Aadhya Malhotra,Consumer,West,Furniture,Furnishings,6,0.0,4396.96,527.64
1301,ORD-2301,2023-10-28,2023-11-01,Standard Class,CUST-1100,Ishaan Chopra,Consumer,South,Furniture,Tables,8,0.0,1774.6,212.95
1302,ORD-2302,2023-08-21,2023-08-25,Standard Class,CUST-1101,Aditya Nair,Corporate,South,Technology,Copiers,12,0.0,10865.41,1629.81
1303,ORD-2303,2024-05-03,2024-05-05,Second Class,CUST-1102,Aadhya Chopra,Consumer,North,Office Supplies,Storage,2,0.1,111.35,20.04
1304,ORD-2304,2023-02-22,2023-02-22,Same Day,CUST-1103,Diya Desai,Home Office,South,Office Supplies,Art,7,0.15,351.77,56.28
1305,ORD-2305,2023-03-10,2023-03-14,Standard Class,CUST-1104,Ira Mehta,Consumer,South,Office Supplies,Labels,1,0.15,21.16,3.39
1306,ORD-2306,2023-12-09,2023-12-09,Same Day,CUST-1105,Diya Nair,Consumer,South,Technology,Copiers,7,0.0,2663.12,399.47
1307,ORD-2307,2023-08-05,2023-08-11,Standard Class,CUST-1106,Vihaan Kumar,Consumer,South,Office Supplies,Paper,3,0.2,73.58,10.3
1308,ORD-2308,2024-06-08,2024-06-13,Standard Class,CUST-1107,Ira Malhotra,Consumer,East,Office Supplies,Paper,1,0.0,91.41,20.11
1309,ORD-2309,2024-02-14,2024-02-15,First Class,CUST-1108,Rohan Mehta,Home Office,West,Technology,Machines,3,0.0,2131.04,319.66
1310,ORD-2310,2024-11-30,2024-12-04,Second Class,CUST-1109,Saanvi Malhotra,Home Office,North,Office Supplies,Paper,3,0.0,346.94,76.33
1311,ORD-2311,2023-03-24,2023-03-28,Standard Class,CUST-1110,Aadhya Chopra,Consumer,East,Office Supplies,Paper,6,0.0,560.93,123.4
1312,ORD-2312,2024-06-30,2024-07-04,Standard Class,CUST-1111,Aarav Singh,Consumer,West,Office Supplies,Paper,12,0.0,799.08,175.8
1313,ORD-2313,2023-12-01,2023-12-07,Standard Class,CUST-1112,Riya Mehta,Consumer,West,Office Supplies,Binders,7,0.0,835.08,183.72
1314,ORD-2314,2023-07-14,2023-07-19,Standard Class,CUST-1113,Navya Desai,Home Office,North,Office Supplies,Paper,9,0.2,312.7,43.78
1315,ORD-2315,2024-04-22,2024-04-26,Standard Class,CUST-1114,Ishaan Joshi,Consumer,North,Office Supplies,Binders,4,0.1,172.78,31.1
1316,ORD-2316,2024-10-28,2024-10-31,Second Class,CUST-1115,Aditya Reddy,Home Office,West,Office Supplies,Paper,1,0.1,54.91,9.88
1317,ORD-2317,2023-02-13,2023-02-15,First Class,CUST-1116,Aditya Iyer,Consumer,North,Furniture,Chairs,3,0.0,1229.19,147.5
1318,ORD-2318,2023-11-03,2023-11-10,Standard Class,CUST-1117,Riya Reddy,Consumer,South,Technology,Phones,10,0.0,9654.52,1448.18
1319,ORD-2319,2024-12-02,2024-12-06,Standard Class,CUST-1118,Saanvi Gupta,Consumer,East,Technology,Phones,1,0.0,1268.97,190.35
1320,ORD-2320,2024-10-12,2024-10-14,First Class,CUST-1119,Ishaan Patel,Corporate,North,Technology,Accessories,4,0.0,3855.24,578.29
1321,ORD-2321,2023-01-07,2023-01-10,Second Class,CUST-1120,Diya Singh,Consumer,North,Technology,Accessories,7,0.0,9878.7,1481.81
1322,ORD-2322,2023-09-12,2023-09-14,First Class,CUST-1121,Vivaan Singh,Consumer,East,Office Supplies,Art,10,0.2,869.69,121.76
1323,ORD-2323,2023-11-22,2023-11-28,Standard Class,CUST-1122,Aadhya Patel,Consumer,West,Office Supplies,Binders,9,0.15,734.79,117.57
1324,ORD-2324,2024-12-19,2024-12-20,First Class,CUST-1123,Riya Iyer,Consumer,West,Office Supplies,Paper,8,0.0,379.88,83.57
1325,ORD-2325,2023-08-25,2023-08-30,Standard Class,CUST-1124,Diya Mehta,Consumer,South,Technology,Copiers,5,0.2,6445.99,451.22
1326,ORD-2326,2023-09-20,2023-09-25,Standard Class,CUST-1125,Saanvi Nair,Corporate,East,Furniture,Furnishings,7,0.1,947.82,75.83
1327,ORD-2327,2024-01-22,2024-01-26,Second Class,CUST-1126,Navya Singh,Corporate,East,Technology,Accessories,4,0.3,2702.03,81.06
1328,ORD-2328,2024-04-06,2024-04-11,Standard Class,CUST-1127,Anika Gupta,Consumer,South,Technology,Phones,1,0.1,402.19,44.24
1329,ORD-2329,2023-07-24,2023-07-31,Standard Class,CUST-1128,Aarav Sharma,Consumer,West,Technology,Phones,1,0.3,111.04,3.33
1330,ORD-2330,2023-11-09,2023-11-16,Standard Class,CUST-1129,Reyansh Patel,Corporate,East,Technology,Machines,2,0.0,1767.24,265.09
1331,ORD-2331,2024-08-28,2024-08-30,Second Class,CUST-1130,Arjun Patel,Consumer,South,Office Supplies,Art,1,0.0,116.51,25.63
1332,ORD-2332,2023-08-26,2023-08-28,First Class,CUST-1131,Ira Patel,Corporate,West,Technology,Copiers,9,0.1,12023.76,1322.61
1333,ORD-2333,2024-02-16,2024-02-18,First Class,CUST-1132,Kiara Mehta,Consumer,West,Furniture,Bookcases,7,0.0,2907.89,348.95
1334,ORD-2334,2023-01-07,2023-01-11,Standard Class,CUST-1133,Krishna Verma,Consumer,West,Office Supplies,Storage,11,0.0,890.5,195.91
1335,ORD-2335,2024-05-16,2024-05-20,Standard Class,CUST-1134,Riya Malhotra,Consumer,East,Furniture,Bookcases,11,0.2,2347.78,93.91
1336,ORD-2336,2024-06-12,2024-06-14,First Class,CUST-1135,Rohan Patel,Corporate,North,Furniture,Bookcases,8,0.1,2444.56,195.56
1337,ORD-2337,2023-11-19,2023-11-25,Standard Class,CUST-1136,Ira Verma,Consumer,West,Technology,Copiers,8,0.2,7878.62,551.5
1338,ORD-2338,2024-12-12,2024-12-18,Standard Class,CUST-1137,Reyansh Patel,Consumer,East,Technology,Machines,1,0.1,1166.37,128.3
1339,ORD-2339,2023-04-08,2023-04-12,Standard Class,CUST-1138,Ira Joshi,Consumer,West,Office Supplies,Labels,2,0.1,20.16,3.63
1340,ORD-2340,2024-08-24,2024-08-29,Standard Class,CUST-1139,Navya Patel,Consumer,West,Furniture,Bookcases,1,0.15,855.16,51.31
1341,ORD-2341,2024-07-06,2024-07-10,Second Class,CUST-1140,Vivaan Singh,Corporate,North,Office Supplies,Paper,9,0.15,854.24,136.68
1342,ORD-2342,2024-11-06,2024-11-09,Second Class,CUST-1141,Aditya Desai,Consumer,East,Furniture,Bookcases,7,0.2,2050.57,82.02
1343,ORD-2343,2023-05-16,2023-05-17,First Class,CUST-1142,Anika Desai,Consumer,West,Office Supplies,Art,9,0.1,808.75,145.58
1344,ORD-2344,2023-05-01,2023-05-07,Standard Class,CUST-1143,Reyansh Joshi,Home Office,East,Office Supplies,Storage,3,0.1,141.24,25.42
1345,ORD-2345,2023-12-18,2023-12-22,Second Class,CUST-1144,Vivaan Patel,Consumer,South,Furniture,Chairs,8,0.0,5879.61,705.55
1346,ORD-2346,2024-11-25,2024-11-27,Second Class,CUST-1145,Vivaan Rao,Consumer,South,Office Supplies,Storage,9,0.1,725.24,130.54
1347,ORD-2347,2023-03-07,2023-03-12,Standard Class,CUST-1146,Aadhya Desai,Corporate,West,Technology,Machines,8,0.0,1934.34,290.15
1348,ORD-2348,2023-01-03,2023-01-10,Standard Class,CUST-1147,Aarav Gupta,Consumer,West,Furniture,Furnishings,6,0.0,2871.92,344.63
1349,ORD-2349,2023-02-19,2023-02-26,Standard Class,CUST-1148,Aarav Reddy,Consumer,West,Office Supplies,Binders,1,0.1,64.07,11.53
1350,ORD-2350,2024-09-30,2024-09-30,Same Day,CUST-1149,Vivaan Malhotra,Corporate,North,Technology,Phones,12,0.0,6948.15,1042.22
1351,ORD-2351,2024-12-06,2024-12-13,Standard Class,CUST-1150,Vihaan Mehta,Corporate,West,Technology,Copiers,11,0.1,1178.04,129.58
1352,ORD-2352,2024-04-19,2024-04-25,Standard Class,CUST-1151,Ishaan Joshi,Corporate,West,Office Supplies,Storage,10,0.1,97.41,17.53
1353,ORD-2353,2023-12-04,2023-12-10,Standard Class,CUST-1152,Saanvi Reddy,Consumer,North,Office Supplies,Labels,11,0.2,303.03,42.42
1354,ORD-2354,2024-01-15,2024-01-19,Standard Class,CUST-1153,Krishna Malhotra,Corporate,South,Office Supplies,Storage,7,0.1,361.91,65.14
1355,ORD-2355,2023-10-31,2023-11-04,Standard Class,CUST-1154,Aditya Reddy,Consumer,East,Technology,Copiers,9,0.15,12330.34,1109.73
1356,ORD-2356,2024-11-26,2024-12-01,Standard Class,CUST-1155,Anika Iyer,Consumer,West,Office Supplies,Binders,10,0.0,198.29,43.62
1357,ORD-2357,2023-11-11,2023-11-18,Standard Class,CUST-1156,Vihaan Joshi,Corporate,North,Technology,Machines,6,0.0,4367.58,655.14
1358,ORD-2358,2024-10-20,2024-10-22,First Class,CUST-1157,Saanvi Mehta,Home Office,East,Office Supplies,Art,4,0.0,198.64,43.7
1359,ORD-2359,2024-07-26,2024-07-31,Standard Class,CUST-1158,Krishna Chopra,Consumer,East,Furniture,Furnishings,12,0.1,5496.18,439.69
1360,ORD-2360,2024-07-31,2024-08-07,Standard Class,CUST-1159,Arjun Chopra,Consumer,North,Office Supplies,Art,12,0.0,721.1,158.64
1361,ORD-2361,2023-02-10,2023-02-11,First Class,CUST-1160,Kiara Nair,Corporate,East,Furniture,Tables,10,0.0,7847.62,941.71
1362,ORD-2362,2023-12-13,2023-12-19,Standard Class,CUST-1161,Aarav Verma,Consumer,North,Furniture,Tables,7,0.1,3977.68,318.21
1363,ORD-2363,2023-11-01,2023-11-08,Standard Class,CUST-1162,Myra Reddy,Home Office,North,Office Supplies,Paper,6,0.0,256.5,56.43
1364,ORD-2364,2023-11-28,2023-12-03,Standard Class,CUST-1163,Aarav Sharma,Corporate,East,Office Supplies,Paper,12,0.0,1148.27,252.62
1365,ORD-2365,2024-10-02,2024-10-08,Standard Class,CUST-1164,Aditya Nair,Consumer,North,Furniture,Furnishings,12,0.0,5941.32,712.96
1366,ORD-2366,2024-03-29,2024-04-02,Standard Class,CUST-1165,Ananya Gupta,Corporate,East,Furniture,Furnishings,10,0.0,4928.07,591.37
1367,ORD-2367,2024-12-26,2024-12-29,Second Class,CUST-1166,Aadhya Iyer,Consumer,North,Technology,Machines,6,0.0,3956.16,593.42
1368,ORD-2368,2024-11-09,2024-11-11,Second Class,CUST-1167,Aadhya Chopra,Home Office,East,Technology,Copiers,2,0.1,983.27,108.16
1369,ORD-2369,2024-12-26,2024-12-30,Second Class,CUST-1168,Aadhya Sharma,Corporate,West,Technology,Machines,10,0.0,12301.08,1845.16
1370,ORD-2370,2024-03-22,2024-03-26,Standard Class,CUST-1169,Vihaan Gupta,Home Office,North,Technology,Machines,12,0.2,14965.79,1047.61
1371,ORD-2371,2023-12-04,2023-12-08,Second Class,CUST-1170,Sai Joshi,Consumer,East,Office Supplies,Storage,8,0.0,683.09,150.28
1372,ORD-2372,2024-05-24,2024-05-26,Second Class,CUST-1171,Anika Chopra,Consumer,West,Technology,Accessories,8,0.0,6213.77,932.07
1373,ORD-2373,2024-10-26,2024-11-01,Standard Class,CUST-1172,Saanvi Chopra,Consumer,South,Office Supplies,Storage,2,0.1,54.3,9.77
1374,ORD-2374,2024-04-23,2024-04-27,Second Class,CUST-1173,Ananya Kumar,Consumer,East,Office Supplies,Storage,7,0.15,512.78,82.04
1375,ORD-2375,2024-03-31,2024-04-07,Standard Class,CUST-1174,Aditya Nair,Corporate,South,Furniture,Chairs,7,0.2,1240.82,49.63
1376,ORD-2376,2023-10-12,2023-10-14,Second Class,CUST-1175,Diya Desai,Consumer,East,Office Supplies,Art,8,0.1,923.35,166.2
1377,ORD-2377,2023-02-23,2023-02-25,First Class,CUST-1176,Rohan Joshi,Corporate,South,Office Supplies,Art,1,0.0,52.69,11.59
1378,ORD-2378,2023-11-06,2023-11-11,Standard Class,CUST-1177,Reyansh Singh,Home Office,West,Office Supplies,Art,9,0.1,580.17,104.43
1379,ORD-2379,2024-04-08,2024-04-12,Standard Class,CUST-1178,Reyansh Kumar,Corporate,North,Furniture,Bookcases,11,0.0,4589.13,550.7
1380,ORD-2380,2023-10-12,2023-10-19,Standard Class,CUST-1179,Aditya Rao,Corporate,North,Office Supplies,Binders,10,0.2,571.06,79.95
1381,ORD-2381,2023-12-11,2023-12-18,Standard Class,CUST-1180,Aarav Patel,Consumer,East,Furniture,Bookcases,6,0.15,4754.67,285.28
1382,ORD-2382,2024-08-09,2024-08-11,First Class,CUST-1181,Riya Rao,Corporate,East,Technology,Machines,11,0.0,11042.88,1656.43
1383,ORD-2383,2023-10-04,2023-10-09,Standard Class,CUST-1182,Anika Mehta,Home Office,West,Technology,Accessories,3,0.0,3810.66,571.6
1384,ORD-2384,2023-02-11,2023-02-18,Standard Class,CUST-1183,Kiara Reddy,Consumer,East,Office Supplies,Art,10,0.0,1140.91,251.0
1385,ORD-2385,2024-12-04,2024-12-09,Standard Class,CUST-1184,Anika Rao,Home Office,North,Furniture,Tables,7,0.1,4420.23,353.62
1386,ORD-2386,2024-03-15,2024-03-17,Second Class,CUST-1185,Sai Iyer,Corporate,East,Technology,Copiers,7,0.0,5590.99,838.65
1387,ORD-2387,2024-01-29,2024-01-29,Same Day,CUST-1186,Anika Desai,Consumer,West,Furniture,Chairs,2,0.0,928.73,111.45
1388,ORD-2388,2024-07-30,2024-07-31,First Class,CUST-1187,Krishna Gupta,Home Office,East,Office Supplies,Binders,8,0.1,235.18,42.33
1389,ORD-2389,2023-08-22,2023-08-29,Standard Class,CUST-1188,Navya Joshi,Consumer,West,Furniture,Furnishings,11,0.2,4625.88,185.04
1390,ORD-2390,2024-12-21,2024-12-28,Standard Class,CUST-1189,Anika Verma,Consumer,East,Office Supplies,Art,9,0.15,720.53,115.28
1391,ORD-2391,2023-12-28,2024-01-03,Standard Class,CUST-1190,Ira Malhotra,Corporate,South,Office Supplies,Labels,12,0.0,291.35,64.1
1392,ORD-2392,2024-02-25,2024-02-29,Standard Class,CUST-1191,Arjun Singh,Corporate,North,Furniture,Chairs,10,0.1,3950.82,316.07
1393,ORD-2393,2023-04-01,2023-04-04,Second Class,CUST-1192,Vihaan Kumar,Home Office,West,Furniture,Furnishings,3,0.0,2246.08,269.53
1394,ORD-2394,2023-05-02,2023-05-09,Standard Class,CUST-1193,Navya Mehta,Corporate,East,Furniture,Tables,4,0.3,959.51,-0.0
1395,ORD-2395,2023-02-17,2023-02-19,Second Class,CUST-1194,Anika Malhotra,Consumer,South,Office Supplies,Storage,12,0.0,1435.23,315.75
1396,ORD-2396,2024-03-28,2024-04-04,Standard Class,CUST-1195,Vivaan Joshi,Consumer,North,Furniture,Tables,6,0.1,2565.35,205.23
1397,ORD-2397,2024-06-12,2024-06-16,Standard Class,CUST-1196,Reyansh Verma,Consumer,West,Office Supplies,Storage,2,0.0,80.97,17.81
1398,ORD-2398,2024-10-25,2024-10-29,Second Class,CUST-1197,Saanvi Rao,Consumer,West,Furniture,Furnishings,9,0.0,5160.84,619.3
1399,ORD-2399,2024-07-04,2024-07-06,Second Class,CUST-1198,Diya Nair,Corporate,West,Furniture,Bookcases,9,0.2,2701.92,108.08
1400,ORD-2400,2023-01-23,2023-01-27,Second Class,CUST-1199,Anika Joshi,Consumer,North,Furniture,Bookcases,4,0.0,3169.02,380.28
1401,ORD-2401,2024-11-09,2024-11-15,Standard Class,CUST-1200,Vivaan Gupta,Corporate,North,Office Supplies,Labels,10,0.15,411.74,65.88
1402,ORD-2402,2023-08-21,2023-08-26,Standard Class,CUST-1201,Ishaan Kumar,Consumer,South,Office Supplies,Storage,4,0.1,375.06,67.51
1403,ORD-2403,2024-12-27,2024-12-30,Second Class,CUST-1202,Myra Patel,Corporate,North,Furniture,Bookcases,12,0.0,10129.81,1215.58
1404,ORD-2404,2023-03-20,2023-03-21,First Class,CUST-1203,Vihaan Singh,Corporate,North,Office Supplies,Binders,5,0.2,384.36,53.81
1405,ORD-2405,2024-12-11,2024-12-13,Second Class,CUST-1204,Arjun Kumar,Corporate,South,Furniture,Tables,7,0.0,2216.65,266.0
1406,ORD-2406,2024-10-11,2024-10-18,Standard Class,CUST-1205,Navya Desai,Corporate,West,Furniture,Furnishings,4,0.15,1607.48,96.45
1407,ORD-2407,2023-03-21,2023-03-22,First Class,CUST-1206,Vivaan Gupta,Consumer,West,Technology,Accessories,3,0.1,1074.55,118.2
1408,ORD-2408,2024-07-21,2024-07-22,First Class,CUST-1207,Ira Verma,Consumer,South,Office Supplies,Binders,6,0.0,240.06,52.81
1409,ORD-2409,2023-08-05,2023-08-07,First Class,CUST-1208,Aadhya Desai,Home Office,West,Furniture,Bookcases,5,0.0,974.46,116.94
1410,ORD-2410,2023-05-12,2023-05-15,Second Class,CUST-1209,Ira Joshi,Corporate,North,Office Supplies,Storage,6,0.1,536.38,96.55
1411,ORD-2411,2023-04-05,2023-04-11,Standard Class,CUST-1210,Ananya Reddy,Consumer,North,Furniture,Bookcases,2,0.15,1293.94,77.64
1412,ORD-2412,2024-07-16,2024-07-20,Standard Class,CUST-1211,Myra Malhotra,Consumer,North,Office Supplies,Labels,4,0.0,50.41,11.09
1413,ORD-2413,2023-10-27,2023-10-30,Second Class,CUST-1212,Kiara Kumar,Consumer,North,Office Supplies,Binders,9,0.0,897.74,197.5
1414,ORD-2414,2024-08-20,2024-08-27,Standard Class,CUST-1213,Vivaan Chopra,Consumer,North,Office Supplies,Art,9,0.15,539.21,86.27
1415,ORD-2415,2023-11-16,2023-11-20,Standard Class,CUST-1214,Navya Nair,Consumer,North,Furniture,Chairs,3,0.15,1712.33,102.74
1416,ORD-2416,2023-04-10,2023-04-17,Standard Class,CUST-1215,Kiara Rao,Consumer,East,Office Supplies,Storage,1,0.0,68.01,14.96
1417,ORD-2417,2023-03-15,2023-03-21,Standard Class,CUST-1216,Sai Singh,Consumer,North,Technology,Accessories,1,0.3,1199.11,35.97
1418,ORD-2418,2024-11-22,2024-11-24,Second Class,CUST-1217,Aarav Nair,Consumer,West,Furniture,Chairs,7,0.0,3317.49,398.1
1419,ORD-2419,2024-02-16,2024-02-18,First Class,CUST-1218,Ishaan Sharma,Consumer,North,Technology,Accessories,1,0.0,1467.11,220.07
1420,ORD-2420,2024-01-22,2024-01-27,Standard Class,CUST-1219,Reyansh Patel,Home Office,North,Technology,Phones,9,0.0,1768.43,265.26
1421,ORD-2421,2024-06-13,2024-06-20,Standard Class,CUST-1220,Ananya Rao,Consumer,West,Technology,Accessories,7,0.0,2548.27,382.24
1422,ORD-2422,2024-09-16,2024-09-23,Standard Class,CUST-1221,Vivaan Chopra,Consumer,West,Furniture,Furnishings,10,0.1,8338.31,667.06
1423,ORD-2423,2023-10-11,2023-10-12,First Class,CUST-1222,Diya Nair,Corporate,East,Office Supplies,Paper,2,0.3,46.26,4.63
1424,ORD-2424,2023-10-01,2023-10-02,First Class,CUST-1223,Anika Sharma,Corporate,West,Technology,Machines,10,0.1,1965.01,216.15
1425,ORD-2425,2024-12-15,2024-12-22,Standard Class,CUST-1224,Ananya Joshi,Home Office,South,Office Supplies,Storage,4,0.15,265.63,42.5
1426,ORD-2426,2023-09-13,2023-09-20,Standard Class,CUST-1225,Rohan Verma,Consumer,North,Technology,Copiers,6,0.1,4153.25,456.86
1427,ORD-2427,2023-11-28,2023-12-02,Second Class,CUST-1226,Krishna Joshi,Consumer,West,Office Supplies,Labels,10,0.1,923.94,166.31
1428,ORD-2428,2024-09-22,2024-09-29,Standard Class,CUST-1227,Krishna Joshi,Consumer,West,Office Supplies,Binders,9,0.15,432.07,69.13
1429,ORD-2429,2023-09-08,2023-09-12,Second Class,CUST-1228,Aarav Verma,Consumer,West,Office Supplies,Art,5,0.1,260.52,46.89
1430,ORD-2430,2024-08-10,2024-08-15,Standard Class,CUST-1229,Rohan Malhotra,Consumer,North,Furniture,Bookcases,8,0.0,3243.41,389.21
1431,ORD-2431,2023-12-19,2023-12-23,Second Class,CUST-1230,Riya Rao,Consumer,North,Technology,Phones,10,0.2,3403.61,238.25
1432,ORD-2432,2024-11-14,2024-11-19,Standard Class,CUST-1231,Aditya Mehta,Corporate,East,Technology,Copiers,7,0.2,4256.97,297.99
1433,ORD-2433,2023-08-14,2023-08-16,Second Class,CUST-1232,Riya Sharma,Consumer,North,Technology,Phones,2,0.0,1746.29,261.94
1434,ORD-2434,2023-08-20,2023-08-22,Second Class,CUST-1233,Reyansh Joshi,Home Office,West,Furniture,Furnishings,5,0.1,2509.65,200.77
1435,ORD-2435,2024-05-20,2024-05-26,Standard Class,CUST-1234,Rohan Mehta,Consumer,North,Technology,Phones,11,0.0,1874.46,281.17
1436,ORD-2436,2023-02-09,2023-02-14,Standard Class,CUST-1235,Navya Sharma,Home Office,East,Technology,Copiers,12,0.0,11078.66,1661.8
1437,ORD-2437,2023-09-22,2023-09-26,Standard Class,CUST-1236,Vivaan Singh,Consumer,West,Office Supplies,Labels,6,0.1,313.87,56.5
1438,ORD-2438,2024-01-27,2024-02-01,Standard Class,CUST-1237,Arjun Malhotra,Corporate,South,Office Supplies,Binders,12,0.2,940.89,131.72
1439,ORD-2439,2024-11-16,2024-11-21,Standard Class,CUST-1238,Navya Iyer,Consumer,North,Technology,Phones,11,0.15,7906.48,711.58
1440,ORD-2440,2024-06-06,2024-06-10,Standard Class,CUST-1239,Aditya Sharma,Corporate,South,Technology,Accessories,11,0.3,2114.49,63.43
1441,ORD-2441,2023-06-23,2023-06-30,Standard Class,CUST-1240,Ananya Singh,Consumer,North,Office Supplies,Binders,6,0.15,421.92,67.51
1442,ORD-2442,2024-07-15,2024-07-19,Second Class,CUST-1241,Rohan Desai,Consumer,South,Furniture,Bookcases,2,0.15,155.96,9.36
1443,ORD-2443,2024-08-20,2024-08-24,Standard Class,CUST-1242,Saanvi Mehta,Home Office,East,Office Supplies,Labels,5,0.3,536.57,53.66
1444,ORD-2444,2024-12-18,2024-12-23,Standard Class,CUST-1243,Anika Patel,Consumer,South,Office Supplies,Art,3,0.0,78.56,17.28
1445,ORD-2445,2024-01-06,2024-01-10,Second Class,CUST-1244,Aditya Patel,Consumer,North,Office Supplies,Binders,11,0.3,178.09,17.81
1446,ORD-2446,2023-07-04,2023-07-08,Standard Class,CUST-1245,Aadhya Nair,Home Office,West,Office Supplies,Binders,9,0.2,696.4,97.5
1447,ORD-2447,2024-07-03,2024-07-05,First Class,CUST-1246,Sai Gupta,Consumer,South,Furniture,Chairs,4,0.0,788.47,94.62
1448,ORD-2448,2024-04-27,2024-05-01,Standard Class,CUST-1247,Vivaan Chopra,Consumer,North,Furniture,Bookcases,9,0.0,2697.67,323.72
1449,ORD-2449,2023-09-10,2023-09-10,Same Day,CUST-1248,Kiara Desai,Consumer,North,Technology,Machines,3,0.3,2480.12,74.4
1450,ORD-2450,2024-11-11,2024-11-17,Standard Class,CUST-1249,Navya Sharma,Corporate,South,Technology,Copiers,2,0.2,1789.73,125.28
1451,ORD-2451,2023-03-21,2023-03-25,Standard Class,CUST-1250,Myra Kumar,Home Office,West,Furniture,Chairs,7,0.0,5151.24,618.15
1452,ORD-2452,2024-10-18,2024-10-22,Second Class,CUST-1251,Myra Desai,Consumer,East,Office Supplies,Binders,9,0.0,1046.95,230.33
1453,ORD-2453,2023-04-10,2023-04-12,First Class,CUST-1252,Krishna Rao,Consumer,East,Technology,Copiers,12,0.0,6149.5,922.42
1454,ORD-2454,2024-01-17,2024-01-19,First Class,CUST-1253,Aarav Rao,Consumer,South,Technology,Machines,7,0.15,6514.98,586.35
1455,ORD-2455,2023-01-16,2023-01-20,Standard Class,CUST-1254,Ishaan Reddy,Consumer,East,Office Supplies,Art,8,0.0,116.35,25.6
1456,ORD-2456,2024-11-10,2024-11-17,Standard Class,CUST-1255,Aarav Kumar,Consumer,South,Technology,Phones,5,0.0,4715.75,707.36
1457,ORD-2457,2023-11-05,2023-11-06,First Class,CUST-1256,Aarav Kumar,Consumer,West,Technology,Accessories,5,0.0,1271.08,190.66
1458,ORD-2458,2023-02-02,2023-02-06,Standard Class,CUST-1257,Saanvi Mehta,Corporate,South,Furniture,Chairs,2,0.2,655.47,26.22
1459,ORD-2459,2024-05-25,2024-05-30,Standard Class,CUST-1258,Reyansh Singh,Consumer,South,Furniture,Tables,11,0.0,2182.48,261.9
1460,ORD-2460,2023-11-26,2023-12-03,Standard Class,CUST-1259,Arjun Mehta,Consumer,West,Furniture,Furnishings,7,0.1,2727.5,218.2
1461,ORD-2461,2024-05-12,2024-05-19,Standard Class,CUST-1260,Kiara Kumar,Consumer,North,Furniture,Tables,3,0.0,2466.72,296.01
1462,ORD-2462,2023-01-06,2023-01-10,Standard Class,CUST-1261,Krishna Mehta,Home Office,West,Technology,Phones,3,0.2,3331.38,233.2
1463,ORD-2463,2023-02-16,2023-02-20,Standard Class,CUST-1262,Ira Singh,Corporate,East,Furniture,Tables,8,0.0,4603.52,552.42
1464,ORD-2464,2024-03-16,2024-03-20,Second Class,CUST-1263,Myra Verma,Corporate,North,Technology,Copiers,9,0.0,8276.11,1241.42
1465,ORD-2465,2023-08-21,2023-08-27,Standard Class,CUST-1264,Saanvi Joshi,Consumer,West,Office Supplies,Paper,11,0.0,1213.8,267.04
1466,ORD-2466,2024-03-27,2024-03-29,First Class,CUST-1265,Diya Singh,Corporate,West,Office Supplies,Binders,11,0.15,1154.82,184.77
1467,ORD-2467,2024-12-29,2025-01-01,Second Class,CUST-1266,Aditya Gupta,Corporate,North,Furniture,Furnishings,1,0.15,690.16,41.41
1468,ORD-2468,2024-10-01,2024-10-03,Second Class,CUST-1267,Kiara Sharma,Consumer,North,Furniture,Chairs,7,0.0,4171.61,500.59
1469,ORD-2469,2024-12-01,2024-12-05,Standard Class,CUST-1268,Anika Chopra,Home Office,East,Office Supplies,Binders,5,0.1,229.3,41.27
1470,ORD-2470,2024-09-12,2024-09-16,Standard Class,CUST-1269,Krishna Mehta,Consumer,North,Furniture,Tables,9,0.15,4666.84,280.01
1471,ORD-2471,2023-09-23,2023-09-30,Standard Class,CUST-1270,Myra Malhotra,Consumer,East,Office Supplies,Art,9,0.0,151.9,33.42
1472,ORD-2472,2024-08-06,2024-08-12,Standard Class,CUST-1271,Ishaan Joshi,Consumer,West,Technology,Accessories,1,0.0,287.32,43.1
1473,ORD-2473,2024-01-13,2024-01-20,Standard Class,CUST-1272,Krishna Iyer,Consumer,North,Furniture,Bookcases,6,0.1,3675.71,294.06
1474,ORD-2474,2024-06-07,2024-06-09,First Class,CUST-1273,Aarav Patel,Corporate,South,Furniture,Bookcases,7,0.1,4025.72,322.06
1475,ORD-2475,2023-04-23,2023-04-25,First Class,CUST-1274,Myra Gupta,Corporate,East,Technology,Accessories,10,0.1,10360.79,1139.69
1476,ORD-2476,2023-05-22,2023-05-26,Standard Class,CUST-1275,Reyansh Patel,Home Office,East,Office Supplies,Storage,8,0.2,888.53,124.39
1477,ORD-2477,2023-05-21,2023-05-26,Standard Class,CUST-1276,Ira Kumar,Consumer,West,Office Supplies,Binders,3,0.3,155.8,15.58
1478,ORD-2478,2024-03-31,2024-04-07,Standard Class,CUST-1277,Aditya Chopra,Corporate,West,Office Supplies,Labels,7,0.0,651.58,143.35
1479,ORD-2479,2024-11-18,2024-11-24,Standard Class,CUST-1278,Arjun Desai,Consumer,West,Technology,Copiers,3,0.2,341.4,23.9
1480,ORD-2480,2023-05-10,2023-05-13,Second Class,CUST-1279,Aadhya Rao,Consumer,North,Technology,Accessories,8,0.1,11043.61,1214.8
1481,ORD-2481,2024-12-15,2024-12-19,Standard Class,CUST-1280,Aadhya Desai,Corporate,North,Office Supplies,Storage,10,0.0,696.63,153.26
1482,ORD-2482,2023-05-30,2023-05-31,First Class,CUST-1281,Aarav Verma,Consumer,South,Technology,Accessories,2,0.0,418.2,62.73
1483,ORD-2483,2024-06-05,2024-06-09,Standard Class,CUST-1282,Rohan Sharma,Consumer,West,Technology,Machines,5,0.1,2949.75,324.47
1484,ORD-2484,2023-12-05,2023-12-11,Standard Class,CUST-1283,Diya Kumar,Consumer,East,Furniture,Tables,1,0.3,219.86,0.0
1485,ORD-2485,2024-04-03,2024-04-03,Same Day,CUST-1284,Ira Sharma,Consumer,West,Office Supplies,Storage,3,0.0,287.66,63.29
1486,ORD-2486,2024-03-22,2024-03-27,Standard Class,CUST-1285,Aadhya Verma,Home Office,South,Technology,Copiers,2,0.0,2511.65,376.75
1487,ORD-2487,2023-06-13,2023-06-20,Standard Class,CUST-1286,Navya Singh,Home Office,South,Furniture,Bookcases,6,0.1,1370.41,109.63
1488,ORD-2488,2024-12-23,2024-12-30,Standard Class,CUST-1287,Riya Malhotra,Home Office,South,Office Supplies,Paper,9,0.0,209.8,46.16
1489,ORD-2489,2023-12-10,2023-12-16,Standard Class,CUST-1288,Myra Mehta,Home Office,North,Office Supplies,Storage,4,0.0,422.49,92.95
1490,ORD-2490,2024-04-18,2024-04-24,Standard Class,CUST-1289,Ananya Verma,Corporate,West,Office Supplies,Labels,11,0.0,989.4,217.67
1491,ORD-2491,2023-01-08,2023-01-10,Second Class,CUST-1290,Krishna Kumar,Corporate,East,Office Supplies,Binders,12,0.1,1330.05,239.41
1492,ORD-2492,2023-05-24,2023-05-30,Standard Class,CUST-1291,Ira Sharma,Home Office,East,Office Supplies,Labels,1,0.2,13.67,1.91
1493,ORD-2493,2023-10-30,2023-11-03,Second Class,CUST-1292,Kiara Iyer,Consumer,South,Technology,Phones,2,0.2,2230.38,156.13
1494,ORD-2494,2023-04-21,2023-04-27,Standard Class,CUST-1293,Rohan Sharma,Consumer,East,Office Supplies,Art,10,0.0,833.45,183.36
1495,ORD-2495,2023-01-18,2023-01-18,Same Day,CUST-1294,Saanvi Joshi,Home Office,South,Furniture,Bookcases,12,0.3,4137.74,-0.0
1496,ORD-2496,2024-08-16,2024-08-20,Standard Class,CUST-1295,Rohan Iyer,Consumer,North,Technology,Phones,11,0.1,2297.52,252.73
1497,ORD-2497,2023-04-09,2023-04-16,Standard Class,CUST-1296,Vivaan Gupta,Consumer,South,Technology,Accessories,7,0.0,2470.69,370.6
1498,ORD-2498,2023-07-28,2023-07-30,First Class,CUST-1297,Ira Gupta,Consumer,South,Office Supplies,Paper,2,0.2,96.51,13.51
1499,ORD-2499,2024-10-10,2024-10-15,Standard Class,CUST-1298,Myra Chopra,Consumer,South,Technology,Accessories,3,0.15,1659.0,149.31
1500,ORD-2500,2024-07-05,2024-07-10,Standard Class,CUST-1299,Arjun Patel,Home Office,West,Office Supplies,Paper,1,0.15,8.55,1.37
1501,ORD-2501,2024-11-11,2024-11-16,Standard Class,CUST-1300,Navya Malhotra,Consumer,South,Technology,Phones,6,0.0,4610.91,691.64
1502,ORD-2502,2024-10-22,2024-10-23,First Class,CUST-1301,Saanvi Mehta,Home Office,North,Furniture,Furnishings,12,0.0,8464.25,1015.71
1503,ORD-2503,2024-08-26,2024-08-31,Standard Class,CUST-1302,Aarav Malhotra,Corporate,West,Office Supplies,Binders,5,0.1,320.8,57.74
1504,ORD-2504,2023-03-08,2023-03-15,Standard Class,CUST-1303,Krishna Sharma,Corporate,West,Office Supplies,Paper,5,0.0,389.18,85.62
1505,ORD-2505,2023-01-26,2023-02-02,Standard Class,CUST-1304,Aditya Reddy,Corporate,West,Furniture,Tables,10,0.0,3285.42,394.25
1506,ORD-2506,2023-08-14,2023-08-18,Second Class,CUST-1305,Reyansh Joshi,Home Office,West,Technology,Phones,12,0.3,7396.59,221.9
1507,ORD-2507,2023-05-23,2023-05-30,Standard Class,CUST-1306,Krishna Iyer,Consumer,East,Furniture,Bookcases,7,0.15,4555.33,273.32
1508,ORD-2508,2023-04-11,2023-04-15,Standard Class,CUST-1307,Reyansh Nair,Corporate,South,Technology,Accessories,4,0.0,4055.85,608.38
1509,ORD-2509,2024-10-17,2024-10-24,Standard Class,CUST-1308,Kiara Kumar,Consumer,West,Furniture,Tables,12,0.0,6026.41,723.17
1510,ORD-2510,2023-11-29,2023-12-05,Standard Class,CUST-1309,Rohan Mehta,Home Office,East,Office Supplies,Labels,10,0.0,415.69,91.45
1511,ORD-2511,2024-05-06,2024-05-10,Standard Class,CUST-1310,Reyansh Desai,Consumer,South,Technology,Copiers,9,0.0,771.51,115.73
1512,ORD-2512,2024-02-01,2024-02-05,Standard Class,CUST-1311,Diya Rao,Home Office,East,Furniture,Chairs,7,0.0,2574.27,308.91
1513,ORD-2513,2023-02-10,2023-02-17,Standard Class,CUST-1312,Ishaan Mehta,Corporate,East,Technology,Phones,12,0.2,7878.5,551.49
1514,ORD-2514,2024-10-19,2024-10-20,First Class,CUST-1313,Ananya Joshi,Consumer,North,Furniture,Chairs,1,0.0,132.32,15.88
1515,ORD-2515,2024-09-07,2024-09-14,Standard Class,CUST-1314,Vihaan Joshi,Consumer,West,Furniture,Tables,9,0.15,798.09,47.89
1516,ORD-2516,2024-03-09,2024-03-11,First Class,CUST-1315,Rohan Sharma,Consumer,East,Office Supplies,Storage,12,0.0,742.85,163.43
1517,ORD-2517,2024-11-10,2024-11-13,Second Class,CUST-1316,Navya Desai,Consumer,South,Office Supplies,Art,8,0.3,339.37,33.94
1518,ORD-2518,2023-03-09,2023-03-11,First Class,CUST-1317,Reyansh Joshi,Consumer,East,Technology,Copiers,12,0.1,13857.37,1524.31
1519,ORD-2519,2024-11-01,2024-11-08,Standard Class,CUST-1318,Saanvi Rao,Home Office,South,Furniture,Furnishings,5,0.15,2408.6,144.52
1520,ORD-2520,2024-06-21,2024-06-25,Second Class,CUST-1319,Aadhya Malhotra,Consumer,West,Technology,Machines,10,0.0,9908.0,1486.2
1521,ORD-2521,2024-07-02,2024-07-06,Standard Class,CUST-1320,Vivaan Mehta,Consumer,North,Technology,Machines,3,0.2,816.44,57.15
1522,ORD-2522,2023-10-15,2023-10-19,Second Class,CUST-1321,Kiara Singh,Corporate,West,Office Supplies,Paper,12,0.0,255.79,56.27
1523,ORD-2523,2023-09-05,2023-09-09,Standard Class,CUST-1322,Diya Sharma,Corporate,North,Office Supplies,Storage,11,0.3,852.63,85.26
1524,ORD-2524,2024-07-29,2024-08-04,Standard Class,CUST-1323,Ishaan Malhotra,Consumer,North,Furniture,Chairs,11,0.15,6755.4,405.32
1525,ORD-2525,2023-04-13,2023-04-15,First Class,CUST-1324,Saanvi Reddy,Consumer,North,Office Supplies,Binders,3,0.0,296.9,65.32
1526,ORD-2526,2023-04-24,2023-04-28,Second Class,CUST-1325,Diya Reddy,Consumer,East,Office Supplies,Labels,5,0.0,71.14,15.65
1527,ORD-2527,2024-08-21,2024-08-25,Standard Class,CUST-1326,Krishna Chopra,Consumer,North,Office Supplies,Storage,8,0.1,863.2,155.38
1528,ORD-2528,2023-07-24,2023-07-26,Second Class,CUST-1327,Myra Reddy,Home Office,North,Furniture,Tables,7,0.15,4476.92,268.62
1529,ORD-2529,2024-03-10,2024-03-14,Standard Class,CUST-1328,Ira Desai,Consumer,North,Furniture,Furnishings,1,0.0,427.6,51.31
1530,ORD-2530,2023-03-17,2023-03-24,Standard Class,CUST-1329,Ira Rao,Consumer,South,Furniture,Bookcases,10,0.15,4991.59,299.5
1531,ORD-2531,2024-11-23,2024-11-27,Standard Class,CUST-1330,Anika Desai,Consumer,West,Technology,Accessories,9,0.2,6582.04,460.74
1532,ORD-2532,2024-10-27,2024-11-02,Standard Class,CUST-1331,Arjun Kumar,Consumer,North,Office Supplies,Paper,3,0.0,96.95,21.33
1533,ORD-2533,2024-01-23,2024-01-29,Standard Class,CUST-1332,Rohan Joshi,Consumer,East,Furniture,Bookcases,5,0.0,1195.74,143.49
1534,ORD-2534,2024-09-21,2024-09-23,First Class,CUST-1333,Riya Iyer,Corporate,West,Furniture,Chairs,8,0.0,1418.69,170.24
1535,ORD-2535,2024-09-11,2024-09-18,Standard Class,CUST-1334,Sai Kumar,Home Office,West,Technology,Phones,2,0.15,1797.04,161.73
1536,ORD-2536,2023-06-10,2023-06-17,Standard Class,CUST-1335,Kiara Nair,Corporate,East,Office Supplies,Binders,8,0.1,62.81,11.31
1537,ORD-2537,2024-03-28,2024-04-02,Standard Class,CUST-1336,Reyansh Sharma,Home Office,South,Office Supplies,Labels,5,0.0,54.39,11.97
1538,ORD-2538,2024-06-17,2024-06-21,Standard Class,CUST-1337,Diya Desai,Corporate,South,Office Supplies,Paper,1,0.15,39.5,6.32
1539,ORD-2539,2023-10-06,2023-10-08,Second Class,CUST-1338,Diya Patel,Consumer,West,Technology,Machines,11,0.15,2752.14,247.69
1540,ORD-2540,2024-11-11,2024-11-16,Standard Class,CUST-1339,Saanvi Sharma,Consumer,North,Furniture,Bookcases,2,0.0,1054.61,126.55
1541,ORD-2541,2023-06-27,2023-07-01,Second Class,CUST-1340,Anika Verma,Home Office,East,Furniture,Chairs,12,0.0,8632.59,1035.91
1542,ORD-2542,2024-09-06,2024-09-10,Standard Class,CUST-1341,Sai Sharma,Corporate,West,Office Supplies,Storage,1,0.15,18.99,3.04
1543,ORD-2543,2024-04-12,2024-04-16,Second Class,CUST-1342,Ira Reddy,Corporate,North,Office Supplies,Binders,2,0.0,115.52,25.41
1544,ORD-2544,2024-09-29,2024-10-06,Standard Class,CUST-1343,Ira Nair,Consumer,East,Office Supplies,Storage,6,0.1,579.73,104.35
1545,ORD-2545,2024-03-25,2024-03-26,First Class,CUST-1344,Krishna Mehta,Corporate,East,Furniture,Furnishings,6,0.2,2304.78,92.19
1546,ORD-2546,2023-01-26,2023-01-28,First Class,CUST-1345,Myra Chopra,Corporate,South,Office Supplies,Paper,5,0.0,51.76,11.39
1547,ORD-2547,2023-03-12,2023-03-16,Standard Class,CUST-1346,Reyansh Sharma,Consumer,West,Technology,Accessories,5,0.0,6090.14,913.52
1548,ORD-2548,2023-04-15,2023-04-19,Second Class,CUST-1347,Reyansh Desai,Home Office,South,Furniture,Furnishings,7,0.0,2063.49,247.62
1549,ORD-2549,2023-01-23,2023-01-27,Standard Class,CUST-1348,Krishna Iyer,Consumer,East,Technology,Accessories,11,0.0,6954.95,1043.24
1550,ORD-2550,2024-12-24,2024-12-29,Standard Class,CUST-1349,Ananya Mehta,Consumer,East,Office Supplies,Paper,4,0.0,40.09,8.82
1551,ORD-2551,2023-03-25,2023-03-29,Standard Class,CUST-1350,Aarav Verma,Consumer,North,Office Supplies,Storage,9,0.3,696.97,69.7
1552,ORD-2552,2024-11-24,2024-11-29,Standard Class,CUST-1351,Rohan Mehta,Home Office,East,Technology,Machines,10,0.3,4620.98,138.63
1553,ORD-2553,2023-05-08,2023-05-15,Standard Class,CUST-1352,Vihaan Kumar,Home Office,East,Office Supplies,Storage,10,0.3,152.25,15.22
1554,ORD-2554,2024-12-02,2024-12-07,Standard Class,CUST-1353,Vihaan Gupta,Consumer,West,Office Supplies,Paper,10,0.0,1148.35,252.64
1555,ORD-2555,2023-04-16,2023-04-20,Standard Class,CUST-1354,Aditya Mehta,Home Office,South,Office Supplies,Art,4,0.1,327.16,58.89
1556,ORD-2556,2024-12-15,2024-12-20,Standard Class,CUST-1355,Myra Reddy,Consumer,West,Office Supplies,Binders,4,0.0,339.98,74.8
1557,ORD-2557,2023-09-05,2023-09-09,Second Class,CUST-1356,Vivaan Patel,Corporate,East,Office Supplies,Storage,12,0.0,137.67,30.29
1558,ORD-2558,2024-01-16,2024-01-17,First Class,CUST-1357,Krishna Joshi,Home Office,South,Furniture,Furnishings,10,0.0,8319.97,998.4
1559,ORD-2559,2023-12-17,2023-12-18,First Class,CUST-1358,Aditya Joshi,Consumer,West,Furniture,Tables,12,0.2,8700.21,348.01
1560,ORD-2560,2024-12-21,2024-12-27,Standard Class,CUST-1359,Krishna Mehta,Consumer,East,Office Supplies,Binders,10,0.15,331.33,53.01
1561,ORD-2561,2023-04-07,2023-04-11,Second Class,CUST-1360,Myra Mehta,Consumer,North,Furniture,Tables,7,0.1,3445.79,275.66
1562,ORD-2562,2024-08-16,2024-08-20,Second Class,CUST-1361,Ira Rao,Corporate,North,Office Supplies,Binders,3,0.2,163.57,22.9
1563,ORD-2563,2024-03-04,2024-03-10,Standard Class,CUST-1362,Aadhya Iyer,Home Office,North,Technology,Accessories,1,0.0,744.29,111.64
1564,ORD-2564,2023-11-09,2023-11-12,Second Class,CUST-1363,Krishna Malhotra,Consumer,North,Furniture,Bookcases,1,0.0,417.67,50.12
1565,ORD-2565,2023-04-13,2023-04-19,Standard Class,CUST-1364,Ishaan Gupta,Corporate,South,Office Supplies,Storage,11,0.0,93.98,20.68
1566,ORD-2566,2024-03-25,2024-03-31,Standard Class,CUST-1365,Aditya Reddy,Corporate,East,Technology,Phones,7,0.0,8497.47,1274.62
1567,ORD-2567,2023-07-17,2023-07-22,Standard Class,CUST-1366,Arjun Patel,Consumer,East,Furniture,Tables,6,0.1,5190.84,415.27
1568,ORD-2568,2024-11-14,2024-11-19,Standard Class,CUST-1367,Ishaan Gupta,Consumer,West,Furniture,Tables,12,0.3,6048.41,-0.0
1569,ORD-2569,2024-12-29,2025-01-02,Second Class,CUST-1368,Riya Reddy,Corporate,East,Technology,Copiers,4,0.0,3498.35,524.75
1570,ORD-2570,2023-11-09,2023-11-14,Standard Class,CUST-1369,Sai Kumar,Consumer,East,Technology,Machines,12,0.0,4107.35,616.1
1571,ORD-2571,2023-08-02,2023-08-05,Second Class,CUST-1370,Vivaan Kumar,Consumer,North,Technology,Copiers,7,0.0,3272.9,490.94
1572,ORD-2572,2024-07-21,2024-07-27,Standard Class,CUST-1371,Diya Gupta,Home Office,North,Office Supplies,Storage,9,0.3,922.47,92.25
1573,ORD-2573,2023-09-12,2023-09-17,Standard Class,CUST-1372,Ira Verma,Consumer,West,Office Supplies,Art,8,0.2,76.34,10.69
1574,ORD-2574,2023-12-15,2023-12-15,Same Day,CUST-1373,Ira Joshi,Home Office,East,Technology,Accessories,7,0.0,4751.43,712.71
1575,ORD-2575,2024-04-13,2024-04-19,Standard Class,CUST-1374,Ishaan Mehta,Corporate,West,Furniture,Furnishings,8,0.0,6597.69,791.72
1576,ORD-2576,2023-04-16,2023-04-23,Standard Class,CUST-1375,Ananya Verma,Corporate,South,Office Supplies,Art,9,0.0,482.16,106.08
1577,ORD-2577,2023-09-25,2023-09-25,Same Day,CUST-1376,Diya Mehta,Corporate,East,Furniture,Bookcases,11,0.2,9165.11,366.6
1578,ORD-2578,2024-10-23,2024-10-27,Standard Class,CUST-1377,Arjun Rao,Consumer,South,Technology,Accessories,12,0.1,3585.4,394.39
1579,ORD-2579,2023-12-06,2023-12-06,Same Day,CUST-1378,Krishna Kumar,Consumer,North,Technology,Accessories,6,0.0,4022.14,603.32
1580,ORD-2580,2024-10-06,2024-10-08,Second Class,CUST-1379,Aadhya Rao,Corporate,West,Office Supplies,Storage,9,0.1,717.47,129.14
1581,ORD-2581,2023-05-25,2023-05-28,Second Class,CUST-1380,Reyansh Sharma,Home Office,East,Office Supplies,Binders,5,0.2,295.76,41.41
1582,ORD-2582,2024-06-20,2024-06-26,Standard Class,CUST-1381,Reyansh Chopra,Consumer,South,Technology,Copiers,7,0.1,3108.63,341.95
1583,ORD-2583,2023-09-08,2023-09-12,Standard Class,CUST-1382,Aadhya Verma,Consumer,East,Office Supplies,Paper,8,0.2,679.96,95.19
1584,ORD-2584,2023-10-14,2023-10-16,First Class,CUST-1383,Saanvi Singh,Corporate,South,Technology,Accessories,7,0.1,744.55,81.9
1585,ORD-2585,2024-01-19,2024-01-21,Second Class,CUST-1384,Arjun Mehta,Home Office,East,Office Supplies,Storage,6,0.0,337.83,74.32
1586,ORD-2586,2024-02-03,2024-02-07,Standard Class,CUST-1385,Myra Nair,Home Office,East,Office Supplies,Storage,8,0.0,323.48,71.17
1587,ORD-2587,2024-10-29,2024-11-03,Standard Class,CUST-1386,Ishaan Chopra,Corporate,North,Office Supplies,Binders,1,0.1,46.41,8.35
1588,ORD-2588,2023-09-27,2023-10-01,Standard Class,CUST-1387,Krishna Reddy,Corporate,East,Technology,Machines,3,0.0,716.08,107.41
1589,ORD-2589,2023-02-07,2023-02-10,Second Class,CUST-1388,Rohan Mehta,Consumer,North,Technology,Phones,11,0.15,1723.49,155.11
1590,ORD-2590,2023-03-30,2023-04-03,Standard Class,CUST-1389,Ishaan Nair,Corporate,East,Office Supplies,Paper,7,0.0,622.78,137.01
1591,ORD-2591,2024-06-07,2024-06-10,Second Class,CUST-1390,Saanvi Kumar,Consumer,North,Technology,Copiers,3,0.0,1771.96,265.79
1592,ORD-2592,2023-01-18,2023-01-21,Second Class,CUST-1391,Aarav Chopra,Corporate,East,Office Supplies,Paper,3,0.0,79.15,17.41
1593,ORD-2593,2024-09-30,2024-10-05,Standard Class,CUST-1392,Aditya Kumar,Consumer,North,Furniture,Bookcases,7,0.2,2555.67,102.23
1594,ORD-2594,2023-09-17,2023-09-18,First Class,CUST-1393,Arjun Sharma,Consumer,West,Office Supplies,Storage,4,0.3,128.06,12.81
1595,ORD-2595,2024-05-31,2024-06-02,Second Class,CUST-1394,Aadhya Nair,Corporate,North,Office Supplies,Binders,5,0.0,522.1,114.86
1596,ORD-2596,2023-03-20,2023-03-21,First Class,CUST-1395,Aadhya Malhotra,Consumer,North,Furniture,Bookcases,6,0.1,3016.5,241.32
1597,ORD-2597,2024-12-11,2024-12-18,Standard Class,CUST-1396,Riya Kumar,Corporate,East,Office Supplies,Labels,5,0.2,389.64,54.55
1598,ORD-2598,2023-04-24,2023-04-25,First Class,CUST-1397,Vihaan Mehta,Corporate,South,Office Supplies,Paper,4,0.1,359.5,64.71
1599,ORD-2599,2024-01-30,2024-02-03,Standard Class,CUST-1398,Ira Desai,Consumer,North,Office Supplies,Paper,6,0.15,519.28,83.08
1600,ORD-2600,2023-06-27,2023-06-27,Same Day,CUST-1399,Rohan Chopra,Consumer,South,Office Supplies,Paper,7,0.1,228.74,41.17
1601,ORD-2601,2023-03-06,2023-03-13,Standard Class,CUST-1000,Navya Verma,Consumer,North,Furniture,Bookcases,11,0.2,6865.89,274.64
1602,ORD-2602,2024-11-10,2024-11-12,First Class,CUST-1001,Ananya Desai,Consumer,South,Office Supplies,Art,5,0.1,335.68,60.42
1603,ORD-2603,2024-09-04,2024-09-05,First Class,CUST-1002,Vihaan Sharma,Home Office,North,Office Supplies,Binders,7,0.3,704.12,70.41
1604,ORD-2604,2023-01-18,2023-01-22,Standard Class,CUST-1003,Vihaan Nair,Consumer,West,Technology,Accessories,9,0.0,12521.97,1878.3
1605,ORD-2605,2023-12-31,2024-01-04,Standard Class,CUST-1004,Saanvi Gupta,Home Office,South,Office Supplies,Art,1,0.15,74.12,11.86
1606,ORD-2606,2023-01-12,2023-01-15,Second Class,CUST-1005,Navya Joshi,Consumer,North,Office Supplies,Storage,8,0.0,225.14,49.53
1607,ORD-2607,2024-09-22,2024-09-26,Standard Class,CUST-1006,Diya Verma,Home Office,North,Technology,Copiers,5,0.0,6132.66,919.9
1608,ORD-2608,2024-10-08,2024-10-15,Standard Class,CUST-1007,Sai Patel,Consumer,South,Technology,Phones,1,0.1,471.06,51.82
1609,ORD-2609,2023-01-24,2023-01-29,Standard Class,CUST-1008,Ishaan Singh,Consumer,North,Office Supplies,Labels,1,0.0,49.73,10.94
1610,ORD-2610,2024-06-27,2024-06-29,Second Class,CUST-1009,Ira Mehta,Consumer,South,Technology,Copiers,4,0.0,5762.09,864.31
1611,ORD-2611,2023-07-18,2023-07-22,Second Class,CUST-1010,Aditya Malhotra,Consumer,North,Office Supplies,Labels,10,0.0,296.47,65.22
1612,ORD-2612,2023-09-09,2023-09-11,Second Class,CUST-1011,Vihaan Patel,Consumer,West,Office Supplies,Storage,8,0.0,712.59,156.77
1613,ORD-2613,2024-08-25,2024-08-31,Standard Class,CUST-1012,Riya Reddy,Consumer,North,Technology,Copiers,12,0.0,7452.87,1117.93
1614,ORD-2614,2024-10-03,2024-10-07,Second Class,CUST-1013,Riya Desai,Consumer,West,Technology,Machines,3,0.15,2895.14,260.56
1615,ORD-2615,2023-04-24,2023-05-01,Standard Class,CUST-1014,Ananya Nair,Consumer,North,Office Supplies,Binders,9,0.1,727.85,131.01
1616,ORD-2616,2024-05-29,2024-05-29,Same Day,CUST-1015,Ishaan Mehta,Consumer,West,Office Supplies,Labels,6,0.0,357.71,78.7
1617,ORD-2617,2023-11-27,2023-12-01,Second Class,CUST-1016,Myra Patel,Home Office,East,Technology,Accessories,9,0.15,1513.83,136.24
1618,ORD-2618,2024-12-01,2024-12-03,First Class,CUST-1017,Vihaan Malhotra,Corporate,West,Office Supplies,Storage,10,0.0,538.06,118.37
1619,ORD-2619,2024-10-18,2024-10-22,Standard Class,CUST-1018,Aarav Desai,Corporate,West,Office Supplies,Art,1,0.2,27.03,3.78
1620,ORD-2620,2023-12-02,2023-12-09,Standard Class,CUST-1019,Navya Malhotra,Consumer,East,Furniture,Bookcases,12,0.1,2983.01,238.64
1621,ORD-2621,2023-09-18,2023-09-22,Second Class,CUST-1020,Reyansh Desai,Consumer,East,Technology,Phones,5,0.2,6057.27,424.01
1622,ORD-2622,2024-06-23,2024-06-30,Standard Class,CUST-1021,Aarav Reddy,Consumer,West,Office Supplies,Storage,4,0.2,404.72,56.66
1623,ORD-2623,2024-10-10,2024-10-16,Standard Class,CUST-1022,Rohan Mehta,Corporate,South,Furniture,Bookcases,10,0.1,1276.84,102.15
1624,ORD-2624,2024-10-03,2024-10-08,Standard Class,CUST-1023,Diya Reddy,Consumer,North,Office Supplies,Binders,12,0.0,1142.84,251.42
1625,ORD-2625,2024-04-09,2024-04-13,Standard Class,CUST-1024,Reyansh Mehta,Consumer,South,Furniture,Tables,6,0.15,2326.87,139.61
1626,ORD-2626,2023-03-26,2023-04-01,Standard Class,CUST-1025,Myra Reddy,Corporate,West,Office Supplies,Binders,6,0.0,425.08,93.52
1627,ORD-2627,2023-12-14,2023-12-17,Second Class,CUST-1026,Krishna Kumar,Corporate,North,Technology,Accessories,11,0.0,4890.21,733.53
1628,ORD-2628,2024-05-07,2024-05-09,Second Class,CUST-1027,Rohan Singh,Corporate,South,Technology,Machines,7,0.2,1300.74,91.05
1629,ORD-2629,2024-08-19,2024-08-20,First Class,CUST-1028,Krishna Patel,Consumer,East,Technology,Copiers,2,0.0,1445.06,216.76
1630,ORD-2630,2023-04-23,2023-04-25,Second Class,CUST-1029,Ira Patel,Home Office,South,Office Supplies,Art,4,0.15,378.73,60.6
1631,ORD-2631,2023-12-27,2024-01-02,Standard Class,CUST-1030,Ishaan Joshi,Consumer,South,Office Supplies,Art,12,0.0,486.45,107.02
1632,ORD-2632,2023-06-05,2023-06-09,Standard Class,CUST-1031,Riya Malhotra,Consumer,North,Office Supplies,Storage,6,0.0,442.49,97.35
1633,ORD-2633,2024-02-17,2024-02-23,Standard Class,CUST-1032,Reyansh Nair,Corporate,West,Technology,Machines,3,0.3,2730.11,81.9
1634,ORD-2634,2023-11-04,2023-11-09,Standard Class,CUST-1033,Vihaan Patel,Home Office,North,Office Supplies,Labels,12,0.2,924.8,129.47
1635,ORD-2635,2024-07-23,2024-07-30,Standard Class,CUST-1034,Rohan Reddy,Consumer,South,Office Supplies,Binders,12,0.0,111.17,24.46
1636,ORD-2636,2023-03-21,2023-03-28,Standard Class,CUST-1035,Vivaan Nair,Corporate,East,Furniture,Chairs,8,0.1,4265.5,341.24
1637,ORD-2637,2024-06-25,2024-06-29,Second Class,CUST-1036,Riya Malhotra,Consumer,East,Office Supplies,Paper,4,0.0,374.5,82.39
1638,ORD-2638,2023-12-28,2023-12-31,Second Class,CUST-1037,Diya Chopra,Consumer,West,Office Supplies,Paper,9,0.0,92.07,20.26
1639,ORD-2639,2023-08-07,2023-08-12,Standard Class,CUST-1038,Reyansh Sharma,Corporate,South,Furniture,Tables,10,0.1,4499.23,359.94
1640,ORD-2640,2024-11-19,2024-11-20,First Class,CUST-1039,Aditya Chopra,Consumer,South,Technology,Copiers,5,0.2,5029.99,352.1
1641,ORD-2641,2024-04-12,2024-04-19,Standard Class,CUST-1040,Arjun Nair,Home Office,North,Office Supplies,Art,1,0.3,106.51,10.65
1642,ORD-2642,2024-12-25,2024-12-31,Standard Class,CUST-1041,Aditya Malhotra,Consumer,North,Technology,Copiers,3,0.0,3615.92,542.39
1643,ORD-2643,2023-11-27,2023-11-30,Second Class,CUST-1042,Navya Mehta,Corporate,West,Furniture,Chairs,3,0.0,2313.54,277.62
1644,ORD-2644,2024-10-06,2024-10-08,Second Class,CUST-1043,Ananya Patel,Consumer,South,Office Supplies,Paper,5,0.15,83.94,13.43
1645,ORD-2645,2023-07-12,2023-07-14,First Class,CUST-1044,Navya Verma,Consumer,North,Office Supplies,Binders,12,0.0,673.49,148.17
1646,ORD-2646,2023-09-24,2023-09-29,Standard Class,CUST-1045,Reyansh Singh,Consumer,North,Furniture,Chairs,6,0.0,1793.46,215.22
1647,ORD-2647,2024-02-03,2024-02-07,Standard Class,CUST-1046,Myra Sharma,Home Office,North,Office Supplies,Art,12,0.1,1385.27,249.35
1648,ORD-2648,2024-04-21,2024-04-28,Standard Class,CUST-1047,Aditya Joshi,Consumer,West,Office Supplies,Art,7,0.0,110.52,24.31
1649,ORD-2649,2024-11-03,2024-11-04,First Class,CUST-1048,Sai Nair,Consumer,South,Technology,Accessories,5,0.0,2111.09,316.66
1650,ORD-2650,2024-02-15,2024-02-19,Standard Class,CUST-1049,Ishaan Malhotra,Corporate,East,Office Supplies,Paper,10,0.1,678.27,122.09
1651,ORD-2651,2023-05-14,2023-05-21,Standard Class,CUST-1050,Aditya Chopra,Corporate,East,Furniture,Furnishings,6,0.1,3131.72,250.54
1652,ORD-2652,2024-04-18,2024-04-23,Standard Class,CUST-1051,Saanvi Chopra,Consumer,North,Office Supplies,Paper,3,0.15,126.65,20.26
1653,ORD-2653,2024-03-09,2024-03-15,Standard Class,CUST-1052,Aarav Gupta,Consumer,West,Furniture,Furnishings,10,0.0,2701.62,324.19
1654,ORD-2654,2023-01-05,2023-01-09,Standard Class,CUST-1053,Ananya Desai,Home Office,South,Technology,Machines,5,0.0,5254.44,788.17
1655,ORD-2655,2023-11-08,2023-11-14,Standard Class,CUST-1054,Diya Kumar,Consumer,West,Furniture,Tables,11,0.3,5585.41,0.0
1656,ORD-2656,2023-04-13,2023-04-20,Standard Class,CUST-1055,Anika Iyer,Consumer,South,Technology,Phones,1,0.2,223.6,15.65
1657,ORD-2657,2023-09-17,2023-09-24,Standard Class,CUST-1056,Kiara Nair,Corporate,North,Office Supplies,Labels,9,0.2,777.87,108.9
1658,ORD-2658,2023-03-04,2023-03-09,Standard Class,CUST-1057,Krishna Rao,Corporate,North,Office Supplies,Labels,2,0.0,118.66,26.11
1659,ORD-2659,2024-04-07,2024-04-14,Standard Class,CUST-1058,Aarav Patel,Home Office,West,Office Supplies,Storage,9,0.0,597.0,131.34
1660,ORD-2660,2023-04-30,2023-05-06,Standard Class,CUST-1059,Vivaan Iyer,Home Office,West,Office Supplies,Storage,10,0.2,677.95,94.91
1661,ORD-2661,2023-05-01,2023-05-02,First Class,CUST-1060,Diya Patel,Consumer,North,Technology,Copiers,11,0.1,7671.04,843.81
1662,ORD-2662,2023-08-04,2023-08-08,Standard Class,CUST-1061,Ira Kumar,Corporate,South,Technology,Phones,5,0.15,6181.21,556.31
1663,ORD-2663,2024-10-27,2024-10-30,Second Class,CUST-1062,Myra Sharma,Home Office,South,Furniture,Tables,10,0.1,6880.93,550.47
1664,ORD-2664,2024-10-31,2024-11-04,Standard Class,CUST-1063,Riya Gupta,Consumer,East,Technology,Accessories,12,0.15,1732.19,155.9
1665,ORD-2665,2024-01-02,2024-01-07,Standard Class,CUST-1064,Navya Desai,Corporate,East,Office Supplies,Paper,11,0.0,418.59,92.09
1666,ORD-2666,2023-08-09,2023-08-13,Standard Class,CUST-1065,Aarav Rao,Consumer,West,Office Supplies,Art,7,0.15,782.45,125.19
1667,ORD-2667,2024-11-01,2024-11-08,Standard Class,CUST-1066,Rohan Verma,Consumer,South,Office Supplies,Art,3,0.0,98.64,21.7
1668,ORD-2668,2024-07-23,2024-07-28,Standard Class,CUST-1067,Riya Joshi,Consumer,East,Technology,Machines,9,0.3,4709.74,141.29
1669,ORD-2669,2023-11-28,2023-12-05,Standard Class,CUST-1068,Aarav Iyer,Home Office,South,Technology,Machines,9,0.1,7406.88,814.76
1670,ORD-2670,2023-02-13,2023-02-20,Standard Class,CUST-1069,Myra Sharma,Consumer,East,Furniture,Chairs,2,0.0,1179.15,141.5
1671,ORD-2671,2024-08-02,2024-08-05,Second Class,CUST-1070,Aditya Patel,Consumer,South,Technology,Copiers,3,0.0,3617.84,542.68
1672,ORD-2672,2023-11-14,2023-11-20,Standard Class,CUST-1071,Myra Sharma,Corporate,South,Furniture,Tables,1,0.1,335.45,26.84
1673,ORD-2673,2024-12-21,2024-12-25,Standard Class,CUST-1072,Ishaan Verma,Consumer,North,Technology,Copiers,7,0.2,1640.78,114.85
1674,ORD-2674,2024-02-20,2024-02-27,Standard Class,CUST-1073,Saanvi Joshi,Corporate,West,Office Supplies,Binders,11,0.0,374.87,82.47
1675,ORD-2675,2023-12-16,2023-12-20,Standard Class,CUST-1074,Diya Kumar,Consumer,East,Technology,Accessories,8,0.0,6842.53,1026.38
1676,ORD-2676,2023-12-10,2023-12-14,Standard Class,CUST-1075,Navya Reddy,Consumer,East,Furniture,Furnishings,9,0.0,5913.27,709.59
1677,ORD-2677,2024-08-02,2024-08-08,Standard Class,CUST-1076,Arjun Reddy,Corporate,East,Technology,Copiers,2,0.0,2560.32,384.05
1678,ORD-2678,2024-08-01,2024-08-07,Standard Class,CUST-1077,Anika Gupta,Corporate,North,Office Supplies,Paper,10,0.1,431.87,77.74
1679,ORD-2679,2023-03-21,2023-03-23,Second Class,CUST-1078,Aarav Desai,Consumer,North,Office Supplies,Art,8,0.2,847.33,118.63
1680,ORD-2680,2023-09-01,2023-09-08,Standard Class,CUST-1079,Aditya Gupta,Consumer,North,Furniture,Chairs,5,0.2,2893.18,115.73
1681,ORD-2681,2024-12-26,2024-12-29,Second Class,CUST-1080,Reyansh Joshi,Consumer,South,Technology,Machines,6,0.1,4193.53,461.29
1682,ORD-2682,2023-04-23,2023-04-27,Standard Class,CUST-1081,Vivaan Rao,Consumer,South,Technology,Machines,3,0.0,3468.61,520.29
1683,ORD-2683,2023-05-09,2023-05-11,Second Class,CUST-1082,Riya Patel,Corporate,East,Office Supplies,Binders,1,0.0,53.18,11.7
1684,ORD-2684,2023-06-21,2023-06-25,Standard Class,CUST-1083,Arjun Desai,Consumer,East,Technology,Accessories,1,0.1,373.3,41.06
1685,ORD-2685,2024-10-06,2024-10-13,Standard Class,CUST-1084,Vihaan Malhotra,Consumer,West,Office Supplies,Paper,8,0.0,207.7,45.69
1686,ORD-2686,2024-10-11,2024-10-16,Standard Class,CUST-1085,Anika Chopra,Consumer,North,Technology,Accessories,5,0.1,1353.03,148.83
1687,ORD-2687,2024-09-23,2024-09-29,Standard Class,CUST-1086,Diya Singh,Corporate,South,Office Supplies,Art,10,0.2,229.48,32.13
1688,ORD-2688,2024-02-17,2024-02-19,Second Class,CUST-1087,Vivaan Nair,Corporate,North,Furniture,Chairs,5,0.1,3738.33,299.07
1689,ORD-2689,2024-05-30,2024-06-01,First Class,CUST-1088,Rohan Gupta,Consumer,West,Technology,Machines,11,0.0,8408.71,1261.31
1690,ORD-2690,2023-10-02,2023-10-08,Standard Class,CUST-1089,Aarav Patel,Corporate,North,Furniture,Tables,6,0.2,4399.26,175.97
1691,ORD-2691,2023-12-09,2023-12-14,Standard Class,CUST-1090,Myra Singh,Home Office,North,Technology,Phones,5,0.0,6327.36,949.1
1692,ORD-2692,2023-11-14,2023-11-20,Standard Class,CUST-1091,Riya Kumar,Home Office,North,Office Supplies,Art,6,0.0,595.06,130.91
1693,ORD-2693,2023-03-16,2023-03-22,Standard Class,CUST-1092,Aditya Reddy,Consumer,North,Technology,Machines,6,0.1,747.88,82.27
1694,ORD-2694,2023-10-07,2023-10-13,Standard Class,CUST-1093,Aditya Verma,Home Office,West,Technology,Machines,10,0.0,5897.79,884.67
1695,ORD-2695,2023-03-19,2023-03-26,Standard Class,CUST-1094,Krishna Chopra,Home Office,West,Technology,Machines,12,0.3,15296.96,458.91
1696,ORD-2696,2024-12-09,2024-12-16,Standard Class,CUST-1095,Krishna Gupta,Home Office,West,Office Supplies,Binders,9,0.0,181.06,39.83
1697,ORD-2697,2023-03-18,2023-03-25,Standard Class,CUST-1096,Aarav Iyer,Consumer,West,Office Supplies,Art,7,0.0,286.69,63.07
1698,ORD-2698,2024-11-14,2024-11-17,Second Class,CUST-1097,Aadhya Sharma,Consumer,East,Office Supplies,Binders,9,0.0,837.25,184.19
1699,ORD-2699,2024-09-06,2024-09-13,Standard Class,CUST-1098,Vivaan Patel,Consumer,West,Office Supplies,Labels,7,0.1,335.26,60.35
1700,ORD-2700,2024-12-25,2024-12-27,First Class,CUST-1099,Vivaan Reddy,Home Office,South,Office Supplies,Storage,11,0.0,802.88,176.63
1701,ORD-2701,2023-06-30,2023-07-07,Standard Class,CUST-1100,Navya Verma,Consumer,North,Technology,Copiers,11,0.1,7455.89,820.15
1702,ORD-2702,2024-03-06,2024-03-12,Standard Class,CUST-1101,Saanvi Mehta,Home Office,South,Furniture,Chairs,8,0.1,6680.48,534.44
1703,ORD-2703,2023-12-21,2023-12-28,Standard Class,CUST-1102,Myra Patel,Home Office,East,Furniture,Furnishings,10,0.15,1040.58,62.43
1704,ORD-2704,2024-07-28,2024-08-01,Standard Class,CUST-1103,Diya Joshi,Consumer,South,Furniture,Furnishings,10,0.0,7323.96,878.88
1705,ORD-2705,2024-10-02,2024-10-09,Standard Class,CUST-1104,Anika Rao,Corporate,North,Technology,Phones,6,0.15,2063.92,185.75
1706,ORD-2706,2023-04-12,2023-04-13,First Class,CUST-1105,Vihaan Reddy,Corporate,East,Office Supplies,Labels,5,0.0,412.15,90.67
1707,ORD-2707,2023-10-25,2023-10-25,Same Day,CUST-1106,Anika Chopra,Consumer,North,Furniture,Bookcases,12,0.2,1239.81,49.59
1708,ORD-2708,2023-08-31,2023-09-06,Standard Class,CUST-1107,Rohan Singh,Consumer,South,Office Supplies,Binders,9,0.1,717.55,129.16
1709,ORD-2709,2023-06-11,2023-06-11,Same Day,CUST-1108,Ishaan Verma,Consumer,East,Furniture,Chairs,8,0.0,7144.83,857.38
1710,ORD-2710,2023-06-06,2023-06-08,Second Class,CUST-1109,Sai Gupta,Corporate,South,Furniture,Chairs,6,0.0,1243.6,149.23
1711,ORD-2711,2023-02-08,2023-02-14,Standard Class,CUST-1110,Vihaan Gupta,Consumer,West,Office Supplies,Storage,6,0.0,284.58,62.61
1712,ORD-2712,2023-01-13,2023-01-15,First Class,CUST-1111,Reyansh Mehta,Corporate,South,Office Supplies,Labels,3,0.1,199.72,35.95
1713,ORD-2713,2023-07-18,2023-07-23,Standard Class,CUST-1112,Rohan Patel,Consumer,South,Office Supplies,Labels,5,0.0,108.23,23.81
1714,ORD-2714,2023-08-29,2023-08-30,First Class,CUST-1113,Navya Sharma,Home Office,South,Furniture,Chairs,12,0.2,2312.96,92.52
1715,ORD-2715,2024-11-16,2024-11-20,Second Class,CUST-1114,Aditya Rao,Consumer,North,Furniture,Bookcases,9,0.2,4616.16,184.65
1716,ORD-2716,2024-11-23,2024-11-27,Second Class,CUST-1115,Reyansh Patel,Corporate,West,Technology,Copiers,2,0.0,327.63,49.14
1717,ORD-2717,2023-11-16,2023-11-18,Second Class,CUST-1116,Kiara Rao,Consumer,West,Technology,Accessories,10,0.1,6820.38,750.24
1718,ORD-2718,2024-01-31,2024-02-07,Standard Class,CUST-1117,Reyansh Verma,Corporate,South,Technology,Copiers,5,0.0,6850.58,1027.59
1719,ORD-2719,2024-04-13,2024-04-20,Standard Class,CUST-1118,Krishna Singh,Consumer,West,Office Supplies,Binders,8,0.3,553.99,55.4
1720,ORD-2720,2023-09-10,2023-09-17,Standard Class,CUST-1119,Saanvi Patel,Consumer,East,Office Supplies,Labels,2,0.0,98.62,21.7
1721,ORD-2721,2023-03-08,2023-03-10,Second Class,CUST-1120,Vivaan Verma,Consumer,East,Office Supplies,Art,1,0.0,74.29,16.34
1722,ORD-2722,2023-08-20,2023-08-26,Standard Class,CUST-1121,Anika Nair,Consumer,South,Office Supplies,Binders,8,0.1,821.27,147.83
1723,ORD-2723,2024-06-13,2024-06-18,Standard Class,CUST-1122,Vivaan Desai,Corporate,North,Office Supplies,Art,8,0.1,42.31,7.62
1724,ORD-2724,2023-11-17,2023-11-18,First Class,CUST-1123,Kiara Kumar,Corporate,South,Furniture,Tables,2,0.1,331.22,26.5
1725,ORD-2725,2023-10-12,2023-10-14,First Class,CUST-1124,Diya Reddy,Consumer,North,Furniture,Bookcases,10,0.15,4075.53,244.53
1726,ORD-2726,2024-12-19,2024-12-23,Second Class,CUST-1125,Reyansh Chopra,Consumer,South,Furniture,Chairs,4,0.15,1433.87,86.03
1727,ORD-2727,2023-12-23,2023-12-28,Standard Class,CUST-1126,Vihaan Iyer,Corporate,South,Furniture,Furnishings,4,0.15,3317.49,199.05
1728,ORD-2728,2024-06-22,2024-06-27,Standard Class,CUST-1127,Saanvi Kumar,Consumer,South,Office Supplies,Labels,8,0.3,254.72,25.47
1729,ORD-2729,2024-02-04,2024-02-09,Standard Class,CUST-1128,Krishna Rao,Corporate,North,Furniture,Bookcases,6,0.0,2755.54,330.66
1730,ORD-2730,2024-08-24,2024-08-30,Standard Class,CUST-1129,Riya Kumar,Consumer,North,Technology,Machines,12,0.15,16170.9,1455.38
1731,ORD-2731,2023-08-25,2023-08-25,Same Day,CUST-1130,Navya Nair,Corporate,North,Office Supplies,Art,7,0.0,504.47,110.98
1732,ORD-2732,2023-01-08,2023-01-11,Second Class,CUST-1131,Aditya Rao,Corporate,North,Technology,Phones,6,0.1,7431.14,817.43
1733,ORD-2733,2023-08-25,2023-09-01,Standard Class,CUST-1132,Rohan Joshi,Corporate,East,Office Supplies,Paper,7,0.15,513.52,82.16
1734,ORD-2734,2023-08-12,2023-08-14,First Class,CUST-1133,Kiara Joshi,Consumer,North,Office Supplies,Binders,4,0.0,209.84,46.16
1735,ORD-2735,2023-03-13,2023-03-20,Standard Class,CUST-1134,Reyansh Malhotra,Home Office,North,Furniture,Tables,2,0.0,1023.08,122.77
1736,ORD-2736,2023-01-30,2023-02-03,Standard Class,CUST-1135,Reyansh Reddy,Corporate,South,Technology,Copiers,11,0.0,14069.49,2110.42
1737,ORD-2737,2024-11-13,2024-11-18,Standard Class,CUST-1136,Navya Gupta,Home Office,East,Furniture,Tables,11,0.0,8141.47,976.98
1738,ORD-2738,2024-08-04,2024-08-08,Second Class,CUST-1137,Ishaan Patel,Consumer,West,Technology,Machines,5,0.2,6787.17,475.1
1739,ORD-2739,2024-06-03,2024-06-10,Standard Class,CUST-1138,Vivaan Nair,Corporate,West,Furniture,Bookcases,5,0.1,484.67,38.77
1740,ORD-2740,2023-11-21,2023-11-22,First Class,CUST-1139,Sai Malhotra,Corporate,East,Office Supplies,Binders,8,0.3,814.22,81.42
1741,ORD-2741,2023-08-30,2023-09-05,Standard Class,CUST-1140,Arjun Singh,Consumer,North,Furniture,Furnishings,6,0.0,2982.9,357.95
1742,ORD-2742,2024-08-07,2024-08-12,Standard Class,CUST-1141,Arjun Patel,Corporate,West,Technology,Machines,12,0.1,1822.37,200.46
1743,ORD-2743,2023-01-13,2023-01-15,Second Class,CUST-1142,Aadhya Verma,Consumer,East,Furniture,Bookcases,2,0.2,397.54,15.9
1744,ORD-2744,2023-01-15,2023-01-20,Standard Class,CUST-1143,Arjun Mehta,Corporate,South,Technology,Phones,3,0.1,2502.59,275.28
1745,ORD-2745,2024-11-30,2024-12-04,Standard Class,CUST-1144,Diya Malhotra,Consumer,East,Furniture,Furnishings,5,0.0,2633.55,316.03
1746,ORD-2746,2023-01-24,2023-01-28,Second Class,CUST-1145,Myra Mehta,Consumer,North,Office Supplies,Binders,12,0.0,1285.47,282.8
1747,ORD-2747,2023-12-28,2024-01-02,Standard Class,CUST-1146,Vihaan Mehta,Home Office,East,Furniture,Bookcases,5,0.0,3223.41,386.81
1748,ORD-2748,2023-01-14,2023-01-20,Standard Class,CUST-1147,Anika Singh,Consumer,North,Office Supplies,Paper,1,0.0,26.9,5.92
1749,ORD-2749,2023-12-05,2023-12-12,Standard Class,CUST-1148,Ira Verma,Home Office,East,Technology,Accessories,7,0.2,4355.56,304.89
1750,ORD-2750,2024-07-25,2024-08-01,Standard Class,CUST-1149,Ishaan Desai,Home Office,East,Furniture,Tables,5,0.0,663.54,79.62
1751,ORD-2751,2024-12-03,2024-12-07,Second Class,CUST-1150,Vihaan Iyer,Consumer,South,Technology,Phones,7,0.15,4336.34,390.27
1752,ORD-2752,2023-10-30,2023-10-30,Same Day,CUST-1151,Aadhya Mehta,Corporate,South,Office Supplies,Binders,10,0.15,504.3,80.69
1753,ORD-2753,2024-12-26,2024-12-30,Second Class,CUST-1152,Navya Desai,Consumer,North,Furniture,Tables,1,0.1,335.61,26.85
1754,ORD-2754,2023-08-29,2023-09-04,Standard Class,CUST-1153,Ananya Chopra,Consumer,North,Furniture,Bookcases,11,0.0,2670.27,320.43
1755,ORD-2755,2023-11-24,2023-11-29,Standard Class,CUST-1154,Sai Nair,Corporate,South,Furniture,Furnishings,1,0.1,253.42,20.27
1756,ORD-2756,2024-06-03,2024-06-07,Second Class,CUST-1155,Rohan Rao,Consumer,West,Office Supplies,Labels,3,0.3,324.98,32.5
1757,ORD-2757,2024-11-07,2024-11-12,Standard Class,CUST-1156,Aadhya Iyer,Corporate,East,Furniture,Bookcases,6,0.0,2668.99,320.28
1758,ORD-2758,2023-12-06,2023-12-07,First Class,CUST-1157,Vihaan Verma,Consumer,West,Office Supplies,Storage,7,0.0,493.84,108.64
1759,ORD-2759,2023-12-23,2023-12-25,Second Class,CUST-1158,Ira Malhotra,Consumer,West,Furniture,Tables,7,0.1,881.65,70.53
1760,ORD-2760,2024-05-22,2024-05-29,Standard Class,CUST-1159,Myra Mehta,Corporate,West,Technology,Accessories,10,0.0,13642.26,2046.34
1761,ORD-2761,2023-08-05,2023-08-06,First Class,CUST-1160,Arjun Kumar,Corporate,South,Office Supplies,Labels,6,0.1,673.79,121.28
1762,ORD-2762,2024-08-12,2024-08-18,Standard Class,CUST-1161,Myra Mehta,Corporate,East,Furniture,Chairs,5,0.3,2660.34,-0.0
1763,ORD-2763,2024-04-18,2024-04-19,First Class,CUST-1162,Vivaan Iyer,Consumer,East,Office Supplies,Storage,7,0.0,701.81,154.4
1764,ORD-2764,2023-11-01,2023-11-07,Standard Class,CUST-1163,Ishaan Singh,Corporate,West,Technology,Phones,6,0.1,2057.27,226.3
1765,ORD-2765,2024-12-21,2024-12-23,Second Class,CUST-1164,Myra Reddy,Consumer,West,Office Supplies,Storage,7,0.1,656.57,118.18
1766,ORD-2766,2024-11-24,2024-11-27,Second Class,CUST-1165,Vihaan Malhotra,Home Office,West,Office Supplies,Binders,11,0.2,605.45,84.76
1767,ORD-2767,2024-10-19,2024-10-25,Standard Class,CUST-1166,Reyansh Chopra,Corporate,South,Office Supplies,Art,12,0.0,449.88,98.97
1768,ORD-2768,2024-11-29,2024-12-02,Second Class,CUST-1167,Saanvi Reddy,Home Office,East,Furniture,Tables,4,0.15,802.47,48.15
1769,ORD-2769,2023-06-09,2023-06-15,Standard Class,CUST-1168,Aditya Patel,Consumer,East,Furniture,Tables,7,0.0,5107.29,612.87
1770,ORD-2770,2023-12-19,2023-12-25,Standard Class,CUST-1169,Myra Patel,Consumer,West,Furniture,Tables,2,0.3,435.96,0.0
1771,ORD-2771,2023-04-21,2023-04-26,Standard Class,CUST-1170,Aarav Rao,Home Office,North,Office Supplies,Binders,7,0.2,364.03,50.96
1772,ORD-2772,2024-11-02,2024-11-04,Second Class,CUST-1171,Krishna Joshi,Consumer,North,Office Supplies,Storage,1,0.3,43.37,4.34
1773,ORD-2773,2024-02-22,2024-02-26,Standard Class,CUST-1172,Rohan Desai,Consumer,South,Furniture,Furnishings,4,0.3,983.93,0.0
1774,ORD-2774,2023-02-06,2023-02-13,Standard Class,CUST-1173,Arjun Nair,Consumer,North,Technology,Accessories,10,0.0,3164.54,474.68
1775,ORD-2775,2024-11-23,2024-11-24,First Class,CUST-1174,Kiara Sharma,Consumer,North,Technology,Phones,12,0.0,2475.97,371.4
1776,ORD-2776,2023-09-16,2023-09-17,First Class,CUST-1175,Saanvi Gupta,Home Office,North,Office Supplies,Art,12,0.15,912.69,146.03
1777,ORD-2777,2024-09-02,2024-09-03,First Class,CUST-1176,Krishna Sharma,Consumer,West,Technology,Accessories,8,0.2,4932.81,345.3
1778,ORD-2778,2024-10-30,2024-11-01,Second Class,CUST-1177,Ananya Iyer,Consumer,West,Furniture,Chairs,12,0.2,5910.82,236.43
1779,ORD-2779,2023-07-18,2023-07-18,Same Day,CUST-1178,Sai Nair,Home Office,East,Office Supplies,Binders,10,0.15,1037.86,166.06
1780,ORD-2780,2023-10-05,2023-10-06,First Class,CUST-1179,Ishaan Iyer,Corporate,North,Office Supplies,Binders,3,0.0,103.69,22.81
1781,ORD-2781,2024-04-08,2024-04-12,Standard Class,CUST-1180,Kiara Sharma,Home Office,East,Office Supplies,Labels,12,0.1,423.08,76.15
1782,ORD-2782,2024-06-10,2024-06-17,Standard Class,CUST-1181,Ira Gupta,Consumer,South,Technology,Machines,9,0.15,5427.98,488.52
1783,ORD-2783,2024-03-24,2024-03-26,First Class,CUST-1182,Vivaan Reddy,Corporate,South,Technology,Phones,7,0.15,5329.29,479.64
1784,ORD-2784,2024-01-23,2024-01-28,Standard Class,CUST-1183,Riya Kumar,Corporate,South,Technology,Machines,4,0.3,4198.4,125.95
1785,ORD-2785,2024-11-19,2024-11-22,Second Class,CUST-1184,Ira Kumar,Consumer,North,Office Supplies,Binders,11,0.3,72.75,7.27
1786,ORD-2786,2024-12-09,2024-12-14,Standard Class,CUST-1185,Kiara Joshi,Consumer,East,Office Supplies,Binders,2,0.0,22.61,4.97
1787,ORD-2787,2024-07-15,2024-07-17,Second Class,CUST-1186,Rohan Nair,Corporate,East,Office Supplies,Art,2,0.0,85.33,18.77
1788,ORD-2788,2024-05-23,2024-05-28,Standard Class,CUST-1187,Rohan Mehta,Consumer,South,Technology,Phones,8,0.15,7324.78,659.23
1789,ORD-2789,2023-06-26,2023-07-03,Standard Class,CUST-1188,Kiara Joshi,Corporate,West,Office Supplies,Labels,12,0.0,1246.93,274.32
1790,ORD-2790,2023-11-13,2023-11-16,Second Class,CUST-1189,Ishaan Joshi,Corporate,West,Office Supplies,Art,11,0.0,410.82,90.38
1791,ORD-2791,2024-11-27,2024-11-28,First Class,CUST-1190,Ira Malhotra,Consumer,North,Technology,Accessories,4,0.0,4818.08,722.71
1792,ORD-2792,2024-11-23,2024-11-27,Second Class,CUST-1191,Kiara Patel,Consumer,West,Furniture,Bookcases,10,0.1,6004.16,480.33
1793,ORD-2793,2023-10-09,2023-10-11,Second Class,CUST-1192,Anika Nair,Home Office,East,Office Supplies,Paper,3,0.0,30.57,6.73
1794,ORD-2794,2023-08-03,2023-08-07,Second Class,CUST-1193,Vihaan Verma,Home Office,South,Furniture,Tables,2,0.1,299.21,23.94
1795,ORD-2795,2024-06-07,2024-06-14,Standard Class,CUST-1194,Diya Rao,Corporate,East,Technology,Accessories,10,0.2,3327.46,232.92
1796,ORD-2796,2024-10-28,2024-11-01,Standard Class,CUST-1195,Aadhya Patel,Home Office,West,Office Supplies,Binders,3,0.3,317.49,31.75
1797,ORD-2797,2023-10-31,2023-11-06,Standard Class,CUST-1196,Vihaan Chopra,Home Office,North,Office Supplies,Art,10,0.0,123.87,27.25
1798,ORD-2798,2024-04-02,2024-04-02,Same Day,CUST-1197,Myra Chopra,Home Office,North,Furniture,Tables,9,0.2,7051.05,282.04
1799,ORD-2799,2023-03-22,2023-03-29,Standard Class,CUST-1198,Sai Nair,Consumer,South,Office Supplies,Storage,8,0.1,787.46,141.74
1800,ORD-2800,2024-04-26,2024-04-26,Same Day,CUST-1199,Krishna Patel,Corporate,North,Office Supplies,Art,1,0.15,71.81,11.49
1801,ORD-2801,2024-12-08,2024-12-08,Same Day,CUST-1200,Riya Singh,Consumer,East,Furniture,Furnishings,5,0.0,1945.2,233.42
1802,ORD-2802,2023-10-29,2023-10-31,First Class,CUST-1201,Aditya Reddy,Consumer,North,Technology,Machines,7,0.15,7170.42,645.34
1803,ORD-2803,2023-12-10,2023-12-15,Standard Class,CUST-1202,Arjun Iyer,Consumer,South,Technology,Accessories,11,0.2,1309.49,91.66
1804,ORD-2804,2023-03-11,2023-03-12,First Class,CUST-1203,Aadhya Singh,Consumer,East,Furniture,Bookcases,2,0.0,1471.67,176.6
1805,ORD-2805,2024-03-02,2024-03-06,Standard Class,CUST-1204,Saanvi Nair,Home Office,East,Office Supplies,Labels,4,0.0,170.01,37.4
1806,ORD-2806,2023-12-13,2023-12-19,Standard Class,CUST-1205,Ananya Rao,Consumer,West,Technology,Copiers,10,0.1,10537.98,1159.18
1807,ORD-2807,2024-12-10,2024-12-17,Standard Class,CUST-1206,Aditya Joshi,Consumer,West,Office Supplies,Binders,4,0.1,94.17,16.95
1808,ORD-2808,2023-01-18,2023-01-24,Standard Class,CUST-1207,Kiara Desai,Home Office,South,Office Supplies,Art,12,0.1,579.18,104.25
1809,ORD-2809,2023-05-28,2023-06-01,Standard Class,CUST-1208,Myra Iyer,Consumer,East,Technology,Accessories,9,0.3,11928.13,357.84
1810,ORD-2810,2024-11-12,2024-11-15,Second Class,CUST-1209,Diya Iyer,Corporate,West,Office Supplies,Storage,4,0.15,205.93,32.95
1811,ORD-2811,2023-02-27,2023-03-05,Standard Class,CUST-1210,Arjun Malhotra,Consumer,North,Office Supplies,Labels,8,0.0,625.15,137.53
1812,ORD-2812,2023-11-16,2023-11-23,Standard Class,CUST-1211,Aadhya Kumar,Consumer,West,Furniture,Tables,10,0.1,6554.15,524.33
1813,ORD-2813,2023-10-28,2023-11-03,Standard Class,CUST-1212,Rohan Nair,Consumer,South,Technology,Phones,11,0.3,12713.13,381.39
1814,ORD-2814,2023-11-01,2023-11-07,Standard Class,CUST-1213,Krishna Singh,Corporate,North,Office Supplies,Storage,3,0.15,219.79,35.17
1815,ORD-2815,2023-12-27,2024-01-02,Standard Class,CUST-1214,Sai Singh,Corporate,West,Office Supplies,Binders,11,0.1,1206.8,217.22
1816,ORD-2816,2023-10-09,2023-10-13,Standard Class,CUST-1215,Arjun Chopra,Consumer,South,Office Supplies,Labels,1,0.0,114.85,25.27
1817,ORD-2817,2024-01-20,2024-01-25,Standard Class,CUST-1216,Navya Malhotra,Corporate,North,Office Supplies,Labels,2,0.0,164.94,36.29
1818,ORD-2818,2023-10-14,2023-10-18,Second Class,CUST-1217,Myra Gupta,Consumer,North,Office Supplies,Binders,9,0.0,118.36,26.04
1819,ORD-2819,2024-04-18,2024-04-23,Standard Class,CUST-1218,Ananya Mehta,Home Office,East,Technology,Machines,10,0.0,13419.97,2013.0
1820,ORD-2820,2023-05-18,2023-05-20,First Class,CUST-1219,Rohan Desai,Consumer,East,Office Supplies,Storage,2,0.15,146.67,23.47
1821,ORD-2821,2024-11-15,2024-11-21,Standard Class,CUST-1220,Aditya Mehta,Consumer,East,Office Supplies,Binders,11,0.0,172.05,37.85
1822,ORD-2822,2023-11-24,2023-11-30,Standard Class,CUST-1221,Ira Desai,Consumer,West,Furniture,Tables,5,0.1,2230.26,178.42
1823,ORD-2823,2023-09-05,2023-09-09,Standard Class,CUST-1222,Sai Mehta,Home Office,West,Technology,Machines,4,0.2,1766.69,123.67
1824,ORD-2824,2023-04-03,2023-04-05,First Class,CUST-1223,Sai Reddy,Consumer,East,Technology,Phones,8,0.0,1109.12,166.37
1825,ORD-2825,2023-04-01,2023-04-06,Standard Class,CUST-1224,Aditya Kumar,Consumer,West,Furniture,Tables,10,0.15,1444.99,86.7
1826,ORD-2826,2024-04-29,2024-04-30,First Class,CUST-1225,Aadhya Kumar,Corporate,North,Technology,Copiers,7,0.0,3297.09,494.56
1827,ORD-2827,2023-06-19,2023-06-23,Standard Class,CUST-1226,Rohan Mehta,Home Office,West,Technology,Phones,5,0.1,3939.08,433.3
1828,ORD-2828,2024-11-24,2024-12-01,Standard Class,CUST-1227,Riya Rao,Home Office,West,Furniture,Chairs,10,0.0,1096.02,131.52
1829,ORD-2829,2023-04-07,2023-04-07,Same Day,CUST-1228,Aditya Desai,Consumer,North,Technology,Copiers,8,0.1,2837.05,312.08
1830,ORD-2830,2024-05-05,2024-05-12,Standard Class,CUST-1229,Sai Sharma,Consumer,South,Technology,Phones,4,0.0,3636.12,545.42
1831,ORD-2831,2024-06-15,2024-06-17,Second Class,CUST-1230,Arjun Reddy,Consumer,South,Furniture,Furnishings,12,0.2,8853.94,354.16
1832,ORD-2832,2024-11-09,2024-11-10,First Class,CUST-1231,Vivaan Reddy,Corporate,East,Technology,Phones,12,0.3,15921.52,477.65
1833,ORD-2833,2024-03-10,2024-03-15,Standard Class,CUST-1232,Saanvi Nair,Consumer,South,Furniture,Bookcases,11,0.15,6048.45,362.91
1834,ORD-2834,2023-03-02,2023-03-05,Second Class,CUST-1233,Riya Iyer,Corporate,North,Office Supplies,Labels,2,0.0,21.17,4.66
1835,ORD-2835,2024-02-20,2024-02-24,Standard Class,CUST-1234,Anika Kumar,Home Office,East,Office Supplies,Storage,4,0.0,319.5,70.29
1836,ORD-2836,2023-07-10,2023-07-14,Standard Class,CUST-1235,Diya Kumar,Home Office,West,Office Supplies,Labels,6,0.0,275.69,60.65
1837,ORD-2837,2023-11-15,2023-11-20,Standard Class,CUST-1236,Reyansh Kumar,Consumer,North,Technology,Copiers,12,0.1,10077.43,1108.52
1838,ORD-2838,2023-02-03,2023-02-10,Standard Class,CUST-1237,Ishaan Kumar,Consumer,North,Office Supplies,Storage,7,0.0,794.7,174.83
1839,ORD-2839,2023-02-09,2023-02-15,Standard Class,CUST-1238,Vivaan Verma,Corporate,North,Office Supplies,Paper,5,0.0,198.6,43.69
1840,ORD-2840,2024-01-14,2024-01-15,First Class,CUST-1239,Aditya Nair,Corporate,East,Technology,Accessories,9,0.0,5496.57,824.49
1841,ORD-2841,2023-04-02,2023-04-09,Standard Class,CUST-1240,Ishaan Nair,Corporate,North,Technology,Phones,6,0.3,3425.84,102.78
1842,ORD-2842,2023-08-26,2023-08-27,First Class,CUST-1241,Ishaan Joshi,Consumer,North,Office Supplies,Binders,11,0.0,1309.73,288.14
1843,ORD-2843,2023-01-10,2023-01-16,Standard Class,CUST-1242,Myra Malhotra,Corporate,North,Furniture,Furnishings,3,0.1,2515.11,201.21
1844,ORD-2844,2024-12-08,2024-12-10,First Class,CUST-1243,Saanvi Malhotra,Corporate,West,Technology,Copiers,9,0.0,10708.65,1606.3
1845,ORD-2845,2024-08-22,2024-08-24,First Class,CUST-1244,Diya Sharma,Consumer,North,Technology,Phones,9,0.15,10443.92,939.95
1846,ORD-2846,2024-07-29,2024-08-01,Second Class,CUST-1245,Sai Malhotra,Consumer,West,Technology,Copiers,8,0.0,8064.89,1209.73
1847,ORD-2847,2023-09-19,2023-09-20,First Class,CUST-1246,Myra Rao,Consumer,West,Office Supplies,Storage,12,0.1,531.7,95.71
1848,ORD-2848,2023-01-13,2023-01-18,Standard Class,CUST-1247,Ishaan Patel,Corporate,West,Technology,Phones,8,0.0,8486.56,1272.98
1849,ORD-2849,2024-11-21,2024-11-25,Standard Class,CUST-1248,Anika Mehta,Home Office,South,Furniture,Tables,8,0.0,5352.91,642.35
1850,ORD-2850,2024-04-21,2024-04-27,Standard Class,CUST-1249,Saanvi Verma,Corporate,West,Furniture,Bookcases,12,0.3,7485.85,-0.0
1851,ORD-2851,2023-04-03,2023-04-10,Standard Class,CUST-1250,Arjun Malhotra,Consumer,West,Furniture,Tables,9,0.1,2144.39,171.55
1852,ORD-2852,2024-01-23,2024-01-30,Standard Class,CUST-1251,Navya Gupta,Home Office,South,Technology,Phones,12,0.3,8853.88,265.62
1853,ORD-2853,2023-01-03,2023-01-08,Standard Class,CUST-1252,Saanvi Patel,Consumer,East,Furniture,Furnishings,5,0.3,1788.59,-0.0
1854,ORD-2854,2023-11-06,2023-11-13,Standard Class,CUST-1253,Myra Chopra,Home Office,South,Technology,Machines,11,0.3,10293.3,308.8
1855,ORD-2855,2023-02-27,2023-03-04,Standard Class,CUST-1254,Vihaan Gupta,Consumer,East,Furniture,Tables,2,0.0,1391.58,166.99
1856,ORD-2856,2024-05-09,2024-05-15,Standard Class,CUST-1255,Navya Nair,Consumer,East,Office Supplies,Art,6,0.0,612.08,134.66
1857,ORD-2857,2024-02-24,2024-02-27,Second Class,CUST-1256,Aarav Rao,Home Office,West,Office Supplies,Paper,1,0.2,112.05,15.69
1858,ORD-2858,2023-09-09,2023-09-13,Standard Class,CUST-1257,Aadhya Malhotra,Corporate,West,Office Supplies,Labels,10,0.15,87.93,14.07
1859,ORD-2859,2023-10-07,2023-10-14,Standard Class,CUST-1258,Kiara Rao,Consumer,East,Office Supplies,Art,7,0.0,176.68,38.87
1860,ORD-2860,2023-12-15,2023-12-21,Standard Class,CUST-1259,Ira Kumar,Consumer,South,Office Supplies,Art,3,0.1,164.05,29.53
1861,ORD-2861,2023-07-18,2023-07-18,Same Day,CUST-1260,Saanvi Mehta,Consumer,West,Technology,Phones,4,0.15,4307.54,387.68
1862,ORD-2862,2023-08-17,2023-08-22,Standard Class,CUST-1261,Ishaan Malhotra,Home Office,East,Technology,Phones,1,0.1,170.22,18.72
1863,ORD-2863,2023-10-06,2023-10-11,Standard Class,CUST-1262,Myra Malhotra,Consumer,West,Office Supplies,Paper,11,0.15,1240.6,198.5
1864,ORD-2864,2023-07-18,2023-07-23,Standard Class,CUST-1263,Diya Chopra,Consumer,South,Furniture,Bookcases,7,0.1,1430.38,114.43
1865,ORD-2865,2023-07-10,2023-07-12,Second Class,CUST-1264,Vivaan Sharma,Corporate,East,Furniture,Tables,9,0.0,5833.8,700.06
1866,ORD-2866,2023-01-12,2023-01-14,Second Class,CUST-1265,Navya Desai,Corporate,North,Technology,Accessories,9,0.15,5397.7,485.79
1867,ORD-2867,2024-10-23,2024-10-30,Standard Class,CUST-1266,Riya Kumar,Consumer,East,Technology,Machines,12,0.15,16114.01,1450.26
1868,ORD-2868,2024-07-07,2024-07-10,Second Class,CUST-1267,Rohan Patel,Consumer,West,Office Supplies,Storage,12,0.15,247.18,39.55
1869,ORD-2869,2024-03-21,2024-03-21,Same Day,CUST-1268,Ira Nair,Consumer,South,Technology,Copiers,9,0.3,3533.63,106.01
1870,ORD-2870,2023-08-15,2023-08-18,Second Class,CUST-1269,Aditya Chopra,Home Office,East,Office Supplies,Labels,6,0.0,143.84,31.64
1871,ORD-2871,2023-03-24,2023-03-30,Standard Class,CUST-1270,Anika Nair,Consumer,East,Furniture,Chairs,11,0.0,6933.27,831.99
1872,ORD-2872,2024-04-27,2024-05-02,Standard Class,CUST-1271,Riya Reddy,Consumer,South,Office Supplies,Labels,12,0.1,1250.33,225.06
1873,ORD-2873,2024-04-25,2024-05-01,Standard Class,CUST-1272,Kiara Patel,Corporate,North,Office Supplies,Labels,4,0.1,459.26,82.67
1874,ORD-2874,2023-01-08,2023-01-12,Standard Class,CUST-1273,Diya Singh,Consumer,East,Office Supplies,Storage,2,0.0,128.12,28.19
1875,ORD-2875,2023-06-21,2023-06-23,First Class,CUST-1274,Sai Chopra,Corporate,South,Technology,Accessories,4,0.0,1753.83,263.07
1876,ORD-2876,2024-08-17,2024-08-21,Second Class,CUST-1275,Aarav Chopra,Consumer,East,Office Supplies,Labels,8,0.0,830.15,182.63
1877,ORD-2877,2024-11-11,2024-11-11,Same Day,CUST-1276,Vivaan Malhotra,Consumer,South,Office Supplies,Storage,10,0.2,695.03,97.3
1878,ORD-2878,2024-10-15,2024-10-19,Second Class,CUST-1277,Aadhya Nair,Corporate,North,Office Supplies,Art,10,0.0,343.18,75.5
1879,ORD-2879,2024-12-29,2025-01-02,Standard Class,CUST-1278,Aditya Kumar,Consumer,South,Office Supplies,Storage,4,0.0,387.47,85.24
1880,ORD-2880,2024-03-31,2024-04-04,Standard Class,CUST-1279,Ira Singh,Corporate,West,Office Supplies,Labels,9,0.0,208.26,45.82
1881,ORD-2881,2023-10-15,2023-10-19,Standard Class,CUST-1280,Krishna Reddy,Home Office,East,Office Supplies,Storage,5,0.0,367.05,80.75
1882,ORD-2882,2024-02-03,2024-02-07,Standard Class,CUST-1281,Ananya Rao,Corporate,North,Office Supplies,Binders,5,0.2,180.64,25.29
1883,ORD-2883,2024-02-17,2024-02-21,Second Class,CUST-1282,Aditya Nair,Consumer,North,Office Supplies,Labels,2,0.3,33.34,3.33
1884,ORD-2884,2024-12-16,2024-12-18,First Class,CUST-1283,Vivaan Sharma,Corporate,South,Technology,Phones,5,0.0,1856.68,278.5
1885,ORD-2885,2024-11-08,2024-11-12,Standard Class,CUST-1284,Aarav Gupta,Consumer,North,Furniture,Bookcases,10,0.1,3470.31,277.62
1886,ORD-2886,2023-12-29,2024-01-04,Standard Class,CUST-1285,Aditya Mehta,Corporate,North,Office Supplies,Storage,5,0.2,440.08,61.61
1887,ORD-2887,2023-12-11,2023-12-15,Standard Class,CUST-1286,Navya Iyer,Home Office,North,Technology,Accessories,2,0.1,1482.28,163.05
1888,ORD-2888,2024-12-25,2024-12-27,First Class,CUST-1287,Vihaan Mehta,Consumer,West,Technology,Machines,7,0.2,2428.05,169.96
1889,ORD-2889,2024-08-13,2024-08-19,Standard Class,CUST-1288,Reyansh Iyer,Consumer,West,Furniture,Bookcases,11,0.1,1492.67,119.41
1890,ORD-2890,2024-04-04,2024-04-06,First Class,CUST-1289,Sai Desai,Corporate,North,Office Supplies,Binders,7,0.1,612.29,110.21
1891,ORD-2891,2023-03-17,2023-03-22,Standard Class,CUST-1290,Aditya Kumar,Consumer,South,Furniture,Chairs,2,0.15,1561.15,93.67
1892,ORD-2892,2023-07-20,2023-07-26,Standard Class,CUST-1291,Arjun Sharma,Corporate,South,Office Supplies,Labels,7,0.2,200.25,28.03
1893,ORD-2893,2024-10-10,2024-10-14,Standard Class,CUST-1292,Diya Gupta,Home Office,West,Technology,Phones,2,0.15,2428.94,218.6
1894,ORD-2894,2023-09-17,2023-09-21,Second Class,CUST-1293,Ira Iyer,Home Office,West,Office Supplies,Binders,2,0.0,195.02,42.9
1895,ORD-2895,2023-09-27,2023-09-30,Second Class,CUST-1294,Ananya Rao,Consumer,West,Furniture,Furnishings,9,0.1,947.03,75.76
1896,ORD-2896,2024-08-31,2024-09-04,Standard Class,CUST-1295,Ishaan Gupta,Corporate,East,Office Supplies,Storage,10,0.1,135.7,24.43
1897,ORD-2897,2024-10-28,2024-10-30,Second Class,CUST-1296,Rohan Iyer,Corporate,South,Office Supplies,Paper,7,0.2,490.57,68.68
1898,ORD-2898,2023-10-20,2023-10-27,Standard Class,CUST-1297,Saanvi Desai,Consumer,East,Office Supplies,Binders,9,0.15,939.12,150.26
1899,ORD-2899,2024-02-02,2024-02-09,Standard Class,CUST-1298,Reyansh Patel,Consumer,West,Office Supplies,Labels,10,0.2,338.94,47.45
1900,ORD-2900,2023-05-08,2023-05-13,Standard Class,CUST-1299,Sai Verma,Home Office,South,Technology,Copiers,6,0.0,1449.59,217.44
1901,ORD-2901,2023-10-08,2023-10-13,Standard Class,CUST-1300,Ananya Chopra,Home Office,North,Furniture,Furnishings,9,0.0,6902.12,828.25
1902,ORD-2902,2023-02-27,2023-03-02,Second Class,CUST-1301,Reyansh Chopra,Consumer,North,Office Supplies,Paper,2,0.0,95.44,21.0
1903,ORD-2903,2023-09-06,2023-09-07,First Class,CUST-1302,Riya Patel,Corporate,East,Technology,Phones,5,0.2,977.85,68.45
1904,ORD-2904,2024-05-12,2024-05-15,Second Class,CUST-1303,Myra Mehta,Corporate,North,Technology,Accessories,9,0.0,1038.98,155.85
1905,ORD-2905,2023-08-22,2023-08-25,Second Class,CUST-1304,Vivaan Malhotra,Consumer,South,Technology,Phones,11,0.3,5010.62,150.32
1906,ORD-2906,2024-01-06,2024-01-11,Standard Class,CUST-1305,Rohan Kumar,Home Office,South,Office Supplies,Storage,9,0.3,176.3,17.63
1907,ORD-2907,2023-10-30,2023-11-01,First Class,CUST-1306,Anika Joshi,Consumer,North,Office Supplies,Storage,9,0.3,562.3,56.23
1908,ORD-2908,2023-08-24,2023-08-24,Same Day,CUST-1307,Kiara Nair,Consumer,East,Office Supplies,Art,8,0.1,855.42,153.98
1909,ORD-2909,2024-12-24,2024-12-29,Standard Class,CUST-1308,Reyansh Verma,Consumer,South,Furniture,Tables,11,0.1,8220.63,657.65
1910,ORD-2910,2024-12-27,2024-12-31,Standard Class,CUST-1309,Aditya Patel,Consumer,North,Office Supplies,Binders,5,0.2,367.03,51.38
1911,ORD-2911,2023-12-31,2024-01-04,Standard Class,CUST-1310,Ishaan Desai,Consumer,West,Office Supplies,Storage,4,0.1,284.96,51.29
1912,ORD-2912,2023-08-21,2023-08-27,Standard Class,CUST-1311,Aadhya Rao,Home Office,North,Office Supplies,Labels,10,0.15,149.05,23.85
1913,ORD-2913,2023-11-05,2023-11-09,Second Class,CUST-1312,Aditya Chopra,Corporate,South,Technology,Machines,9,0.1,12241.71,1346.59
1914,ORD-2914,2023-04-29,2023-05-04,Standard Class,CUST-1313,Krishna Kumar,Consumer,East,Office Supplies,Storage,3,0.3,104.21,10.42
1915,ORD-2915,2023-06-14,2023-06-16,First Class,CUST-1314,Kiara Sharma,Corporate,North,Office Supplies,Storage,5,0.15,400.44,64.07
1916,ORD-2916,2023-11-14,2023-11-19,Standard Class,CUST-1315,Saanvi Nair,Consumer,East,Office Supplies,Binders,6,0.0,32.57,7.17
1917,ORD-2917,2024-10-22,2024-10-27,Standard Class,CUST-1316,Navya Gupta,Home Office,North,Technology,Accessories,8,0.0,5508.22,826.23
1918,ORD-2918,2023-11-03,2023-11-05,Second Class,CUST-1317,Vivaan Desai,Corporate,South,Office Supplies,Art,7,0.0,813.13,178.89
1919,ORD-2919,2023-07-06,2023-07-09,Second Class,CUST-1318,Riya Desai,Corporate,East,Office Supplies,Storage,9,0.3,951.33,95.13
1920,ORD-2920,2023-07-05,2023-07-09,Standard Class,CUST-1319,Aarav Patel,Corporate,West,Technology,Copiers,9,0.0,10750.16,1612.52
1921,ORD-2921,2023-12-13,2023-12-20,Standard Class,CUST-1320,Aditya Mehta,Corporate,West,Technology,Machines,4,0.0,5544.1,831.62
1922,ORD-2922,2023-12-11,2023-12-17,Standard Class,CUST-1321,Diya Mehta,Consumer,North,Office Supplies,Art,4,0.2,260.51,36.47
1923,ORD-2923,2023-03-16,2023-03-20,Second Class,CUST-1322,Rohan Gupta,Home Office,North,Technology,Phones,7,0.1,2229.72,245.27
1924,ORD-2924,2024-02-20,2024-02-23,Second Class,CUST-1323,Ananya Patel,Consumer,West,Furniture,Chairs,9,0.0,7856.59,942.79
1925,ORD-2925,2023-03-18,2023-03-22,Standard Class,CUST-1324,Saanvi Verma,Home Office,East,Furniture,Chairs,7,0.1,4871.26,389.7
1926,ORD-2926,2023-12-17,2023-12-19,Second Class,CUST-1325,Riya Nair,Consumer,South,Office Supplies,Binders,8,0.0,396.14,87.15
1927,ORD-2927,2024-04-14,2024-04-16,Second Class,CUST-1326,Riya Mehta,Consumer,South,Office Supplies,Binders,8,0.1,838.22,150.88
1928,ORD-2928,2024-03-30,2024-04-04,Standard Class,CUST-1327,Ananya Patel,Consumer,North,Technology,Copiers,11,0.1,7751.65,852.68
1929,ORD-2929,2024-08-23,2024-08-26,Second Class,CUST-1328,Aadhya Malhotra,Home Office,South,Office Supplies,Labels,2,0.1,178.41,32.11
1930,ORD-2930,2024-08-28,2024-09-04,Standard Class,CUST-1329,Ishaan Desai,Home Office,North,Office Supplies,Paper,8,0.0,392.06,86.25
1931,ORD-2931,2023-12-26,2023-12-29,Second Class,CUST-1330,Saanvi Nair,Consumer,West,Technology,Machines,10,0.0,4343.63,651.54
1932,ORD-2932,2024-10-05,2024-10-09,Second Class,CUST-1331,Arjun Patel,Home Office,North,Technology,Machines,1,0.1,744.94,81.94
1933,ORD-2933,2024-11-26,2024-12-03,Standard Class,CUST-1332,Aarav Singh,Corporate,East,Office Supplies,Paper,8,0.3,328.92,32.89
1934,ORD-2934,2024-01-19,2024-01-23,Standard Class,CUST-1333,Sai Chopra,Home Office,North,Technology,Machines,10,0.3,5466.13,163.98
1935,ORD-2935,2023-01-30,2023-02-03,Standard Class,CUST-1334,Saanvi Singh,Consumer,South,Furniture,Bookcases,3,0.0,2234.56,268.15
1936,ORD-2936,2024-02-22,2024-02-29,Standard Class,CUST-1335,Rohan Desai,Consumer,North,Office Supplies,Labels,7,0.3,506.34,50.63
1937,ORD-2937,2023-09-11,2023-09-13,Second Class,CUST-1336,Ira Iyer,Consumer,West,Furniture,Furnishings,5,0.15,818.42,49.11
1938,ORD-2938,2023-04-01,2023-04-08,Standard Class,CUST-1337,Ira Reddy,Corporate,East,Office Supplies,Art,2,0.2,220.57,30.88
1939,ORD-2939,2023-07-27,2023-08-01,Standard Class,CUST-1338,Reyansh Desai,Consumer,West,Technology,Phones,6,0.3,2407.36,72.22
1940,ORD-2940,2023-12-19,2023-12-21,Second Class,CUST-1339,Aarav Chopra,Consumer,West,Office Supplies,Art,7,0.1,401.24,72.22
1941,ORD-2941,2023-06-13,2023-06-19,Standard Class,CUST-1340,Arjun Singh,Home Office,North,Technology,Phones,8,0.1,7641.13,840.52
1942,ORD-2942,2024-12-17,2024-12-21,Standard Class,CUST-1341,Aarav Reddy,Consumer,North,Technology,Copiers,12,0.0,9113.45,1367.02
1943,ORD-2943,2024-10-18,2024-10-24,Standard Class,CUST-1342,Kiara Kumar,Consumer,West,Technology,Machines,4,0.1,1889.62,207.86
1944,ORD-2944,2023-01-11,2023-01-12,First Class,CUST-1343,Ananya Joshi,Consumer,South,Technology,Copiers,5,0.0,2360.14,354.02
1945,ORD-2945,2024-06-10,2024-06-12,First Class,CUST-1344,Krishna Malhotra,Corporate,North,Furniture,Furnishings,11,0.15,7610.01,456.6
1946,ORD-2946,2024-06-15,2024-06-16,First Class,CUST-1345,Navya Kumar,Home Office,East,Technology,Machines,11,0.0,12391.83,1858.77
1947,ORD-2947,2024-04-17,2024-04-21,Second Class,CUST-1346,Vivaan Verma,Consumer,South,Furniture,Bookcases,12,0.0,4518.17,542.18
1948,ORD-2948,2024-01-26,2024-01-30,Standard Class,CUST-1347,Saanvi Reddy,Home Office,North,Office Supplies,Paper,5,0.1,569.99,102.6
1949,ORD-2949,2024-11-30,2024-12-02,Second Class,CUST-1348,Diya Singh,Home Office,West,Furniture,Tables,2,0.0,1075.82,129.1
1950,ORD-2950,2024-12-17,2024-12-23,Standard Class,CUST-1349,Anika Rao,Corporate,West,Technology,Accessories,2,0.3,717.8,21.53
1951,ORD-2951,2024-12-26,2024-12-27,First Class,CUST-1350,Riya Malhotra,Corporate,West,Office Supplies,Art,9,0.0,200.62,44.14
1952,ORD-2952,2024-07-02,2024-07-08,Standard Class,CUST-1351,Ishaan Rao,Home Office,North,Office Supplies,Labels,3,0.0,314.49,69.19
1953,ORD-2953,2024-12-03,2024-12-09,Standard Class,CUST-1352,Vivaan Singh,Consumer,East,Office Supplies,Binders,1,0.15,18.39,2.94
1954,ORD-2954,2024-05-28,2024-06-01,Second Class,CUST-1353,Anika Kumar,Home Office,North,Technology,Phones,5,0.0,5419.23,812.88
1955,ORD-2955,2024-11-01,2024-11-06,Standard Class,CUST-1354,Aadhya Mehta,Home Office,South,Office Supplies,Paper,6,0.15,260.8,41.73
1956,ORD-2956,2024-06-04,2024-06-10,Standard Class,CUST-1355,Ananya Patel,Corporate,West,Office Supplies,Paper,8,0.1,442.19,79.59
1957,ORD-2957,2024-01-14,2024-01-20,Standard Class,CUST-1356,Riya Malhotra,Consumer,East,Furniture,Furnishings,4,0.1,1845.61,147.65
1958,ORD-2958,2024-03-02,2024-03-07,Standard Class,CUST-1357,Riya Reddy,Consumer,North,Technology,Phones,7,0.0,1913.49,287.02
1959,ORD-2959,2024-03-17,2024-03-20,Second Class,CUST-1358,Arjun Iyer,Consumer,East,Technology,Copiers,3,0.0,1008.45,151.27
1960,ORD-2960,2024-12-11,2024-12-17,Standard Class,CUST-1359,Diya Reddy,Consumer,North,Office Supplies,Binders,9,0.3,313.89,31.39
1961,ORD-2961,2023-05-06,2023-05-09,Second Class,CUST-1360,Myra Chopra,Consumer,East,Technology,Accessories,7,0.1,8416.47,925.81
1962,ORD-2962,2023-01-31,2023-02-07,Standard Class,CUST-1361,Ananya Joshi,Consumer,West,Furniture,Tables,8,0.15,4114.2,246.85
1963,ORD-2963,2023-08-17,2023-08-21,Second Class,CUST-1362,Aadhya Sharma,Home Office,South,Furniture,Tables,9,0.1,4819.99,385.6
1964,ORD-2964,2023-04-01,2023-04-06,Standard Class,CUST-1363,Diya Rao,Corporate,South,Technology,Accessories,4,0.0,1853.21,277.98
1965,ORD-2965,2024-12-25,2024-12-29,Standard Class,CUST-1364,Krishna Kumar,Consumer,East,Furniture,Chairs,9,0.3,4928.34,0.0
1966,ORD-2966,2024-06-24,2024-06-28,Standard Class,CUST-1365,Kiara Nair,Corporate,West,Office Supplies,Binders,7,0.2,700.29,98.04
1967,ORD-2967,2023-11-03,2023-11-08,Standard Class,CUST-1366,Arjun Chopra,Consumer,North,Office Supplies,Art,7,0.1,696.29,125.33
1968,ORD-2968,2024-05-21,2024-05-25,Second Class,CUST-1367,Navya Iyer,Consumer,South,Furniture,Bookcases,8,0.0,6050.61,726.07
1969,ORD-2969,2024-11-10,2024-11-14,Second Class,CUST-1368,Ira Chopra,Consumer,West,Office Supplies,Labels,6,0.0,589.16,129.62
1970,ORD-2970,2023-07-20,2023-07-27,Standard Class,CUST-1369,Aarav Rao,Corporate,North,Furniture,Furnishings,9,0.3,6959.61,0.0
1971,ORD-2971,2024-11-14,2024-11-19,Standard Class,CUST-1370,Arjun Mehta,Corporate,South,Technology,Phones,3,0.2,2717.66,190.24
1972,ORD-2972,2024-07-27,2024-08-03,Standard Class,CUST-1371,Navya Malhotra,Consumer,North,Furniture,Furnishings,5,0.0,618.26,74.19
1973,ORD-2973,2024-12-24,2024-12-26,First Class,CUST-1372,Ananya Reddy,Consumer,East,Office Supplies,Labels,10,0.15,926.44,148.23
1974,ORD-2974,2024-10-29,2024-11-05,Standard Class,CUST-1373,Aarav Sharma,Consumer,West,Technology,Copiers,6,0.0,1446.35,216.95
1975,ORD-2975,2024-09-08,2024-09-12,Standard Class,CUST-1374,Vihaan Patel,Consumer,West,Technology,Accessories,7,0.0,8466.31,1269.95
1976,ORD-2976,2024-06-06,2024-06-10,Standard Class,CUST-1375,Aditya Joshi,Consumer,North,Technology,Machines,10,0.3,5041.6,151.25
1977,ORD-2977,2023-08-30,2023-09-02,Second Class,CUST-1376,Reyansh Desai,Corporate,West,Office Supplies,Binders,3,0.3,236.42,23.64
1978,ORD-2978,2024-11-18,2024-11-25,Standard Class,CUST-1377,Aarav Nair,Consumer,East,Technology,Accessories,1,0.3,712.38,21.37
1979,ORD-2979,2024-01-08,2024-01-09,First Class,CUST-1378,Rohan Mehta,Consumer,East,Office Supplies,Storage,7,0.0,516.87,113.71
1980,ORD-2980,2023-12-26,2023-12-27,First Class,CUST-1379,Anika Rao,Consumer,South,Technology,Machines,4,0.1,229.1,25.2
1981,ORD-2981,2023-02-11,2023-02-18,Standard Class,CUST-1380,Kiara Patel,Consumer,North,Technology,Accessories,6,0.0,4301.14,645.17
1982,ORD-2982,2023-02-14,2023-02-18,Standard Class,CUST-1381,Aadhya Nair,Consumer,North,Furniture,Bookcases,7,0.0,2576.98,309.24
1983,ORD-2983,2023-12-14,2023-12-18,Standard Class,CUST-1382,Aadhya Iyer,Consumer,South,Furniture,Furnishings,3,0.2,2293.46,91.74
1984,ORD-2984,2023-11-18,2023-11-22,Standard Class,CUST-1383,Riya Sharma,Corporate,North,Technology,Copiers,6,0.0,917.68,137.65
1985,ORD-2985,2024-12-05,2024-12-11,Standard Class,CUST-1384,Krishna Malhotra,Corporate,West,Technology,Machines,12,0.0,15651.68,2347.75
1986,ORD-2986,2024-03-04,2024-03-06,First Class,CUST-1385,Anika Singh,Consumer,West,Technology,Machines,1,0.0,1040.94,156.14
1987,ORD-2987,2023-04-24,2023-04-26,Second Class,CUST-1386,Aditya Reddy,Home Office,North,Furniture,Chairs,12,0.0,3959.05,475.09
1988,ORD-2988,2023-09-11,2023-09-13,Second Class,CUST-1387,Diya Chopra,Consumer,South,Technology,Phones,5,0.1,614.77,67.62
1989,ORD-2989,2023-09-27,2023-10-02,Standard Class,CUST-1388,Ishaan Iyer,Consumer,West,Furniture,Tables,1,0.2,161.0,6.44
1990,ORD-2990,2024-10-04,2024-10-09,Standard Class,CUST-1389,Saanvi Mehta,Consumer,West,Furniture,Bookcases,8,0.3,2820.86,-0.0
1991,ORD-2991,2024-12-03,2024-12-06,Second Class,CUST-1390,Navya Singh,Corporate,South,Technology,Phones,4,0.3,3289.99,98.7
1992,ORD-2992,2023-01-29,2023-02-04,Standard Class,CUST-1391,Rohan Desai,Consumer,East,Office Supplies,Storage,6,0.0,705.59,155.23
1993,ORD-2993,2024-11-10,2024-11-15,Standard Class,CUST-1392,Sai Rao,Consumer,West,Office Supplies,Storage,1,0.0,106.28,23.38
1994,ORD-2994,2023-06-13,2023-06-14,First Class,CUST-1393,Aditya Verma,Corporate,West,Technology,Copiers,9,0.0,710.57,106.59
1995,ORD-2995,2024-08-26,2024-09-02,Standard Class,CUST-1394,Reyansh Gupta,Corporate,East,Technology,Phones,8,0.0,6517.63,977.64
1996,ORD-2996,2023-03-28,2023-03-30,First Class,CUST-1395,Vihaan Verma,Consumer,East,Furniture,Furnishings,10,0.1,3447.36,275.79
1997,ORD-2997,2024-04-05,2024-04-10,Standard Class,CUST-1396,Vihaan Mehta,Corporate,South,Office Supplies,Art,3,0.2,128.94,18.05
1998,ORD-2998,2024-11-09,2024-11-16,Standard Class,CUST-1397,Myra Reddy,Consumer,South,Office Supplies,Labels,2,0.15,173.63,27.78
1999,ORD-2999,2023-07-13,2023-07-19,Standard Class,CUST-1398,Anika Iyer,Consumer,North,Furniture,Chairs,5,0.3,2226.24,-0.0
2000,ORD-3000,2023-08-10,2023-08-16,Standard Class,CUST-1399,Diya Gupta,Consumer,South,Office Supplies,Labels,1,0.0,75.34,16.57
2001,ORD-3001,2023-06-02,2023-06-09,Standard Class,CUST-1000,Reyansh Singh,Consumer,South,Office Supplies,Labels,6,0.0,55.92,12.3
2002,ORD-3002,2023-02-10,2023-02-17,Standard Class,CUST-1001,Ananya Gupta,Consumer,South,Furniture,Furnishings,7,0.0,4517.99,542.16
2003,ORD-3003,2024-05-31,2024-06-07,Standard Class,CUST-1002,Kiara Singh,Consumer,North,Furniture,Tables,10,0.0,8783.15,1053.98
2004,ORD-3004,2024-06-06,2024-06-13,Standard Class,CUST-1003,Kiara Reddy,Corporate,West,Furniture,Tables,11,0.15,6425.55,385.53
2005,ORD-3005,2024-07-30,2024-08-06,Standard Class,CUST-1004,Ananya Singh,Corporate,South,Furniture,Tables,6,0.15,1621.94,97.32
2006,ORD-3006,2024-08-24,2024-08-28,Second Class,CUST-1005,Reyansh Nair,Consumer,West,Furniture,Bookcases,10,0.3,5965.05,0.0
2007,ORD-3007,2023-07-21,2023-07-22,First Class,CUST-1006,Navya Reddy,Home Office,North,Office Supplies,Art,6,0.15,405.98,64.96
2008,ORD-3008,2023-03-11,2023-03-15,Second Class,CUST-1007,Diya Patel,Consumer,North,Office Supplies,Labels,10,0.2,1042.41,145.94
2009,ORD-3009,2024-10-04,2024-10-09,Standard Class,CUST-1008,Anika Desai,Consumer,South,Technology,Machines,11,0.0,11980.4,1797.06
2010,ORD-3010,2024-01-14,2024-01-15,First Class,CUST-1009,Sai Nair,Consumer,East,Technology,Copiers,3,0.0,4102.37,615.36
2011,ORD-3011,2023-12-16,2023-12-21,Standard Class,CUST-1010,Rohan Sharma,Consumer,West,Office Supplies,Paper,8,0.15,111.44,17.83
2012,ORD-3012,2024-10-01,2024-10-07,Standard Class,CUST-1011,Vivaan Malhotra,Corporate,West,Office Supplies,Binders,4,0.0,261.73,57.58
2013,ORD-3013,2023-07-14,2023-07-18,Standard Class,CUST-1012,Sai Gupta,Corporate,North,Office Supplies,Binders,5,0.0,305.37,67.18
2014,ORD-3014,2024-03-22,2024-03-26,Standard Class,CUST-1013,Reyansh Nair,Consumer,West,Office Supplies,Storage,7,0.0,681.91,150.02
2015,ORD-3015,2024-12-14,2024-12-16,Second Class,CUST-1014,Navya Gupta,Corporate,South,Furniture,Chairs,10,0.0,1288.26,154.59
2016,ORD-3016,2024-10-20,2024-10-25,Standard Class,CUST-1015,Rohan Sharma,Consumer,East,Furniture,Bookcases,2,0.15,491.72,29.5
2017,ORD-3017,2023-10-19,2023-10-21,First Class,CUST-1016,Aarav Verma,Home Office,South,Furniture,Chairs,8,0.2,2463.67,98.55
2018,ORD-3018,2024-03-22,2024-03-26,Second Class,CUST-1017,Navya Verma,Consumer,South,Technology,Copiers,12,0.1,16438.81,1808.27
2019,ORD-3019,2023-12-01,2023-12-03,Second Class,CUST-1018,Riya Verma,Home Office,West,Technology,Machines,6,0.15,1231.0,110.79
2020,ORD-3020,2023-03-05,2023-03-07,First Class,CUST-1019,Sai Desai,Consumer,West,Furniture,Bookcases,4,0.3,1156.25,0.0
2021,ORD-3021,2024-02-09,2024-02-16,Standard Class,CUST-1020,Arjun Reddy,Home Office,South,Technology,Accessories,4,0.0,5310.66,796.6
2022,ORD-3022,2024-04-03,2024-04-06,Second Class,CUST-1021,Riya Malhotra,Corporate,North,Technology,Accessories,9,0.15,11643.37,1047.9
2023,ORD-3023,2024-05-26,2024-05-30,Standard Class,CUST-1022,Vivaan Sharma,Consumer,North,Furniture,Bookcases,4,0.0,3050.8,366.1
2024,ORD-3024,2023-05-29,2023-06-03,Standard Class,CUST-1023,Rohan Desai,Consumer,South,Technology,Machines,2,0.1,2878.46,316.63
2025,ORD-3025,2024-12-27,2024-12-30,Second Class,CUST-1024,Navya Gupta,Consumer,East,Office Supplies,Paper,9,0.3,896.0,89.6
2026,ORD-3026,2024-06-12,2024-06-14,Second Class,CUST-1025,Krishna Reddy,Consumer,West,Technology,Phones,8,0.1,6251.02,687.61
2027,ORD-3027,2024-03-12,2024-03-16,Standard Class,CUST-1026,Kiara Chopra,Consumer,East,Office Supplies,Paper,1,0.3,89.85,8.98
2028,ORD-3028,2024-01-19,2024-01-21,Second Class,CUST-1027,Ira Mehta,Corporate,East,Technology,Machines,7,0.0,4185.53,627.83
2029,ORD-3029,2023-09-01,2023-09-04,Second Class,CUST-1028,Ishaan Kumar,Consumer,North,Office Supplies,Labels,5,0.2,173.71,24.32
2030,ORD-3030,2023-12-02,2023-12-05,Second Class,CUST-1029,Vihaan Desai,Consumer,South,Furniture,Furnishings,12,0.0,7887.35,946.48
2031,ORD-3031,2024-11-19,2024-11-24,Standard Class,CUST-1030,Ira Sharma,Consumer,West,Technology,Accessories,6,0.1,4436.54,488.02
2032,ORD-3032,2023-09-25,2023-09-29,Standard Class,CUST-1031,Vivaan Chopra,Corporate,West,Office Supplies,Labels,4,0.1,387.99,69.84
2033,ORD-3033,2024-03-27,2024-04-01,Standard Class,CUST-1032,Krishna Reddy,Corporate,West,Office Supplies,Labels,5,0.0,451.49,99.33
2034,ORD-3034,2023-06-15,2023-06-19,Standard Class,CUST-1033,Reyansh Verma,Corporate,South,Office Supplies,Paper,2,0.3,185.18,18.52
2035,ORD-3035,2023-12-09,2023-12-10,First Class,CUST-1034,Navya Verma,Consumer,East,Office Supplies,Binders,9,0.1,288.07,51.85
2036,ORD-3036,2024-11-24,2024-11-28,Second Class,CUST-1035,Aarav Kumar,Consumer,North,Furniture,Tables,2,0.0,894.29,107.31
2037,ORD-3037,2024-06-29,2024-07-03,Second Class,CUST-1036,Myra Rao,Consumer,West,Furniture,Chairs,1,0.0,251.89,30.23
2038,ORD-3038,2023-09-19,2023-09-23,Standard Class,CUST-1037,Vivaan Malhotra,Consumer,North,Office Supplies,Binders,1,0.1,48.92,8.81
2039,ORD-3039,2023-08-29,2023-08-31,Second Class,CUST-1038,Arjun Joshi,Consumer,South,Technology,Machines,11,0.0,15863.54,2379.53
2040,ORD-3040,2024-05-15,2024-05-16,First Class,CUST-1039,Kiara Iyer,Corporate,West,Technology,Copiers,7,0.0,4116.31,617.45
2041,ORD-3041,2024-09-13,2024-09-16,Second Class,CUST-1040,Sai Sharma,Consumer,East,Office Supplies,Labels,5,0.0,154.27,33.94
2042,ORD-3042,2024-05-28,2024-06-04,Standard Class,CUST-1041,Vihaan Kumar,Home Office,South,Technology,Copiers,9,0.1,12611.96,1387.32
2043,ORD-3043,2023-04-20,2023-04-22,First Class,CUST-1042,Vihaan Malhotra,Corporate,South,Office Supplies,Storage,9,0.0,291.77,64.19
2044,ORD-3044,2024-09-07,2024-09-11,Standard Class,CUST-1043,Aarav Nair,Corporate,North,Furniture,Chairs,4,0.0,2014.32,241.72
2045,ORD-3045,2024-10-12,2024-10-15,Second Class,CUST-1044,Diya Reddy,Consumer,South,Office Supplies,Storage,11,0.15,921.12,147.38
2046,ORD-3046,2024-11-24,2024-11-25,First Class,CUST-1045,Arjun Malhotra,Corporate,South,Technology,Accessories,2,0.15,202.68,18.24
2047,ORD-3047,2024-09-25,2024-10-01,Standard Class,CUST-1046,Vihaan Chopra,Corporate,West,Furniture,Chairs,8,0.2,2865.05,114.6
2048,ORD-3048,2024-12-11,2024-12-15,Standard Class,CUST-1047,Ishaan Gupta,Corporate,East,Office Supplies,Binders,7,0.3,246.01,24.6
2049,ORD-3049,2024-07-30,2024-08-05,Standard Class,CUST-1048,Kiara Malhotra,Home Office,South,Furniture,Chairs,1,0.0,269.36,32.32
2050,ORD-3050,2023-01-30,2023-02-04,Standard Class,CUST-1049,Ira Rao,Corporate,North,Technology,Copiers,8,0.15,9369.42,843.25
2051,ORD-3051,2023-08-22,2023-08-26,Second Class,CUST-1050,Riya Mehta,Corporate,North,Office Supplies,Labels,3,0.1,296.15,53.31
2052,ORD-3052,2024-11-27,2024-12-02,Standard Class,CUST-1051,Ishaan Desai,Consumer,North,Office Supplies,Storage,6,0.15,566.08,90.57
2053,ORD-3053,2024-08-31,2024-09-01,First Class,CUST-1052,Kiara Patel,Consumer,West,Furniture,Tables,4,0.2,2547.95,101.92
2054,ORD-3054,2024-12-06,2024-12-11,Standard Class,CUST-1053,Ananya Patel,Consumer,South,Office Supplies,Paper,2,0.2,33.95,4.75
2055,ORD-3055,2023-01-12,2023-01-15,Second Class,CUST-1054,Diya Rao,Consumer,North,Office Supplies,Labels,3,0.0,352.33,77.51
2056,ORD-3056,2024-07-27,2024-07-31,Standard Class,CUST-1055,Ananya Joshi,Consumer,North,Technology,Phones,10,0.0,4416.95,662.54
2057,ORD-3057,2023-12-04,2023-12-10,Standard Class,CUST-1056,Anika Gupta,Corporate,South,Technology,Machines,12,0.0,9889.12,1483.37
2058,ORD-3058,2023-07-16,2023-07-20,Standard Class,CUST-1057,Reyansh Joshi,Home Office,South,Office Supplies,Paper,12,0.1,504.3,90.77
2059,ORD-3059,2024-05-22,2024-05-24,First Class,CUST-1058,Kiara Malhotra,Corporate,West,Technology,Phones,4,0.2,4671.97,327.04
2060,ORD-3060,2024-12-21,2024-12-28,Standard Class,CUST-1059,Saanvi Patel,Corporate,South,Office Supplies,Storage,10,0.0,402.04,88.45
2061,ORD-3061,2024-08-04,2024-08-10,Standard Class,CUST-1060,Kiara Reddy,Corporate,South,Furniture,Bookcases,6,0.15,4228.21,253.69
2062,ORD-3062,2024-10-30,2024-10-31,First Class,CUST-1061,Aarav Iyer,Consumer,North,Furniture,Chairs,3,0.15,2248.91,134.93
2063,ORD-3063,2024-03-20,2024-03-24,Second Class,CUST-1062,Ishaan Iyer,Consumer,West,Office Supplies,Paper,1,0.0,21.48,4.73
2064,ORD-3064,2023-10-31,2023-11-06,Standard Class,CUST-1063,Krishna Chopra,Consumer,East,Technology,Accessories,11,0.15,5051.47,454.63
2065,ORD-3065,2024-04-15,2024-04-19,Second Class,CUST-1064,Myra Mehta,Consumer,South,Office Supplies,Paper,5,0.15,422.49,67.6
2066,ORD-3066,2024-04-12,2024-04-17,Standard Class,CUST-1065,Rohan Joshi,Corporate,West,Furniture,Tables,12,0.0,9453.57,1134.43
2067,ORD-3067,2024-11-30,2024-12-02,Second Class,CUST-1066,Arjun Iyer,Consumer,North,Furniture,Tables,7,0.15,1095.92,65.76
2068,ORD-3068,2024-02-03,2024-02-08,Standard Class,CUST-1067,Vihaan Sharma,Consumer,South,Furniture,Furnishings,6,0.0,512.22,61.47
2069,ORD-3069,2024-10-27,2024-10-29,First Class,CUST-1068,Arjun Iyer,Corporate,East,Office Supplies,Paper,7,0.1,654.41,117.79
2070,ORD-3070,2024-04-12,2024-04-15,Second Class,CUST-1069,Riya Gupta,Corporate,West,Technology,Accessories,2,0.0,219.09,32.86
2071,ORD-3071,2023-06-19,2023-06-22,Second Class,CUST-1070,Saanvi Desai,Home Office,North,Office Supplies,Storage,10,0.2,460.65,64.49
2072,ORD-3072,2024-05-02,2024-05-09,Standard Class,CUST-1071,Aditya Kumar,Corporate,West,Office Supplies,Binders,8,0.0,652.04,143.45
2073,ORD-3073,2023-08-27,2023-08-31,Second Class,CUST-1072,Reyansh Desai,Home Office,West,Technology,Phones,5,0.0,3999.66,599.95
2074,ORD-3074,2024-11-16,2024-11-23,Standard Class,CUST-1073,Aarav Sharma,Corporate,South,Office Supplies,Binders,10,0.15,213.3,34.13
2075,ORD-3075,2023-05-05,2023-05-12,Standard Class,CUST-1074,Ananya Mehta,Consumer,West,Technology,Machines,7,0.2,2329.8,163.09
2076,ORD-3076,2024-04-16,2024-04-18,First Class,CUST-1075,Navya Kumar,Consumer,West,Furniture,Tables,9,0.1,1104.2,88.34
2077,ORD-3077,2023-01-13,2023-01-19,Standard Class,CUST-1076,Anika Joshi,Home Office,West,Office Supplies,Paper,9,0.15,685.08,109.61
2078,ORD-3078,2023-01-06,2023-01-10,Second Class,CUST-1077,Kiara Gupta,Consumer,East,Furniture,Bookcases,4,0.0,1601.91,192.23
2079,ORD-3079,2023-12-14,2023-12-17,Second Class,CUST-1078,Krishna Joshi,Consumer,West,Office Supplies,Paper,9,0.15,697.44,111.59
2080,ORD-3080,2023-04-19,2023-04-26,Standard Class,CUST-1079,Riya Desai,Corporate,South,Office Supplies,Storage,5,0.15,454.45,72.71
2081,ORD-3081,2023-02-04,2023-02-08,Second Class,CUST-1080,Diya Kumar,Corporate,West,Office Supplies,Art,6,0.0,458.21,100.81
2082,ORD-3082,2024-04-13,2024-04-16,Second Class,CUST-1081,Riya Iyer,Consumer,West,Office Supplies,Binders,9,0.0,373.13,82.09
2083,ORD-3083,2023-04-23,2023-04-28,Standard Class,CUST-1082,Ishaan Singh,Corporate,North,Office Supplies,Labels,8,0.0,288.77,63.53
2084,ORD-3084,2024-04-02,2024-04-03,First Class,CUST-1083,Arjun Malhotra,Home Office,West,Furniture,Furnishings,1,0.0,763.62,91.63
2085,ORD-3085,2023-12-17,2023-12-17,Same Day,CUST-1084,Arjun Rao,Home Office,North,Office Supplies,Art,4,0.15,261.84,41.89
2086,ORD-3086,2024-01-12,2024-01-17,Standard Class,CUST-1085,Navya Malhotra,Consumer,East,Furniture,Furnishings,12,0.1,9083.17,726.65
2087,ORD-3087,2024-12-15,2024-12-17,First Class,CUST-1086,Krishna Rao,Consumer,North,Technology,Machines,11,0.1,2467.59,271.43
2088,ORD-3088,2023-02-14,2023-02-21,Standard Class,CUST-1087,Krishna Singh,Consumer,North,Office Supplies,Art,8,0.1,84.21,15.16
2089,ORD-3089,2023-07-21,2023-07-23,First Class,CUST-1088,Kiara Nair,Consumer,South,Office Supplies,Art,3,0.15,313.01,50.08
2090,ORD-3090,2024-05-28,2024-06-04,Standard Class,CUST-1089,Myra Kumar,Consumer,North,Furniture,Furnishings,6,0.15,4604.34,276.26
2091,ORD-3091,2024-12-03,2024-12-07,Standard Class,CUST-1090,Riya Rao,Corporate,North,Furniture,Tables,9,0.0,7340.26,880.83
2092,ORD-3092,2024-12-16,2024-12-22,Standard Class,CUST-1091,Anika Patel,Consumer,North,Technology,Phones,6,0.0,4501.9,675.28
2093,ORD-3093,2024-10-27,2024-10-29,First Class,CUST-1092,Riya Verma,Corporate,South,Office Supplies,Art,2,0.0,198.32,43.63
2094,ORD-3094,2024-04-30,2024-05-07,Standard Class,CUST-1093,Diya Gupta,Home Office,South,Technology,Copiers,1,0.1,529.56,58.25
2095,ORD-3095,2023-11-25,2023-12-01,Standard Class,CUST-1094,Myra Kumar,Corporate,North,Office Supplies,Storage,3,0.1,182.3,32.81
2096,ORD-3096,2023-05-26,2023-06-02,Standard Class,CUST-1095,Ira Gupta,Consumer,South,Office Supplies,Labels,10,0.1,569.9,102.58
2097,ORD-3097,2023-02-05,2023-02-09,Standard Class,CUST-1096,Riya Sharma,Home Office,West,Furniture,Furnishings,4,0.0,852.1,102.25
2098,ORD-3098,2023-09-02,2023-09-08,Standard Class,CUST-1097,Aarav Nair,Corporate,North,Furniture,Chairs,6,0.1,1666.3,133.3
2099,ORD-3099,2023-12-31,2024-01-04,Second Class,CUST-1098,Ishaan Reddy,Consumer,South,Office Supplies,Storage,8,0.3,474.49,47.45
2100,ORD-3100,2024-12-30,2025-01-01,First Class,CUST-1099,Aadhya Desai,Home Office,East,Office Supplies,Art,4,0.15,108.42,17.35
2101,ORD-3101,2024-11-11,2024-11-13,Second Class,CUST-1100,Vivaan Chopra,Consumer,South,Office Supplies,Paper,2,0.15,174.28,27.88
2102,ORD-3102,2023-11-10,2023-11-12,First Class,CUST-1101,Navya Patel,Consumer,South,Technology,Accessories,3,0.1,3675.15,404.27
2103,ORD-3103,2024-05-07,2024-05-08,First Class,CUST-1102,Arjun Joshi,Consumer,West,Technology,Phones,8,0.15,1025.94,92.33
2104,ORD-3104,2023-01-10,2023-01-17,Standard Class,CUST-1103,Diya Joshi,Home Office,West,Office Supplies,Binders,2,0.15,148.79,23.81
2105,ORD-3105,2023-10-05,2023-10-10,Standard Class,CUST-1104,Krishna Mehta,Consumer,North,Furniture,Furnishings,4,0.0,3552.15,426.26
2106,ORD-3106,2023-11-27,2023-11-29,Second Class,CUST-1105,Ananya Reddy,Consumer,East,Technology,Phones,10,0.0,1450.41,217.56
2107,ORD-3107,2023-10-17,2023-10-24,Standard Class,CUST-1106,Ira Singh,Consumer,North,Technology,Phones,12,0.2,8995.38,629.68
2108,ORD-3108,2023-09-29,2023-10-01,Second Class,CUST-1107,Kiara Iyer,Consumer,South,Technology,Phones,2,0.15,1972.33,177.51
2109,ORD-3109,2023-08-14,2023-08-18,Standard Class,CUST-1108,Diya Iyer,Consumer,South,Office Supplies,Art,4,0.0,162.59,35.77
2110,ORD-3110,2024-02-21,2024-02-23,Second Class,CUST-1109,Arjun Mehta,Consumer,South,Office Supplies,Labels,5,0.3,393.11,39.31
2111,ORD-3111,2024-08-06,2024-08-08,Second Class,CUST-1110,Ananya Kumar,Home Office,North,Office Supplies,Labels,3,0.0,295.26,64.96
2112,ORD-3112,2023-08-15,2023-08-21,Standard Class,CUST-1111,Krishna Mehta,Home Office,North,Office Supplies,Paper,12,0.0,494.78,108.85
2113,ORD-3113,2023-04-02,2023-04-04,Second Class,CUST-1112,Ananya Mehta,Home Office,East,Technology,Phones,2,0.0,2519.06,377.86
2114,ORD-3114,2023-10-01,2023-10-08,Standard Class,CUST-1113,Sai Chopra,Corporate,North,Furniture,Furnishings,12,0.0,1033.36,124.0
2115,ORD-3115,2023-11-23,2023-11-27,Standard Class,CUST-1114,Myra Verma,Home Office,South,Technology,Copiers,1,0.0,833.59,125.04
2116,ORD-3116,2024-08-25,2024-08-27,Second Class,CUST-1115,Aadhya Joshi,Consumer,North,Office Supplies,Paper,8,0.0,853.93,187.86
2117,ORD-3117,2023-06-19,2023-06-26,Standard Class,CUST-1116,Aadhya Joshi,Consumer,South,Office Supplies,Binders,4,0.0,347.4,76.43
2118,ORD-3118,2023-03-08,2023-03-15,Standard Class,CUST-1117,Reyansh Reddy,Consumer,West,Technology,Machines,2,0.15,395.23,35.57
2119,ORD-3119,2024-08-02,2024-08-06,Second Class,CUST-1118,Krishna Chopra,Consumer,East,Office Supplies,Art,4,0.2,154.91,21.69
2120,ORD-3120,2024-10-14,2024-10-16,Second Class,CUST-1119,Ananya Reddy,Consumer,North,Furniture,Tables,8,0.0,6660.83,799.3
2121,ORD-3121,2024-02-11,2024-02-16,Standard Class,CUST-1120,Ira Rao,Consumer,North,Office Supplies,Art,8,0.0,111.28,24.48
2122,ORD-3122,2023-06-02,2023-06-06,Second Class,CUST-1121,Vivaan Verma,Consumer,West,Furniture,Tables,12,0.1,10373.38,829.87
2123,ORD-3123,2023-01-27,2023-02-03,Standard Class,CUST-1122,Vivaan Desai,Corporate,South,Office Supplies,Labels,9,0.15,966.0,154.56
2124,ORD-3124,2024-12-04,2024-12-08,Standard Class,CUST-1123,Saanvi Nair,Consumer,North,Technology,Accessories,10,0.15,6451.72,580.65
2125,ORD-3125,2023-08-04,2023-08-09,Standard Class,CUST-1124,Ananya Reddy,Home Office,South,Technology,Machines,10,0.1,6493.2,714.25
2126,ORD-3126,2023-05-30,2023-06-04,Standard Class,CUST-1125,Krishna Joshi,Corporate,West,Furniture,Furnishings,5,0.2,3142.56,125.7
2127,ORD-3127,2024-11-29,2024-12-06,Standard Class,CUST-1126,Aadhya Nair,Consumer,North,Technology,Accessories,7,0.0,9864.01,1479.6
2128,ORD-3128,2024-02-10,2024-02-10,Same Day,CUST-1127,Ira Gupta,Corporate,West,Office Supplies,Labels,5,0.2,350.0,49.0
2129,ORD-3129,2023-03-27,2023-03-31,Standard Class,CUST-1128,Rohan Patel,Corporate,South,Technology,Copiers,1,0.15,363.28,32.7
2130,ORD-3130,2024-07-11,2024-07-15,Standard Class,CUST-1129,Arjun Joshi,Consumer,South,Technology,Machines,4,0.0,5822.77,873.42
2131,ORD-3131,2023-01-29,2023-02-05,Standard Class,CUST-1130,Arjun Singh,Consumer,North,Office Supplies,Storage,10,0.0,224.69,49.43
2132,ORD-3132,2024-11-26,2024-11-30,Standard Class,CUST-1131,Sai Singh,Consumer,West,Office Supplies,Paper,2,0.0,220.48,48.51
2133,ORD-3133,2024-09-10,2024-09-14,Standard Class,CUST-1132,Riya Chopra,Consumer,West,Furniture,Furnishings,12,0.15,1045.93,62.76
2134,ORD-3134,2023-12-17,2023-12-18,First Class,CUST-1133,Anika Singh,Home Office,West,Technology,Accessories,5,0.15,3772.03,339.48
2135,ORD-3135,2023-11-17,2023-11-17,Same Day,CUST-1134,Vivaan Desai,Consumer,South,Office Supplies,Binders,12,0.0,684.03,150.49
2136,ORD-3136,2023-02-24,2023-02-28,Standard Class,CUST-1135,Reyansh Patel,Home Office,North,Technology,Phones,11,0.0,3400.6,510.09
2137,ORD-3137,2023-01-26,2023-02-01,Standard Class,CUST-1136,Krishna Gupta,Consumer,East,Technology,Accessories,11,0.0,11896.81,1784.52
2138,ORD-3138,2023-06-17,2023-06-21,Standard Class,CUST-1137,Anika Desai,Consumer,North,Office Supplies,Labels,12,0.0,1288.94,283.57
2139,ORD-3139,2024-06-01,2024-06-04,Second Class,CUST-1138,Aadhya Chopra,Corporate,West,Technology,Copiers,3,0.0,1541.39,231.21
2140,ORD-3140,2024-03-18,2024-03-24,Standard Class,CUST-1139,Myra Joshi,Corporate,West,Furniture,Chairs,6,0.15,1439.07,86.34
2141,ORD-3141,2024-09-14,2024-09-21,Standard Class,CUST-1140,Ananya Sharma,Consumer,West,Furniture,Bookcases,9,0.0,2634.8,316.18
2142,ORD-3142,2024-05-31,2024-06-03,Second Class,CUST-1141,Aarav Joshi,Corporate,South,Office Supplies,Binders,8,0.0,647.09,142.36
2143,ORD-3143,2023-01-08,2023-01-08,Same Day,CUST-1142,Krishna Desai,Corporate,West,Office Supplies,Art,12,0.2,299.49,41.93
2144,ORD-3144,2024-01-05,2024-01-09,Standard Class,CUST-1143,Reyansh Rao,Consumer,West,Furniture,Tables,7,0.0,3626.1,435.13
2145,ORD-3145,2023-02-12,2023-02-19,Standard Class,CUST-1144,Aditya Chopra,Home Office,North,Office Supplies,Storage,2,0.0,163.71,36.02
2146,ORD-3146,2024-06-06,2024-06-06,Same Day,CUST-1145,Ishaan Rao,Consumer,West,Office Supplies,Binders,1,0.1,78.5,14.13
2147,ORD-3147,2024-08-14,2024-08-20,Standard Class,CUST-1146,Aadhya Iyer,Home Office,North,Technology,Machines,12,0.1,15807.97,1738.88
2148,ORD-3148,2024-08-01,2024-08-05,Standard Class,CUST-1147,Aadhya Patel,Consumer,North,Office Supplies,Labels,6,0.1,631.13,113.6
2149,ORD-3149,2024-11-12,2024-11-17,Standard Class,CUST-1148,Anika Rao,Home Office,North,Technology,Machines,3,0.0,1553.29,232.99
2150,ORD-3150,2024-10-13,2024-10-18,Standard Class,CUST-1149,Krishna Reddy,Corporate,East,Office Supplies,Labels,12,0.0,301.02,66.22
2151,ORD-3151,2024-12-18,2024-12-20,First Class,CUST-1150,Krishna Mehta,Consumer,East,Furniture,Bookcases,9,0.15,3512.99,210.78
2152,ORD-3152,2024-06-30,2024-07-07,Standard Class,CUST-1151,Saanvi Malhotra,Corporate,North,Office Supplies,Labels,11,0.1,924.69,166.44
2153,ORD-3153,2024-02-19,2024-02-21,First Class,CUST-1152,Krishna Rao,Home Office,West,Office Supplies,Storage,5,0.0,564.97,124.29
2154,ORD-3154,2023-07-19,2023-07-24,Standard Class,CUST-1153,Reyansh Patel,Consumer,West,Furniture,Tables,12,0.0,10651.9,1278.23
2155,ORD-3155,2023-07-19,2023-07-22,Second Class,CUST-1154,Rohan Singh,Consumer,North,Office Supplies,Storage,5,0.0,562.06,123.65
2156,ORD-3156,2023-10-28,2023-11-01,Standard Class,CUST-1155,Navya Kumar,Corporate,South,Office Supplies,Paper,12,0.0,1241.68,273.17
2157,ORD-3157,2023-06-15,2023-06-17,Second Class,CUST-1156,Sai Desai,Corporate,North,Technology,Machines,5,0.2,4232.92,296.3
2158,ORD-3158,2024-03-27,2024-03-28,First Class,CUST-1157,Diya Malhotra,Corporate,South,Office Supplies,Labels,11,0.0,204.59,45.01
2159,ORD-3159,2023-09-25,2023-09-30,Standard Class,CUST-1158,Riya Gupta,Home Office,West,Furniture,Tables,11,0.2,8438.49,337.54
2160,ORD-3160,2023-04-04,2023-04-10,Standard Class,CUST-1159,Saanvi Gupta,Corporate,South,Office Supplies,Paper,5,0.0,52.28,11.5
2161,ORD-3161,2023-01-14,2023-01-19,Standard Class,CUST-1160,Ira Joshi,Corporate,East,Office Supplies,Binders,7,0.0,393.93,86.66
2162,ORD-3162,2024-10-05,2024-10-09,Standard Class,CUST-1161,Aarav Verma,Consumer,South,Office Supplies,Storage,2,0.3,75.75,7.57
2163,ORD-3163,2023-02-23,2023-02-23,Same Day,CUST-1162,Anika Singh,Corporate,West,Furniture,Furnishings,11,0.0,2085.65,250.28
2164,ORD-3164,2023-05-25,2023-05-26,First Class,CUST-1163,Kiara Kumar,Corporate,West,Office Supplies,Art,5,0.0,560.58,123.33
2165,ORD-3165,2023-09-21,2023-09-25,Second Class,CUST-1164,Navya Desai,Consumer,East,Furniture,Furnishings,7,0.0,948.77,113.85
2166,ORD-3166,2024-11-06,2024-11-09,Second Class,CUST-1165,Sai Mehta,Corporate,South,Technology,Copiers,4,0.1,2882.44,317.07
2167,ORD-3167,2024-03-20,2024-03-25,Standard Class,CUST-1166,Ishaan Chopra,Consumer,South,Office Supplies,Binders,11,0.2,428.0,59.92
2168,ORD-3168,2023-08-31,2023-09-03,Second Class,CUST-1167,Aadhya Mehta,Corporate,West,Technology,Accessories,11,0.1,766.78,84.35
2169,ORD-3169,2024-11-23,2024-11-30,Standard Class,CUST-1168,Sai Verma,Consumer,West,Furniture,Furnishings,1,0.15,145.78,8.75
2170,ORD-3170,2023-04-17,2023-04-23,Standard Class,CUST-1169,Anika Reddy,Consumer,West,Furniture,Bookcases,10,0.0,5992.26,719.07
2171,ORD-3171,2024-08-27,2024-08-28,First Class,CUST-1170,Ananya Iyer,Home Office,West,Technology,Copiers,4,0.15,3293.56,296.42
2172,ORD-3172,2023-12-05,2023-12-10,Standard Class,CUST-1171,Riya Rao,Home Office,North,Office Supplies,Labels,11,0.15,849.46,135.91
2173,ORD-3173,2024-09-28,2024-10-02,Standard Class,CUST-1172,Ira Nair,Consumer,East,Technology,Copiers,8,0.1,11079.75,1218.77
2174,ORD-3174,2023-12-14,2023-12-19,Standard Class,CUST-1173,Aditya Gupta,Corporate,South,Furniture,Bookcases,5,0.2,929.06,37.16
2175,ORD-3175,2023-03-12,2023-03-16,Standard Class,CUST-1174,Sai Mehta,Consumer,North,Technology,Copiers,5,0.15,5244.73,472.03
2176,ORD-3176,2024-06-07,2024-06-14,Standard Class,CUST-1175,Aditya Kumar,Consumer,North,Technology,Accessories,10,0.1,6797.7,747.75
2177,ORD-3177,2024-11-05,2024-11-11,Standard Class,CUST-1176,Saanvi Sharma,Consumer,South,Office Supplies,Labels,4,0.0,401.01,88.22
2178,ORD-3178,2023-03-30,2023-04-03,Standard Class,CUST-1177,Aarav Joshi,Consumer,South,Office Supplies,Art,10,0.1,145.73,26.23
2179,ORD-3179,2024-12-01,2024-12-01,Same Day,CUST-1178,Aadhya Iyer,Consumer,North,Furniture,Furnishings,8,0.0,5777.28,693.27
2180,ORD-3180,2024-01-01,2024-01-01,Same Day,CUST-1179,Vihaan Mehta,Consumer,South,Technology,Accessories,6,0.15,1965.17,176.87
2181,ORD-3181,2023-05-24,2023-05-29,Standard Class,CUST-1180,Ira Chopra,Consumer,North,Office Supplies,Paper,3,0.2,95.01,13.3
2182,ORD-3182,2023-11-15,2023-11-19,Standard Class,CUST-1181,Ishaan Sharma,Consumer,East,Office Supplies,Binders,7,0.0,675.49,148.61
2183,ORD-3183,2023-11-01,2023-11-02,First Class,CUST-1182,Aadhya Patel,Home Office,South,Office Supplies,Binders,9,0.0,805.48,177.21
2184,ORD-3184,2023-06-28,2023-07-05,Standard Class,CUST-1183,Vivaan Gupta,Home Office,North,Office Supplies,Art,4,0.1,365.2,65.74
2185,ORD-3185,2023-06-14,2023-06-18,Standard Class,CUST-1184,Riya Patel,Corporate,North,Office Supplies,Labels,10,0.0,144.93,31.88
2186,ORD-3186,2023-11-18,2023-11-22,Second Class,CUST-1185,Arjun Singh,Consumer,South,Technology,Machines,10,0.0,14543.75,2181.56
2187,ORD-3187,2024-05-22,2024-05-28,Standard Class,CUST-1186,Myra Malhotra,Corporate,South,Office Supplies,Binders,8,0.2,337.38,47.23
2188,ORD-3188,2023-08-22,2023-08-26,Second Class,CUST-1187,Anika Chopra,Home Office,North,Office Supplies,Storage,1,0.1,81.95,14.75
2189,ORD-3189,2023-09-05,2023-09-12,Standard Class,CUST-1188,Rohan Sharma,Consumer,West,Furniture,Tables,12,0.15,5496.31,329.78
2190,ORD-3190,2024-05-07,2024-05-09,Second Class,CUST-1189,Reyansh Rao,Corporate,North,Office Supplies,Paper,3,0.2,258.77,36.23
2191,ORD-3191,2024-11-27,2024-12-04,Standard Class,CUST-1190,Kiara Verma,Consumer,West,Office Supplies,Labels,12,0.0,1213.47,266.96
2192,ORD-3192,2023-02-14,2023-02-16,Second Class,CUST-1191,Ananya Mehta,Consumer,South,Technology,Copiers,6,0.2,1235.29,86.47
2193,ORD-3193,2023-07-11,2023-07-15,Second Class,CUST-1192,Aditya Mehta,Consumer,West,Technology,Accessories,3,0.2,3040.19,212.81
2194,ORD-3194,2024-12-17,2024-12-19,Second Class,CUST-1193,Anika Joshi,Consumer,East,Office Supplies,Labels,10,0.0,900.45,198.1
2195,ORD-3195,2023-06-15,2023-06-16,First Class,CUST-1194,Sai Gupta,Corporate,North,Technology,Copiers,6,0.0,3971.02,595.65
2196,ORD-3196,2024-05-09,2024-05-13,Standard Class,CUST-1195,Vihaan Malhotra,Consumer,East,Technology,Phones,10,0.0,13002.75,1950.41
2197,ORD-3197,2024-11-14,2024-11-21,Standard Class,CUST-1196,Reyansh Reddy,Consumer,West,Furniture,Tables,7,0.1,3162.57,253.01
2198,ORD-3198,2024-06-17,2024-06-21,Second Class,CUST-1197,Reyansh Rao,Home Office,North,Technology,Phones,12,0.0,4393.23,658.98
2199,ORD-3199,2023-11-08,2023-11-12,Second Class,CUST-1198,Ananya Rao,Consumer,West,Furniture,Bookcases,7,0.0,1024.16,122.9
2200,ORD-3200,2024-12-04,2024-12-08,Second Class,CUST-1199,Aadhya Gupta,Consumer,West,Office Supplies,Labels,11,0.3,435.5,43.55
2201,ORD-3201,2023-04-07,2023-04-10,Second Class,CUST-1200,Reyansh Joshi,Consumer,North,Technology,Copiers,7,0.15,4136.75,372.31
2202,ORD-3202,2024-06-03,2024-06-09,Standard Class,CUST-1201,Aarav Singh,Corporate,North,Office Supplies,Storage,4,0.0,246.01,54.12
2203,ORD-3203,2024-05-17,2024-05-24,Standard Class,CUST-1202,Ishaan Chopra,Corporate,South,Office Supplies,Binders,6,0.0,505.6,111.23
2204,ORD-3204,2023-09-13,2023-09-17,Standard Class,CUST-1203,Saanvi Reddy,Consumer,South,Office Supplies,Binders,3,0.1,300.45,54.08
2205,ORD-3205,2023-09-01,2023-09-08,Standard Class,CUST-1204,Kiara Iyer,Consumer,West,Technology,Phones,8,0.15,3108.21,279.74
2206,ORD-3206,2023-05-21,2023-05-26,Standard Class,CUST-1205,Ananya Joshi,Consumer,West,Technology,Copiers,5,0.2,5786.53,405.06
2207,ORD-3207,2023-11-24,2023-11-25,First Class,CUST-1206,Navya Kumar,Consumer,West,Technology,Copiers,7,0.3,7494.74,224.84
2208,ORD-3208,2024-12-15,2024-12-20,Standard Class,CUST-1207,Reyansh Mehta,Consumer,South,Office Supplies,Art,12,0.3,985.46,98.55
2209,ORD-3209,2023-04-30,2023-05-04,Standard Class,CUST-1208,Navya Malhotra,Consumer,South,Furniture,Furnishings,6,0.1,3669.57,293.57
2210,ORD-3210,2024-12-30,2025-01-01,Second Class,CUST-1209,Riya Mehta,Consumer,West,Furniture,Chairs,7,0.0,2833.14,339.98
2211,ORD-3211,2023-08-17,2023-08-23,Standard Class,CUST-1210,Kiara Joshi,Consumer,North,Furniture,Furnishings,2,0.15,1060.11,63.61
2212,ORD-3212,2023-07-18,2023-07-24,Standard Class,CUST-1211,Ira Singh,Consumer,South,Furniture,Bookcases,2,0.3,731.32,0.0
2213,ORD-3213,2024-03-15,2024-03-22,Standard Class,CUST-1212,Riya Malhotra,Home Office,North,Furniture,Tables,3,0.0,1279.16,153.5
2214,ORD-3214,2024-12-03,2024-12-07,Second Class,CUST-1213,Saanvi Verma,Home Office,South,Furniture,Chairs,6,0.0,3473.31,416.8
2215,ORD-3215,2023-02-05,2023-02-06,First Class,CUST-1214,Krishna Joshi,Consumer,South,Technology,Machines,5,0.15,6086.2,547.76
2216,ORD-3216,2024-07-21,2024-07-27,Standard Class,CUST-1215,Aditya Kumar,Home Office,North,Furniture,Bookcases,4,0.0,790.52,94.86
2217,ORD-3217,2023-04-17,2023-04-21,Second Class,CUST-1216,Aarav Mehta,Corporate,West,Office Supplies,Paper,5,0.0,357.01,78.54
2218,ORD-3218,2024-11-30,2024-11-30,Same Day,CUST-1217,Saanvi Rao,Corporate,West,Furniture,Furnishings,7,0.2,722.12,28.88
2219,ORD-3219,2023-11-14,2023-11-21,Standard Class,CUST-1218,Rohan Patel,Corporate,North,Office Supplies,Art,11,0.1,291.92,52.55
2220,ORD-3220,2024-12-08,2024-12-12,Standard Class,CUST-1219,Saanvi Singh,Corporate,East,Office Supplies,Art,9,0.3,45.11,4.51
2221,ORD-3221,2023-05-01,2023-05-06,Standard Class,CUST-1220,Kiara Rao,Consumer,West,Furniture,Furnishings,8,0.0,3303.31,396.4
2222,ORD-3222,2024-03-30,2024-04-01,First Class,CUST-1221,Reyansh Nair,Consumer,South,Furniture,Tables,1,0.1,378.32,30.27
2223,ORD-3223,2024-11-09,2024-11-10,First Class,CUST-1222,Rohan Mehta,Consumer,South,Office Supplies,Art,7,0.15,232.36,37.18
2224,ORD-3224,2024-04-08,2024-04-12,Standard Class,CUST-1223,Anika Kumar,Home Office,North,Office Supplies,Storage,3,0.15,120.79,19.33
2225,ORD-3225,2024-06-17,2024-06-24,Standard Class,CUST-1224,Krishna Malhotra,Consumer,North,Technology,Phones,4,0.0,2054.65,308.2
2226,ORD-3226,2024-10-26,2024-10-30,Standard Class,CUST-1225,Anika Chopra,Home Office,East,Technology,Phones,4,0.0,1495.37,224.31
2227,ORD-3227,2023-11-24,2023-11-26,First Class,CUST-1226,Saanvi Singh,Corporate,South,Furniture,Bookcases,12,0.0,3331.88,399.83
2228,ORD-3228,2023-05-22,2023-05-23,First Class,CUST-1227,Ananya Chopra,Consumer,South,Furniture,Chairs,8,0.0,6237.19,748.46
2229,ORD-3229,2024-11-24,2024-12-01,Standard Class,CUST-1228,Saanvi Malhotra,Consumer,West,Office Supplies,Art,3,0.0,252.37,55.52
2230,ORD-3230,2024-05-07,2024-05-12,Standard Class,CUST-1229,Navya Reddy,Corporate,West,Technology,Accessories,11,0.15,12062.53,1085.63
2231,ORD-3231,2024-09-17,2024-09-19,Second Class,CUST-1230,Sai Desai,Corporate,East,Technology,Phones,12,0.2,11967.51,837.73
2232,ORD-3232,2024-01-05,2024-01-06,First Class,CUST-1231,Krishna Verma,Consumer,South,Furniture,Tables,5,0.0,3539.87,424.78
2233,ORD-3233,2024-06-01,2024-06-08,Standard Class,CUST-1232,Kiara Mehta,Home Office,South,Office Supplies,Storage,9,0.2,392.83,55.0
2234,ORD-3234,2023-04-05,2023-04-12,Standard Class,CUST-1233,Navya Nair,Corporate,West,Technology,Phones,9,0.0,8607.64,1291.15
2235,ORD-3235,2023-08-04,2023-08-09,Standard Class,CUST-1234,Rohan Nair,Consumer,North,Office Supplies,Art,8,0.0,651.23,143.27
2236,ORD-3236,2024-07-21,2024-07-27,Standard Class,CUST-1235,Aarav Singh,Home Office,North,Office Supplies,Art,4,0.1,200.21,36.04
2237,ORD-3237,2023-10-16,2023-10-19,Second Class,CUST-1236,Krishna Rao,Consumer,East,Office Supplies,Paper,11,0.3,1135.34,113.53
2238,ORD-3238,2024-03-17,2024-03-24,Standard Class,CUST-1237,Aditya Patel,Consumer,West,Furniture,Bookcases,1,0.3,470.84,0.0
2239,ORD-3239,2024-08-11,2024-08-15,Standard Class,CUST-1238,Aditya Sharma,Consumer,West,Furniture,Chairs,7,0.15,4542.55,272.55
2240,ORD-3240,2023-01-07,2023-01-10,Second Class,CUST-1239,Reyansh Kumar,Consumer,East,Office Supplies,Art,11,0.2,1132.61,158.57
2241,ORD-3241,2024-03-02,2024-03-03,First Class,CUST-1240,Krishna Rao,Home Office,South,Office Supplies,Storage,3,0.0,163.55,35.98
2242,ORD-3242,2024-06-21,2024-06-22,First Class,CUST-1241,Aarav Joshi,Consumer,South,Technology,Phones,8,0.0,4748.4,712.26
2243,ORD-3243,2024-03-11,2024-03-13,Second Class,CUST-1242,Vihaan Iyer,Home Office,North,Office Supplies,Paper,2,0.0,142.23,31.29
2244,ORD-3244,2023-10-27,2023-10-29,Second Class,CUST-1243,Navya Verma,Consumer,East,Furniture,Tables,6,0.2,4086.93,163.48
2245,ORD-3245,2024-07-14,2024-07-14,Same Day,CUST-1244,Ananya Malhotra,Consumer,West,Furniture,Furnishings,1,0.0,471.33,56.56
2246,ORD-3246,2023-09-02,2023-09-06,Second Class,CUST-1245,Sai Iyer,Consumer,West,Office Supplies,Paper,5,0.0,493.1,108.48
2247,ORD-3247,2023-10-30,2023-11-05,Standard Class,CUST-1246,Ishaan Singh,Consumer,West,Technology,Accessories,10,0.1,12341.47,1357.56
2248,ORD-3248,2023-07-15,2023-07-19,Standard Class,CUST-1247,Aadhya Joshi,Home Office,North,Office Supplies,Storage,4,0.0,291.76,64.19
2249,ORD-3249,2023-10-06,2023-10-10,Standard Class,CUST-1248,Ananya Verma,Consumer,South,Office Supplies,Binders,9,0.0,263.8,58.04
2250,ORD-3250,2023-10-23,2023-10-29,Standard Class,CUST-1249,Myra Patel,Corporate,East,Furniture,Chairs,12,0.0,1057.28,126.87
2251,ORD-3251,2023-12-04,2023-12-10,Standard Class,CUST-1250,Saanvi Nair,Corporate,South,Furniture,Bookcases,1,0.0,442.84,53.14
2252,ORD-3252,2023-04-17,2023-04-23,Standard Class,CUST-1251,Anika Joshi,Consumer,East,Office Supplies,Paper,3,0.15,296.88,47.5
2253,ORD-3253,2023-08-10,2023-08-12,Second Class,CUST-1252,Ananya Iyer,Consumer,West,Furniture,Chairs,8,0.1,2997.25,239.78
2254,ORD-3254,2024-03-13,2024-03-14,First Class,CUST-1253,Navya Verma,Consumer,South,Furniture,Bookcases,4,0.0,1429.63,171.56
2255,ORD-3255,2023-01-12,2023-01-19,Standard Class,CUST-1254,Saanvi Sharma,Corporate,East,Technology,Accessories,9,0.1,2818.91,310.08
2256,ORD-3256,2024-12-22,2024-12-24,Second Class,CUST-1255,Kiara Reddy,Consumer,North,Office Supplies,Labels,5,0.0,140.98,31.02
2257,ORD-3257,2023-02-10,2023-02-11,First Class,CUST-1256,Saanvi Rao,Consumer,South,Office Supplies,Labels,6,0.0,682.61,150.17
2258,ORD-3258,2024-12-04,2024-12-06,First Class,CUST-1257,Riya Verma,Corporate,South,Furniture,Furnishings,1,0.0,505.49,60.66
2259,ORD-3259,2024-10-01,2024-10-03,First Class,CUST-1258,Anika Joshi,Corporate,West,Furniture,Tables,9,0.15,3903.67,234.22
2260,ORD-3260,2024-06-02,2024-06-07,Standard Class,CUST-1259,Ananya Iyer,Consumer,North,Furniture,Chairs,9,0.0,7488.93,898.67
2261,ORD-3261,2024-07-29,2024-07-29,Same Day,CUST-1260,Riya Verma,Consumer,West,Office Supplies,Paper,10,0.0,79.71,17.54
2262,ORD-3262,2024-01-12,2024-01-14,First Class,CUST-1261,Reyansh Verma,Consumer,East,Furniture,Bookcases,9,0.0,3087.98,370.56
2263,ORD-3263,2023-09-19,2023-09-23,Standard Class,CUST-1262,Ishaan Sharma,Consumer,West,Furniture,Bookcases,8,0.2,2880.65,115.23
2264,ORD-3264,2023-11-16,2023-11-21,Standard Class,CUST-1263,Sai Gupta,Consumer,North,Technology,Copiers,12,0.15,6059.76,545.38
2265,ORD-3265,2023-10-01,2023-10-03,First Class,CUST-1264,Vihaan Malhotra,Consumer,East,Office Supplies,Labels,11,0.0,662.76,145.81
2266,ORD-3266,2024-01-11,2024-01-16,Standard Class,CUST-1265,Aditya Desai,Home Office,West,Technology,Accessories,1,0.15,1396.38,125.67
2267,ORD-3267,2024-03-16,2024-03-21,Standard Class,CUST-1266,Vihaan Iyer,Consumer,South,Furniture,Bookcases,5,0.3,3827.81,0.0
2268,ORD-3268,2023-03-02,2023-03-04,First Class,CUST-1267,Kiara Reddy,Corporate,North,Technology,Copiers,3,0.3,1869.6,56.09
2269,ORD-3269,2023-04-16,2023-04-18,Second Class,CUST-1268,Rohan Gupta,Consumer,North,Technology,Phones,12,0.0,11170.32,1675.55
2270,ORD-3270,2024-02-21,2024-02-24,Second Class,CUST-1269,Rohan Singh,Consumer,North,Technology,Copiers,2,0.0,773.19,115.98
2271,ORD-3271,2024-05-09,2024-05-09,Same Day,CUST-1270,Anika Gupta,Corporate,South,Technology,Copiers,11,0.0,10444.65,1566.7
2272,ORD-3272,2023-07-09,2023-07-16,Standard Class,CUST-1271,Aditya Rao,Home Office,North,Office Supplies,Labels,3,0.2,264.07,36.97
2273,ORD-3273,2024-03-21,2024-03-23,Second Class,CUST-1272,Ishaan Gupta,Consumer,South,Office Supplies,Storage,11,0.3,181.19,18.12
2274,ORD-3274,2023-03-17,2023-03-17,Same Day,CUST-1273,Vivaan Reddy,Consumer,East,Office Supplies,Binders,8,0.2,137.7,19.28
2275,ORD-3275,2023-12-07,2023-12-13,Standard Class,CUST-1274,Diya Joshi,Consumer,North,Furniture,Chairs,6,0.0,5310.34,637.24
2276,ORD-3276,2024-06-28,2024-07-05,Standard Class,CUST-1275,Riya Mehta,Corporate,West,Office Supplies,Paper,12,0.3,599.64,59.96
2277,ORD-3277,2024-02-13,2024-02-19,Standard Class,CUST-1276,Diya Verma,Consumer,South,Furniture,Tables,8,0.0,5890.22,706.83
2278,ORD-3278,2023-09-14,2023-09-21,Standard Class,CUST-1277,Ishaan Malhotra,Consumer,North,Technology,Accessories,6,0.3,796.61,23.9
2279,ORD-3279,2023-04-25,2023-04-30,Standard Class,CUST-1278,Ananya Gupta,Consumer,North,Technology,Copiers,12,0.0,6435.72,965.36
2280,ORD-3280,2024-04-05,2024-04-11,Standard Class,CUST-1279,Vihaan Gupta,Consumer,East,Furniture,Chairs,10,0.0,6708.44,805.01
2281,ORD-3281,2023-11-06,2023-11-07,First Class,CUST-1280,Anika Verma,Corporate,West,Technology,Phones,8,0.0,496.12,74.42
2282,ORD-3282,2023-12-04,2023-12-08,Standard Class,CUST-1281,Reyansh Patel,Consumer,West,Office Supplies,Labels,12,0.2,497.34,69.63
2283,ORD-3283,2023-12-14,2023-12-21,Standard Class,CUST-1282,Vivaan Joshi,Corporate,West,Furniture,Furnishings,3,0.0,2605.12,312.61
2284,ORD-3284,2024-03-04,2024-03-05,First Class,CUST-1283,Aadhya Iyer,Home Office,North,Office Supplies,Paper,7,0.15,144.27,23.08
2285,ORD-3285,2023-02-22,2023-02-27,Standard Class,CUST-1284,Ananya Mehta,Corporate,West,Office Supplies,Labels,2,0.0,99.42,21.87
2286,ORD-3286,2024-01-14,2024-01-20,Standard Class,CUST-1285,Myra Rao,Corporate,East,Office Supplies,Binders,9,0.1,255.57,46.0
2287,ORD-3287,2024-02-10,2024-02-14,Standard Class,CUST-1286,Riya Desai,Corporate,North,Office Supplies,Binders,6,0.2,603.95,84.55
2288,ORD-3288,2023-10-05,2023-10-11,Standard Class,CUST-1287,Sai Nair,Consumer,West,Office Supplies,Art,2,0.2,154.15,21.58
2289,ORD-3289,2023-11-25,2023-11-30,Standard Class,CUST-1288,Krishna Patel,Home Office,North,Technology,Machines,1,0.3,881.39,26.44
2290,ORD-3290,2024-06-11,2024-06-18,Standard Class,CUST-1289,Ira Nair,Corporate,East,Technology,Phones,6,0.2,3311.59,231.81
2291,ORD-3291,2024-03-22,2024-03-28,Standard Class,CUST-1290,Ananya Singh,Consumer,North,Office Supplies,Paper,5,0.15,136.92,21.91
2292,ORD-3292,2023-02-03,2023-02-07,Standard Class,CUST-1291,Kiara Iyer,Home Office,West,Technology,Accessories,2,0.0,476.84,71.53
2293,ORD-3293,2024-11-07,2024-11-11,Standard Class,CUST-1292,Rohan Chopra,Corporate,South,Office Supplies,Storage,4,0.3,31.03,3.1
2294,ORD-3294,2024-11-09,2024-11-13,Standard Class,CUST-1293,Myra Chopra,Home Office,West,Technology,Phones,5,0.0,1234.14,185.12
2295,ORD-3295,2023-10-30,2023-11-05,Standard Class,CUST-1294,Aarav Malhotra,Home Office,North,Office Supplies,Art,2,0.15,107.73,17.24
2296,ORD-3296,2023-10-17,2023-10-24,Standard Class,CUST-1295,Diya Desai,Consumer,South,Office Supplies,Labels,8,0.0,748.37,164.64
2297,ORD-3297,2023-02-19,2023-02-24,Standard Class,CUST-1296,Rohan Kumar,Consumer,North,Technology,Machines,5,0.0,5404.57,810.69
2298,ORD-3298,2024-12-29,2025-01-01,Second Class,CUST-1297,Rohan Iyer,Consumer,South,Technology,Machines,6,0.15,7634.66,687.12
2299,ORD-3299,2023-07-01,2023-07-01,Same Day,CUST-1298,Ananya Patel,Consumer,North,Office Supplies,Binders,7,0.1,361.66,65.1
2300,ORD-3300,2024-10-22,2024-10-28,Standard Class,CUST-1299,Aditya Rao,Consumer,East,Furniture,Furnishings,4,0.15,3029.94,181.8
2301,ORD-3301,2024-12-22,2024-12-22,Same Day,CUST-1300,Ananya Joshi,Consumer,North,Office Supplies,Art,1,0.1,36.17,6.51
2302,ORD-3302,2024-11-21,2024-11-21,Same Day,CUST-1301,Ira Desai,Consumer,West,Office Supplies,Storage,8,0.1,547.64,98.58
2303,ORD-3303,2023-02-15,2023-02-21,Standard Class,CUST-1302,Anika Rao,Consumer,East,Furniture,Chairs,7,0.0,4393.2,527.18
2304,ORD-3304,2024-08-23,2024-08-27,Standard Class,CUST-1303,Vihaan Joshi,Corporate,North,Office Supplies,Binders,12,0.1,1384.61,249.23
2305,ORD-3305,2024-10-08,2024-10-11,Second Class,CUST-1304,Myra Rao,Consumer,South,Office Supplies,Paper,11,0.15,406.49,65.04
2306,ORD-3306,2024-12-21,2024-12-22,First Class,CUST-1305,Diya Verma,Home Office,East,Technology,Accessories,8,0.0,9018.13,1352.72
2307,ORD-3307,2023-08-29,2023-09-05,Standard Class,CUST-1306,Reyansh Patel,Corporate,West,Office Supplies,Art,12,0.15,228.73,36.6
2308,ORD-3308,2023-01-10,2023-01-17,Standard Class,CUST-1307,Myra Verma,Consumer,East,Office Supplies,Binders,11,0.0,849.11,186.8
2309,ORD-3309,2024-02-08,2024-02-13,Standard Class,CUST-1308,Arjun Malhotra,Home Office,East,Office Supplies,Art,12,0.0,225.2,49.54
2310,ORD-3310,2024-03-09,2024-03-16,Standard Class,CUST-1309,Reyansh Nair,Consumer,West,Technology,Phones,10,0.1,5582.25,614.05
2311,ORD-3311,2023-11-24,2023-11-28,Second Class,CUST-1310,Sai Kumar,Corporate,South,Office Supplies,Binders,12,0.2,828.74,116.02
2312,ORD-3312,2024-11-25,2024-11-28,Second Class,CUST-1311,Ira Singh,Consumer,North,Office Supplies,Binders,11,0.1,1197.0,215.46
2313,ORD-3313,2023-09-19,2023-09-23,Second Class,CUST-1312,Ananya Nair,Consumer,West,Furniture,Bookcases,7,0.0,1809.67,217.16
2314,ORD-3314,2023-02-25,2023-02-27,First Class,CUST-1313,Vivaan Rao,Consumer,North,Office Supplies,Art,5,0.15,299.22,47.88
2315,ORD-3315,2024-10-08,2024-10-12,Standard Class,CUST-1314,Sai Malhotra,Home Office,East,Office Supplies,Storage,10,0.1,884.34,159.18
2316,ORD-3316,2023-11-02,2023-11-07,Standard Class,CUST-1315,Riya Desai,Consumer,East,Technology,Copiers,10,0.0,13991.5,2098.72
2317,ORD-3317,2024-08-10,2024-08-16,Standard Class,CUST-1316,Riya Singh,Home Office,West,Technology,Accessories,8,0.0,2216.61,332.49
2318,ORD-3318,2024-05-26,2024-06-01,Standard Class,CUST-1317,Diya Verma,Corporate,East,Technology,Phones,12,0.1,13289.25,1461.82
2319,ORD-3319,2023-06-08,2023-06-12,Second Class,CUST-1318,Aadhya Singh,Corporate,South,Technology,Machines,1,0.15,252.47,22.72
2320,ORD-3320,2023-08-30,2023-09-03,Second Class,CUST-1319,Reyansh Reddy,Consumer,North,Technology,Copiers,10,0.0,14176.7,2126.51
2321,ORD-3321,2023-09-30,2023-10-01,First Class,CUST-1320,Krishna Verma,Corporate,East,Office Supplies,Art,1,0.0,19.13,4.21
2322,ORD-3322,2024-07-06,2024-07-09,Second Class,CUST-1321,Ananya Kumar,Corporate,South,Office Supplies,Storage,2,0.0,83.61,18.39
2323,ORD-3323,2023-09-24,2023-09-26,Second Class,CUST-1322,Navya Nair,Corporate,South,Office Supplies,Art,7,0.0,344.2,75.72
2324,ORD-3324,2023-08-28,2023-09-02,Standard Class,CUST-1323,Myra Mehta,Consumer,South,Office Supplies,Labels,3,0.2,294.72,41.26
2325,ORD-3325,2023-12-20,2023-12-24,Standard Class,CUST-1324,Rohan Reddy,Home Office,North,Office Supplies,Labels,1,0.0,23.93,5.26
2326,ORD-3326,2023-01-28,2023-02-03,Standard Class,CUST-1325,Diya Mehta,Consumer,West,Office Supplies,Art,8,0.0,938.39,206.45
2327,ORD-3327,2024-09-13,2024-09-19,Standard Class,CUST-1326,Ira Iyer,Consumer,South,Office Supplies,Paper,11,0.0,497.84,109.52
2328,ORD-3328,2024-04-08,2024-04-14,Standard Class,CUST-1327,Ira Desai,Consumer,North,Office Supplies,Labels,7,0.0,385.29,84.76
2329,ORD-3329,2024-05-03,2024-05-07,Standard Class,CUST-1328,Ishaan Kumar,Consumer,North,Office Supplies,Paper,8,0.15,375.13,60.02
2330,ORD-3330,2023-12-07,2023-12-13,Standard Class,CUST-1329,Ira Sharma,Consumer,East,Office Supplies,Paper,11,0.0,1216.45,267.62
2331,ORD-3331,2024-03-24,2024-03-31,Standard Class,CUST-1330,Riya Singh,Consumer,South,Office Supplies,Binders,5,0.2,123.44,17.28
2332,ORD-3332,2023-07-12,2023-07-15,Second Class,CUST-1331,Ananya Singh,Corporate,North,Technology,Phones,4,0.0,5285.34,792.8
2333,ORD-3333,2024-08-07,2024-08-09,First Class,CUST-1332,Anika Iyer,Corporate,West,Office Supplies,Binders,9,0.1,675.34,121.56
2334,ORD-3334,2023-07-14,2023-07-21,Standard Class,CUST-1333,Anika Chopra,Consumer,West,Furniture,Furnishings,4,0.1,3070.88,245.67
2335,ORD-3335,2023-12-10,2023-12-14,Standard Class,CUST-1334,Vivaan Iyer,Consumer,West,Technology,Machines,12,0.2,16022.95,1121.61
2336,ORD-3336,2024-09-18,2024-09-24,Standard Class,CUST-1335,Sai Reddy,Consumer,North,Technology,Copiers,5,0.15,4539.45,408.55
2337,ORD-3337,2023-05-04,2023-05-06,First Class,CUST-1336,Ananya Kumar,Consumer,South,Furniture,Furnishings,2,0.1,1295.29,103.62
2338,ORD-3338,2023-01-08,2023-01-10,Second Class,CUST-1337,Ananya Mehta,Consumer,East,Technology,Phones,11,0.1,3889.66,427.86
2339,ORD-3339,2024-12-15,2024-12-19,Standard Class,CUST-1338,Sai Verma,Consumer,South,Technology,Phones,3,0.1,2455.72,270.13
2340,ORD-3340,2023-08-18,2023-08-18,Same Day,CUST-1339,Riya Gupta,Consumer,West,Office Supplies,Paper,5,0.0,297.05,65.35
2341,ORD-3341,2024-08-02,2024-08-07,Standard Class,CUST-1340,Anika Singh,Consumer,West,Office Supplies,Paper,7,0.0,649.18,142.82
2342,ORD-3342,2024-03-11,2024-03-11,Same Day,CUST-1341,Diya Mehta,Consumer,South,Technology,Copiers,6,0.15,7880.58,709.25
2343,ORD-3343,2023-11-23,2023-11-25,Second Class,CUST-1342,Diya Sharma,Consumer,West,Office Supplies,Art,5,0.15,204.1,32.66
2344,ORD-3344,2023-11-30,2023-12-06,Standard Class,CUST-1343,Myra Joshi,Consumer,North,Office Supplies,Labels,3,0.0,22.34,4.91
2345,ORD-3345,2023-11-07,2023-11-13,Standard Class,CUST-1344,Vihaan Verma,Corporate,North,Office Supplies,Labels,6,0.0,464.48,102.19
2346,ORD-3346,2024-03-27,2024-03-31,Standard Class,CUST-1345,Navya Mehta,Consumer,South,Furniture,Bookcases,3,0.2,526.5,21.06
2347,ORD-3347,2023-11-14,2023-11-17,Second Class,CUST-1346,Anika Sharma,Corporate,South,Furniture,Furnishings,11,0.0,2911.88,349.43
2348,ORD-3348,2023-06-18,2023-06-23,Standard Class,CUST-1347,Krishna Singh,Consumer,South,Office Supplies,Binders,6,0.1,539.89,97.18
2349,ORD-3349,2024-10-24,2024-10-28,Standard Class,CUST-1348,Ira Sharma,Consumer,West,Office Supplies,Art,1,0.2,32.79,4.59
2350,ORD-3350,2023-11-20,2023-11-24,Standard Class,CUST-1349,Riya Kumar,Corporate,North,Office Supplies,Binders,8,0.1,483.05,86.95
2351,ORD-3351,2023-04-16,2023-04-23,Standard Class,CUST-1350,Sai Kumar,Consumer,North,Technology,Machines,2,0.0,831.91,124.79
2352,ORD-3352,2024-01-14,2024-01-20,Standard Class,CUST-1351,Saanvi Mehta,Consumer,North,Technology,Accessories,9,0.15,11234.09,1011.07
2353,ORD-3353,2024-05-15,2024-05-16,First Class,CUST-1352,Krishna Verma,Consumer,North,Furniture,Furnishings,6,0.2,4030.83,161.23
2354,ORD-3354,2023-09-16,2023-09-21,Standard Class,CUST-1353,Sai Nair,Consumer,West,Office Supplies,Storage,5,0.15,213.32,34.13
2355,ORD-3355,2024-09-02,2024-09-09,Standard Class,CUST-1354,Krishna Desai,Corporate,West,Office Supplies,Labels,12,0.1,804.74,144.85
2356,ORD-3356,2024-09-09,2024-09-10,First Class,CUST-1355,Sai Patel,Corporate,East,Furniture,Tables,3,0.2,2114.26,84.57
2357,ORD-3357,2023-11-15,2023-11-20,Standard Class,CUST-1356,Vihaan Singh,Corporate,West,Technology,Phones,6,0.0,3373.03,505.95
2358,ORD-3358,2023-08-01,2023-08-03,First Class,CUST-1357,Riya Joshi,Consumer,West,Technology,Machines,6,0.0,8719.36,1307.9
2359,ORD-3359,2023-01-07,2023-01-12,Standard Class,CUST-1358,Anika Desai,Consumer,West,Office Supplies,Binders,3,0.0,166.32,36.59
2360,ORD-3360,2023-08-05,2023-08-12,Standard Class,CUST-1359,Kiara Singh,Consumer,West,Technology,Accessories,4,0.2,2635.0,184.45
2361,ORD-3361,2023-12-10,2023-12-16,Standard Class,CUST-1360,Kiara Joshi,Corporate,West,Technology,Machines,12,0.3,11408.05,342.24
2362,ORD-3362,2023-03-16,2023-03-18,First Class,CUST-1361,Saanvi Nair,Consumer,South,Office Supplies,Art,9,0.0,888.51,195.47
2363,ORD-3363,2024-10-26,2024-10-30,Standard Class,CUST-1362,Vihaan Desai,Consumer,South,Office Supplies,Paper,12,0.1,334.48,60.21
2364,ORD-3364,2023-11-06,2023-11-13,Standard Class,CUST-1363,Ananya Malhotra,Consumer,North,Office Supplies,Paper,11,0.0,976.03,214.73
2365,ORD-3365,2023-06-11,2023-06-15,Standard Class,CUST-1364,Anika Rao,Home Office,North,Furniture,Chairs,12,0.3,7478.39,0.0
2366,ORD-3366,2023-10-10,2023-10-17,Standard Class,CUST-1365,Myra Singh,Corporate,East,Furniture,Furnishings,5,0.0,3717.39,446.09
2367,ORD-3367,2024-05-27,2024-06-01,Standard Class,CUST-1366,Arjun Nair,Consumer,North,Technology,Machines,11,0.1,13882.68,1527.09
2368,ORD-3368,2023-04-18,2023-04-22,Standard Class,CUST-1367,Krishna Reddy,Home Office,East,Office Supplies,Art,1,0.0,19.42,4.27
2369,ORD-3369,2023-01-19,2023-01-19,Same Day,CUST-1368,Myra Joshi,Consumer,East,Technology,Phones,6,0.0,4919.48,737.92
2370,ORD-3370,2024-03-04,2024-03-09,Standard Class,CUST-1369,Krishna Iyer,Consumer,West,Office Supplies,Paper,4,0.3,305.32,30.53
2371,ORD-3371,2023-07-19,2023-07-25,Standard Class,CUST-1370,Saanvi Gupta,Home Office,East,Technology,Phones,7,0.3,6160.51,184.82
2372,ORD-3372,2024-10-30,2024-11-04,Standard Class,CUST-1371,Sai Iyer,Corporate,East,Office Supplies,Labels,4,0.0,429.29,94.44
2373,ORD-3373,2024-08-11,2024-08-17,Standard Class,CUST-1372,Riya Joshi,Consumer,East,Technology,Machines,11,0.0,14039.83,2105.97
2374,ORD-3374,2024-10-18,2024-10-24,Standard Class,CUST-1373,Vivaan Sharma,Corporate,East,Technology,Machines,8,0.15,6740.65,606.66
2375,ORD-3375,2024-02-14,2024-02-20,Standard Class,CUST-1374,Diya Joshi,Home Office,East,Office Supplies,Art,1,0.1,107.27,19.31
2376,ORD-3376,2023-02-02,2023-02-07,Standard Class,CUST-1375,Aditya Malhotra,Corporate,North,Furniture,Furnishings,4,0.0,2832.1,339.85
2377,ORD-3377,2024-08-17,2024-08-24,Standard Class,CUST-1376,Ira Joshi,Consumer,North,Furniture,Bookcases,4,0.0,3563.87,427.66
2378,ORD-3378,2024-01-28,2024-02-02,Standard Class,CUST-1377,Saanvi Nair,Corporate,East,Furniture,Furnishings,4,0.2,1013.34,40.53
2379,ORD-3379,2023-01-08,2023-01-14,Standard Class,CUST-1378,Kiara Desai,Corporate,North,Office Supplies,Labels,12,0.15,498.07,79.69
2380,ORD-3380,2023-01-12,2023-01-15,Second Class,CUST-1379,Krishna Joshi,Corporate,West,Technology,Copiers,6,0.1,2196.79,241.65
2381,ORD-3381,2023-09-02,2023-09-09,Standard Class,CUST-1380,Anika Malhotra,Consumer,North,Furniture,Chairs,7,0.0,3309.1,397.09
2382,ORD-3382,2023-10-29,2023-11-05,Standard Class,CUST-1381,Rohan Mehta,Consumer,West,Office Supplies,Art,1,0.0,14.83,3.26
2383,ORD-3383,2024-12-11,2024-12-18,Standard Class,CUST-1382,Anika Mehta,Consumer,West,Furniture,Chairs,12,0.15,9469.34,568.16
2384,ORD-3384,2023-04-12,2023-04-18,Standard Class,CUST-1383,Ishaan Verma,Consumer,North,Technology,Phones,3,0.0,1506.13,225.92
2385,ORD-3385,2023-08-11,2023-08-17,Standard Class,CUST-1384,Ishaan Verma,Home Office,East,Furniture,Chairs,10,0.1,7865.84,629.27
2386,ORD-3386,2024-07-09,2024-07-14,Standard Class,CUST-1385,Aditya Desai,Consumer,West,Furniture,Bookcases,8,0.0,3285.76,394.29
2387,ORD-3387,2023-04-27,2023-05-01,Second Class,CUST-1386,Anika Joshi,Home Office,North,Furniture,Tables,11,0.3,1521.87,-0.0
2388,ORD-3388,2024-03-08,2024-03-14,Standard Class,CUST-1387,Saanvi Chopra,Consumer,North,Office Supplies,Storage,1,0.3,95.93,9.59
2389,ORD-3389,2023-07-30,2023-08-04,Standard Class,CUST-1388,Myra Reddy,Home Office,East,Office Supplies,Binders,5,0.2,532.99,74.62
2390,ORD-3390,2023-03-05,2023-03-07,Second Class,CUST-1389,Aadhya Desai,Corporate,West,Technology,Accessories,9,0.3,6567.18,197.02
2391,ORD-3391,2024-09-20,2024-09-27,Standard Class,CUST-1390,Myra Patel,Consumer,North,Office Supplies,Art,7,0.0,186.6,41.05
2392,ORD-3392,2023-01-10,2023-01-14,Second Class,CUST-1391,Reyansh Iyer,Consumer,West,Office Supplies,Storage,11,0.1,327.92,59.03
2393,ORD-3393,2024-12-01,2024-12-06,Standard Class,CUST-1392,Riya Rao,Corporate,South,Office Supplies,Binders,11,0.0,627.88,138.13
2394,ORD-3394,2023-04-20,2023-04-27,Standard Class,CUST-1393,Myra Singh,Corporate,South,Technology,Machines,4,0.2,5562.2,389.35
2395,ORD-3395,2024-09-09,2024-09-09,Same Day,CUST-1394,Krishna Verma,Consumer,North,Office Supplies,Storage,11,0.0,943.52,207.57
2396,ORD-3396,2024-04-30,2024-05-06,Standard Class,CUST-1395,Kiara Patel,Corporate,West,Furniture,Bookcases,11,0.0,1041.0,124.92
2397,ORD-3397,2023-06-06,2023-06-13,Standard Class,CUST-1396,Saanvi Singh,Consumer,East,Office Supplies,Paper,12,0.0,895.73,197.06
2398,ORD-3398,2023-04-03,2023-04-08,Standard Class,CUST-1397,Ira Sharma,Consumer,West,Furniture,Furnishings,9,0.0,7930.81,951.7
2399,ORD-3399,2023-05-01,2023-05-02,First Class,CUST-1398,Sai Singh,Consumer,East,Office Supplies,Labels,4,0.1,102.12,18.38
2400,ORD-3400,2024-03-15,2024-03-22,Standard Class,CUST-1399,Reyansh Patel,Home Office,North,Office Supplies,Binders,3,0.0,259.4,57.07
2401,ORD-3401,2023-09-18,2023-09-25,Standard Class,CUST-1000,Ishaan Gupta,Corporate,West,Office Supplies,Storage,1,0.0,32.42,7.13
2402,ORD-3402,2023-05-27,2023-05-27,Same Day,CUST-1001,Ananya Singh,Consumer,West,Office Supplies,Labels,11,0.0,57.77,12.71
2403,ORD-3403,2024-02-09,2024-02-14,Standard Class,CUST-1002,Krishna Kumar,Corporate,West,Office Supplies,Art,12,0.2,604.18,84.59
2404,ORD-3404,2023-03-29,2023-04-04,Standard Class,CUST-1003,Vihaan Sharma,Consumer,North,Office Supplies,Binders,8,0.0,383.12,84.29
2405,ORD-3405,2023-10-23,2023-10-29,Standard Class,CUST-1004,Krishna Rao,Home Office,West,Furniture,Tables,3,0.1,2395.53,191.64
2406,ORD-3406,2024-08-12,2024-08-12,Same Day,CUST-1005,Diya Kumar,Consumer,East,Technology,Accessories,8,0.0,7568.46,1135.27
2407,ORD-3407,2023-05-24,2023-05-29,Standard Class,CUST-1006,Ira Singh,Consumer,North,Furniture,Tables,2,0.15,1602.17,96.13
2408,ORD-3408,2023-07-22,2023-07-28,Standard Class,CUST-1007,Reyansh Iyer,Corporate,North,Office Supplies,Paper,1,0.0,71.11,15.64
2409,ORD-3409,2023-02-01,2023-02-05,Standard Class,CUST-1008,Diya Reddy,Consumer,South,Technology,Phones,11,0.2,13321.86,932.53
2410,ORD-3410,2024-06-07,2024-06-13,Standard Class,CUST-1009,Arjun Chopra,Consumer,East,Furniture,Tables,9,0.15,2663.36,159.8
2411,ORD-3411,2023-12-29,2023-12-31,First Class,CUST-1010,Krishna Singh,Consumer,North,Office Supplies,Storage,12,0.0,1125.09,247.52
2412,ORD-3412,2023-08-27,2023-08-27,Same Day,CUST-1011,Riya Reddy,Corporate,East,Technology,Copiers,6,0.0,2430.66,364.6
2413,ORD-3413,2024-12-02,2024-12-03,First Class,CUST-1012,Myra Mehta,Consumer,South,Office Supplies,Art,11,0.1,87.07,15.67
2414,ORD-3414,2023-10-21,2023-10-27,Standard Class,CUST-1013,Sai Rao,Consumer,South,Furniture,Furnishings,5,0.0,2239.94,268.79
2415,ORD-3415,2023-05-31,2023-06-01,First Class,CUST-1014,Riya Joshi,Home Office,West,Office Supplies,Art,10,0.2,821.54,115.02
2416,ORD-3416,2023-05-13,2023-05-17,Standard Class,CUST-1015,Ira Sharma,Corporate,South,Furniture,Chairs,4,0.3,1227.76,0.0
2417,ORD-3417,2023-09-27,2023-09-30,Second Class,CUST-1016,Navya Malhotra,Home Office,South,Technology,Copiers,2,0.0,953.83,143.07
2418,ORD-3418,2024-10-13,2024-10-16,Second Class,CUST-1017,Aadhya Iyer,Home Office,North,Technology,Machines,5,0.15,574.57,51.71
2419,ORD-3419,2023-01-25,2023-01-31,Standard Class,CUST-1018,Navya Sharma,Consumer,West,Technology,Phones,7,0.0,1082.43,162.36
2420,ORD-3420,2023-11-13,2023-11-18,Standard Class,CUST-1019,Rohan Chopra,Home Office,North,Furniture,Chairs,7,0.0,2022.95,242.75
2421,ORD-3421,2023-12-26,2023-12-30,Standard Class,CUST-1020,Rohan Nair,Corporate,South,Office Supplies,Labels,7,0.3,356.72,35.67
2422,ORD-3422,2024-09-08,2024-09-09,First Class,CUST-1021,Saanvi Reddy,Consumer,North,Technology,Phones,3,0.0,2572.4,385.86
2423,ORD-3423,2023-11-12,2023-11-19,Standard Class,CUST-1022,Aadhya Joshi,Corporate,South,Furniture,Chairs,5,0.3,2158.71,0.0
2424,ORD-3424,2024-10-02,2024-10-08,Standard Class,CUST-1023,Kiara Nair,Corporate,West,Furniture,Tables,8,0.0,1019.89,122.39
2425,ORD-3425,2024-01-24,2024-01-29,Standard Class,CUST-1024,Navya Singh,Consumer,South,Technology,Accessories,3,0.2,3685.39,257.98
2426,ORD-3426,2023-10-06,2023-10-12,Standard Class,CUST-1025,Sai Malhotra,Home Office,East,Office Supplies,Art,10,0.0,874.6,192.41
2427,ORD-3427,2024-01-29,2024-01-29,Same Day,CUST-1026,Riya Gupta,Consumer,West,Office Supplies,Art,11,0.1,740.93,133.37
2428,ORD-3428,2023-09-07,2023-09-13,Standard Class,CUST-1027,Riya Iyer,Consumer,East,Office Supplies,Art,4,0.2,38.38,5.37
2429,ORD-3429,2024-07-04,2024-07-08,Standard Class,CUST-1028,Kiara Nair,Consumer,South,Technology,Copiers,7,0.1,904.35,99.48
2430,ORD-3430,2024-01-09,2024-01-13,Standard Class,CUST-1029,Riya Iyer,Consumer,West,Furniture,Tables,1,0.0,515.38,61.85
2431,ORD-3431,2024-10-30,2024-11-02,Second Class,CUST-1030,Ishaan Malhotra,Consumer,West,Technology,Copiers,8,0.0,9968.65,1495.3
2432,ORD-3432,2023-02-26,2023-03-04,Standard Class,CUST-1031,Rohan Patel,Corporate,South,Technology,Phones,10,0.15,11337.25,1020.35
2433,ORD-3433,2023-05-16,2023-05-23,Standard Class,CUST-1032,Navya Patel,Home Office,West,Furniture,Bookcases,6,0.1,2072.14,165.77
2434,ORD-3434,2023-12-13,2023-12-18,Standard Class,CUST-1033,Ananya Singh,Consumer,West,Furniture,Bookcases,1,0.1,623.11,49.85
2435,ORD-3435,2024-08-08,2024-08-13,Standard Class,CUST-1034,Ishaan Rao,Home Office,South,Office Supplies,Binders,3,0.0,237.56,52.26
2436,ORD-3436,2024-09-16,2024-09-18,First Class,CUST-1035,Ishaan Kumar,Consumer,West,Furniture,Furnishings,3,0.2,1708.83,68.35
2437,ORD-3437,2023-02-17,2023-02-23,Standard Class,CUST-1036,Myra Rao,Consumer,South,Technology,Phones,8,0.0,3627.04,544.06
2438,ORD-3438,2024-08-23,2024-08-25,First Class,CUST-1037,Myra Malhotra,Consumer,North,Office Supplies,Labels,3,0.0,75.7,16.65
2439,ORD-3439,2024-09-19,2024-09-23,Standard Class,CUST-1038,Vivaan Sharma,Consumer,North,Office Supplies,Paper,9,0.0,268.31,59.03
2440,ORD-3440,2024-05-06,2024-05-10,Standard Class,CUST-1039,Rohan Verma,Corporate,North,Technology,Accessories,9,0.1,8952.39,984.76
2441,ORD-3441,2023-02-10,2023-02-15,Standard Class,CUST-1040,Vihaan Patel,Consumer,West,Office Supplies,Labels,7,0.0,510.05,112.21
2442,ORD-3442,2023-08-25,2023-08-31,Standard Class,CUST-1041,Aadhya Joshi,Corporate,West,Technology,Machines,7,0.3,2321.37,69.64
2443,ORD-3443,2024-05-08,2024-05-14,Standard Class,CUST-1042,Rohan Nair,Home Office,West,Technology,Machines,4,0.1,1918.32,211.02
2444,ORD-3444,2024-12-01,2024-12-07,Standard Class,CUST-1043,Ananya Reddy,Consumer,West,Office Supplies,Binders,4,0.0,224.02,49.28
2445,ORD-3445,2024-12-08,2024-12-12,Standard Class,CUST-1044,Krishna Chopra,Corporate,South,Office Supplies,Art,9,0.2,554.53,77.63
2446,ORD-3446,2024-03-29,2024-04-02,Second Class,CUST-1045,Vivaan Patel,Consumer,South,Office Supplies,Labels,1,0.0,86.07,18.94
2447,ORD-3447,2023-11-18,2023-11-25,Standard Class,CUST-1046,Anika Sharma,Consumer,West,Furniture,Bookcases,3,0.2,267.8,10.71
2448,ORD-3448,2023-05-18,2023-05-18,Same Day,CUST-1047,Sai Nair,Consumer,West,Furniture,Tables,6,0.0,2633.99,316.08
2449,ORD-3449,2023-03-22,2023-03-27,Standard Class,CUST-1048,Ananya Kumar,Consumer,South,Technology,Phones,5,0.2,1770.07,123.9
2450,ORD-3450,2024-12-12,2024-12-16,Standard Class,CUST-1049,Kiara Reddy,Consumer,East,Furniture,Furnishings,7,0.0,6022.04,722.64
2451,ORD-3451,2023-08-07,2023-08-09,First Class,CUST-1050,Aarav Verma,Consumer,North,Office Supplies,Binders,11,0.0,421.12,92.65
2452,ORD-3452,2024-03-01,2024-03-05,Standard Class,CUST-1051,Sai Desai,Consumer,East,Office Supplies,Labels,11,0.0,162.54,35.76
2453,ORD-3453,2023-03-27,2023-04-02,Standard Class,CUST-1052,Aditya Desai,Home Office,East,Technology,Phones,6,0.1,6263.55,688.99
2454,ORD-3454,2023-06-04,2023-06-04,Same Day,CUST-1053,Myra Iyer,Corporate,East,Furniture,Bookcases,10,0.2,4120.56,164.82
2455,ORD-3455,2023-11-21,2023-11-23,First Class,CUST-1054,Vivaan Nair,Consumer,North,Office Supplies,Paper,10,0.0,812.36,178.72
2456,ORD-3456,2023-12-12,2023-12-16,Standard Class,CUST-1055,Vihaan Patel,Consumer,West,Technology,Accessories,9,0.0,5444.01,816.6
2457,ORD-3457,2024-11-18,2024-11-24,Standard Class,CUST-1056,Navya Nair,Corporate,South,Technology,Phones,6,0.0,6686.86,1003.03
2458,ORD-3458,2024-10-01,2024-10-04,Second Class,CUST-1057,Anika Kumar,Consumer,North,Furniture,Furnishings,1,0.2,614.74,24.59
2459,ORD-3459,2023-07-01,2023-07-05,Standard Class,CUST-1058,Aditya Nair,Consumer,North,Office Supplies,Art,12,0.2,711.37,99.59
2460,ORD-3460,2024-11-06,2024-11-08,First Class,CUST-1059,Krishna Nair,Corporate,South,Furniture,Furnishings,6,0.1,3218.23,257.46
2461,ORD-3461,2023-04-18,2023-04-22,Standard Class,CUST-1060,Aarav Malhotra,Corporate,South,Furniture,Furnishings,8,0.1,3372.37,269.79
2462,ORD-3462,2024-04-29,2024-05-04,Standard Class,CUST-1061,Anika Joshi,Consumer,North,Office Supplies,Storage,7,0.0,423.19,93.1
2463,ORD-3463,2023-07-01,2023-07-08,Standard Class,CUST-1062,Riya Malhotra,Consumer,North,Office Supplies,Binders,3,0.15,66.53,10.64
2464,ORD-3464,2023-07-20,2023-07-26,Standard Class,CUST-1063,Anika Joshi,Corporate,West,Technology,Machines,10,0.1,1117.06,122.88
2465,ORD-3465,2024-10-05,2024-10-09,Second Class,CUST-1064,Sai Reddy,Consumer,South,Technology,Phones,7,0.0,2544.21,381.63
2466,ORD-3466,2023-06-02,2023-06-04,First Class,CUST-1065,Sai Chopra,Home Office,West,Furniture,Chairs,1,0.0,682.88,81.95
2467,ORD-3467,2024-09-29,2024-10-04,Standard Class,CUST-1066,Aadhya Gupta,Corporate,North,Office Supplies,Art,10,0.2,917.42,128.44
2468,ORD-3468,2024-01-20,2024-01-26,Standard Class,CUST-1067,Ishaan Reddy,Corporate,North,Furniture,Chairs,1,0.0,740.16,88.82
2469,ORD-3469,2024-10-27,2024-11-02,Standard Class,CUST-1068,Vihaan Malhotra,Corporate,South,Furniture,Tables,1,0.0,885.44,106.25
2470,ORD-3470,2024-07-31,2024-08-02,Second Class,CUST-1069,Ananya Rao,Consumer,North,Furniture,Furnishings,11,0.15,6995.77,419.75
2471,ORD-3471,2023-10-10,2023-10-15,Standard Class,CUST-1070,Rohan Iyer,Corporate,West,Furniture,Bookcases,10,0.15,8419.02,505.14
2472,ORD-3472,2024-04-26,2024-04-30,Standard Class,CUST-1071,Ishaan Reddy,Consumer,South,Office Supplies,Binders,2,0.0,11.01,2.42
2473,ORD-3473,2024-05-17,2024-05-22,Standard Class,CUST-1072,Rohan Sharma,Corporate,South,Technology,Phones,7,0.0,3653.85,548.08
2474,ORD-3474,2023-08-18,2023-08-20,First Class,CUST-1073,Vivaan Verma,Consumer,South,Furniture,Bookcases,4,0.2,1316.64,52.67
2475,ORD-3475,2023-05-06,2023-05-09,Second Class,CUST-1074,Aditya Kumar,Home Office,West,Technology,Phones,1,0.0,469.77,70.47
2476,ORD-3476,2024-10-09,2024-10-14,Standard Class,CUST-1075,Ira Desai,Consumer,West,Technology,Machines,4,0.15,2809.96,252.9
2477,ORD-3477,2024-04-03,2024-04-10,Standard Class,CUST-1076,Diya Gupta,Corporate,South,Office Supplies,Binders,4,0.0,192.72,42.4
2478,ORD-3478,2023-03-24,2023-03-27,Second Class,CUST-1077,Rohan Mehta,Consumer,West,Technology,Accessories,2,0.0,2966.55,444.98
2479,ORD-3479,2024-08-15,2024-08-18,Second Class,CUST-1078,Aditya Joshi,Consumer,North,Office Supplies,Art,5,0.1,564.56,101.62
2480,ORD-3480,2024-01-12,2024-01-19,Standard Class,CUST-1079,Krishna Malhotra,Home Office,East,Office Supplies,Binders,11,0.1,185.61,33.41
2481,ORD-3481,2023-02-17,2023-02-22,Standard Class,CUST-1080,Anika Kumar,Consumer,North,Furniture,Tables,11,0.0,7725.28,927.03
2482,ORD-3482,2024-11-05,2024-11-06,First Class,CUST-1081,Aadhya Desai,Consumer,North,Furniture,Bookcases,7,0.1,2930.35,234.43
2483,ORD-3483,2023-06-14,2023-06-19,Standard Class,CUST-1082,Anika Sharma,Home Office,South,Office Supplies,Art,6,0.0,716.94,157.73
2484,ORD-3484,2023-02-14,2023-02-19,Standard Class,CUST-1083,Myra Sharma,Corporate,North,Office Supplies,Labels,11,0.3,466.69,46.67
2485,ORD-3485,2024-07-30,2024-08-06,Standard Class,CUST-1084,Anika Desai,Home Office,East,Technology,Copiers,11,0.0,1634.94,245.24
2486,ORD-3486,2024-06-20,2024-06-22,First Class,CUST-1085,Diya Gupta,Consumer,West,Office Supplies,Binders,9,0.0,435.64,95.84
2487,ORD-3487,2024-09-03,2024-09-09,Standard Class,CUST-1086,Reyansh Verma,Home Office,East,Furniture,Furnishings,1,0.15,513.06,30.78
2488,ORD-3488,2024-04-11,2024-04-16,Standard Class,CUST-1087,Reyansh Patel,Home Office,North,Technology,Machines,7,0.15,3990.03,359.1
2489,ORD-3489,2023-07-07,2023-07-13,Standard Class,CUST-1088,Aadhya Patel,Consumer,North,Technology,Phones,1,0.1,1292.05,142.13
2490,ORD-3490,2024-06-27,2024-07-04,Standard Class,CUST-1089,Ananya Chopra,Consumer,East,Technology,Accessories,4,0.2,4194.96,293.65
2491,ORD-3491,2023-03-24,2023-03-27,Second Class,CUST-1090,Reyansh Chopra,Consumer,West,Office Supplies,Binders,2,0.2,45.52,6.37
2492,ORD-3492,2023-10-04,2023-10-06,First Class,CUST-1091,Myra Kumar,Consumer,East,Technology,Machines,3,0.1,310.14,34.12
2493,ORD-3493,2023-05-19,2023-05-21,Second Class,CUST-1092,Saanvi Patel,Corporate,South,Furniture,Furnishings,1,0.0,706.46,84.78
2494,ORD-3494,2024-09-06,2024-09-11,Standard Class,CUST-1093,Ananya Joshi,Consumer,South,Office Supplies,Art,5,0.0,217.11,47.76
2495,ORD-3495,2024-08-09,2024-08-14,Standard Class,CUST-1094,Aadhya Joshi,Consumer,West,Furniture,Furnishings,1,0.0,161.09,19.33
2496,ORD-3496,2024-07-24,2024-07-26,First Class,CUST-1095,Navya Joshi,Corporate,East,Furniture,Tables,10,0.2,4796.67,191.87
2497,ORD-3497,2023-07-11,2023-07-15,Standard Class,CUST-1096,Myra Patel,Consumer,West,Technology,Phones,11,0.1,5363.03,589.93
2498,ORD-3498,2024-08-16,2024-08-20,Standard Class,CUST-1097,Vivaan Chopra,Consumer,North,Furniture,Bookcases,2,0.2,379.55,15.18
2499,ORD-3499,2023-03-19,2023-03-25,Standard Class,CUST-1098,Aadhya Nair,Consumer,West,Office Supplies,Binders,6,0.0,439.09,96.6
2500,ORD-3500,2023-02-09,2023-02-15,Standard Class,CUST-1099,Myra Chopra,Home Office,South,Office Supplies,Storage,5,0.2,375.27,52.54
